time,class_name,file_path,sharpness,brightness,capture_type,save_mode,roi_x,roi_y,roi_size,saved_width,saved_height
2026-06-15 17:57:02,待分拣,D:\Garbage Classification\Garbage_Classification_Organized\dataset\待分拣\待分拣_0001.jpg,29.69,132.95,auto,roi_crop,350,65,558,558,558
2026-06-15 17:57:03,待分拣,D:\Garbage Classification\Garbage_Classification_Organized\dataset\待分拣\待分拣_0002.jpg,27.84,137.26,auto,roi_crop,350,65,558,558,558
2026-06-15 17:57:04,待分拣,D:\Garbage Classification\Garbage_Classification_Organized\dataset\待分拣\待分拣_0003.jpg,29.73,137.35,auto,roi_crop,350,65,558,558,558
2026-06-15 17:57:05,待分拣,D:\Garbage Classification\Garbage_Classification_Organized\dataset\待分拣\待分拣_0004.jpg,29.37,136.76,auto,roi_crop,350,65,558,558,558
2026-06-15 17:57:06,待分拣,D:\Garbage Classification\Garbage_Classification_Organized\dataset\待分拣\待分拣_0005.jpg,28.96,136.35,auto,roi_crop,350,65,558,558,558
2026-06-15 17:57:07,待分拣,D:\Garbage Classification\Garbage_Classification_Organized\dataset\待分拣\待分拣_0006.jpg,26.45,133.61,auto,roi_crop,350,65,558,558,558
2026-06-15 17:57:08,待分拣,D:\Garbage Classification\Garbage_Classification_Organized\dataset\待分拣\待分拣_0007.jpg,26.85,132.01,auto,roi_crop,350,65,558,558,558
2026-06-15 17:57:09,待分拣,D:\Garbage Classification\Garbage_Classification_Organized\dataset\待分拣\待分拣_0008.jpg,22.44,124.92,auto,roi_crop,350,65,558,558,558
2026-06-15 17:57:10,待分拣,D:\Garbage Classification\Garbage_Classification_Organized\dataset\待分拣\待分拣_0009.jpg,24.34,125.09,auto,roi_crop,350,65,558,558,558
2026-06-15 17:57:11,待分拣,D:\Garbage Classification\Garbage_Classification_Organized\dataset\待分拣\待分拣_0010.jpg,15.04,125.61,auto,roi_crop,350,65,558,558,558
2026-06-15 17:57:12,待分拣,D:\Garbage Classification\Garbage_Classification_Organized\dataset\待分拣\待分拣_0011.jpg,13.55,125.43,auto,roi_crop,350,65,558,558,558
2026-06-15 17:57:13,待分拣,D:\Garbage Classification\Garbage_Classification_Organized\dataset\待分拣\待分拣_0012.jpg,18.20,124.60,auto,roi_crop,350,65,558,558,558
2026-06-15 17:57:14,待分拣,D:\Garbage Classification\Garbage_Classification_Organized\dataset\待分拣\待分拣_0013.jpg,16.90,125.38,auto,roi_crop,350,65,558,558,558
2026-06-15 17:57:16,待分拣,D:\Garbage Classification\Garbage_Classification_Organized\dataset\待分拣\待分拣_0014.jpg,10.08,124.79,auto,roi_crop,350,65,558,558,558
2026-06-15 17:57:17,待分拣,D:\Garbage Classification\Garbage_Classification_Organized\dataset\待分拣\待分拣_0015.jpg,11.68,127.36,auto,roi_crop,350,65,558,558,558
2026-06-15 17:57:18,待分拣,D:\Garbage Classification\Garbage_Classification_Organized\dataset\待分拣\待分拣_0016.jpg,11.50,129.07,auto,roi_crop,350,65,558,558,558
2026-06-15 17:57:20,待分拣,D:\Garbage Classification\Garbage_Classification_Organized\dataset\待分拣\待分拣_0017.jpg,11.79,129.31,auto,roi_crop,350,65,558,558,558
2026-06-15 17:57:21,待分拣,D:\Garbage Classification\Garbage_Classification_Organized\dataset\待分拣\待分拣_0018.jpg,37.89,130.49,auto,roi_crop,350,65,558,558,558
2026-06-15 17:57:22,待分拣,D:\Garbage Classification\Garbage_Classification_Organized\dataset\待分拣\待分拣_0019.jpg,29.27,131.06,auto,roi_crop,350,65,558,558,558
2026-06-15 17:57:23,待分拣,D:\Garbage Classification\Garbage_Classification_Organized\dataset\待分拣\待分拣_0020.jpg,49.93,131.16,auto,roi_crop,350,65,558,558,558
2026-06-15 17:57:24,待分拣,D:\Garbage Classification\Garbage_Classification_Organized\dataset\待分拣\待分拣_0021.jpg,11.79,130.27,auto,roi_crop,350,65,558,558,558
2026-06-15 17:57:25,待分拣,D:\Garbage Classification\Garbage_Classification_Organized\dataset\待分拣\待分拣_0022.jpg,10.96,130.20,auto,roi_crop,350,65,558,558,558
2026-06-15 17:57:26,待分拣,D:\Garbage Classification\Garbage_Classification_Organized\dataset\待分拣\待分拣_0023.jpg,11.49,134.63,auto,roi_crop,350,65,558,558,558
2026-06-15 17:57:28,待分拣,D:\Garbage Classification\Garbage_Classification_Organized\dataset\待分拣\待分拣_0024.jpg,19.69,126.88,auto,roi_crop,350,65,558,558,558
2026-06-15 17:57:29,待分拣,D:\Garbage Classification\Garbage_Classification_Organized\dataset\待分拣\待分拣_0025.jpg,11.15,127.24,auto,roi_crop,350,65,558,558,558
2026-06-15 17:57:30,待分拣,D:\Garbage Classification\Garbage_Classification_Organized\dataset\待分拣\待分拣_0026.jpg,10.54,125.99,auto,roi_crop,350,65,558,558,558
2026-06-15 17:57:31,待分拣,D:\Garbage Classification\Garbage_Classification_Organized\dataset\待分拣\待分拣_0027.jpg,18.86,125.29,auto,roi_crop,350,65,558,558,558
2026-06-15 17:57:33,待分拣,D:\Garbage Classification\Garbage_Classification_Organized\dataset\待分拣\待分拣_0028.jpg,11.66,127.09,auto,roi_crop,350,65,558,558,558
2026-06-15 17:57:34,待分拣,D:\Garbage Classification\Garbage_Classification_Organized\dataset\待分拣\待分拣_0029.jpg,18.69,128.24,auto,roi_crop,350,65,558,558,558
2026-06-15 17:57:35,待分拣,D:\Garbage Classification\Garbage_Classification_Organized\dataset\待分拣\待分拣_0030.jpg,27.14,127.77,auto,roi_crop,350,65,558,558,558
2026-06-15 17:57:36,待分拣,D:\Garbage Classification\Garbage_Classification_Organized\dataset\待分拣\待分拣_0031.jpg,16.22,125.87,auto,roi_crop,350,65,558,558,558
2026-06-15 17:57:37,待分拣,D:\Garbage Classification\Garbage_Classification_Organized\dataset\待分拣\待分拣_0032.jpg,29.00,126.19,auto,roi_crop,350,65,558,558,558
2026-06-15 17:57:38,待分拣,D:\Garbage Classification\Garbage_Classification_Organized\dataset\待分拣\待分拣_0033.jpg,13.69,127.68,auto,roi_crop,350,65,558,558,558
2026-06-15 17:57:39,待分拣,D:\Garbage Classification\Garbage_Classification_Organized\dataset\待分拣\待分拣_0034.jpg,10.05,125.95,auto,roi_crop,350,65,558,558,558
2026-06-15 17:57:40,待分拣,D:\Garbage Classification\Garbage_Classification_Organized\dataset\待分拣\待分拣_0035.jpg,34.94,126.89,auto,roi_crop,350,65,558,558,558
2026-06-15 17:57:41,待分拣,D:\Garbage Classification\Garbage_Classification_Organized\dataset\待分拣\待分拣_0036.jpg,13.53,134.09,auto,roi_crop,350,65,558,558,558
2026-06-15 17:57:43,待分拣,D:\Garbage Classification\Garbage_Classification_Organized\dataset\待分拣\待分拣_0037.jpg,25.52,132.03,auto,roi_crop,350,65,558,558,558
2026-06-15 17:57:44,待分拣,D:\Garbage Classification\Garbage_Classification_Organized\dataset\待分拣\待分拣_0038.jpg,30.04,126.81,auto,roi_crop,350,65,558,558,558
2026-06-15 17:57:45,待分拣,D:\Garbage Classification\Garbage_Classification_Organized\dataset\待分拣\待分拣_0039.jpg,14.95,128.05,auto,roi_crop,350,65,558,558,558
2026-06-15 17:57:46,待分拣,D:\Garbage Classification\Garbage_Classification_Organized\dataset\待分拣\待分拣_0040.jpg,26.08,127.08,auto,roi_crop,350,65,558,558,558
2026-06-15 17:57:47,待分拣,D:\Garbage Classification\Garbage_Classification_Organized\dataset\待分拣\待分拣_0041.jpg,18.39,126.92,auto,roi_crop,350,65,558,558,558
2026-06-15 17:57:48,待分拣,D:\Garbage Classification\Garbage_Classification_Organized\dataset\待分拣\待分拣_0042.jpg,30.61,127.64,auto,roi_crop,350,65,558,558,558
2026-06-15 17:57:49,待分拣,D:\Garbage Classification\Garbage_Classification_Organized\dataset\待分拣\待分拣_0043.jpg,14.45,127.19,auto,roi_crop,350,65,558,558,558
2026-06-15 17:57:50,待分拣,D:\Garbage Classification\Garbage_Classification_Organized\dataset\待分拣\待分拣_0044.jpg,18.39,127.30,auto,roi_crop,350,65,558,558,558
2026-06-15 17:57:51,待分拣,D:\Garbage Classification\Garbage_Classification_Organized\dataset\待分拣\待分拣_0045.jpg,13.75,127.91,auto,roi_crop,350,65,558,558,558
2026-06-15 17:57:52,待分拣,D:\Garbage Classification\Garbage_Classification_Organized\dataset\待分拣\待分拣_0046.jpg,28.51,126.97,auto,roi_crop,350,65,558,558,558
2026-06-15 17:57:53,待分拣,D:\Garbage Classification\Garbage_Classification_Organized\dataset\待分拣\待分拣_0047.jpg,10.96,127.16,auto,roi_crop,350,65,558,558,558
2026-06-15 17:57:54,待分拣,D:\Garbage Classification\Garbage_Classification_Organized\dataset\待分拣\待分拣_0048.jpg,31.78,127.18,auto,roi_crop,350,65,558,558,558
2026-06-15 17:57:55,待分拣,D:\Garbage Classification\Garbage_Classification_Organized\dataset\待分拣\待分拣_0049.jpg,12.33,127.31,auto,roi_crop,350,65,558,558,558
2026-06-15 17:57:56,待分拣,D:\Garbage Classification\Garbage_Classification_Organized\dataset\待分拣\待分拣_0050.jpg,26.99,126.73,auto,roi_crop,350,65,558,558,558
2026-06-15 17:57:57,待分拣,D:\Garbage Classification\Garbage_Classification_Organized\dataset\待分拣\待分拣_0051.jpg,26.60,126.86,auto,roi_crop,350,65,558,558,558
2026-06-15 17:57:58,待分拣,D:\Garbage Classification\Garbage_Classification_Organized\dataset\待分拣\待分拣_0052.jpg,30.12,126.85,auto,roi_crop,350,65,558,558,558
2026-06-15 17:57:59,待分拣,D:\Garbage Classification\Garbage_Classification_Organized\dataset\待分拣\待分拣_0053.jpg,15.24,127.03,auto,roi_crop,350,65,558,558,558
2026-06-15 17:58:00,待分拣,D:\Garbage Classification\Garbage_Classification_Organized\dataset\待分拣\待分拣_0054.jpg,29.14,127.45,auto,roi_crop,350,65,558,558,558
2026-06-15 17:58:01,待分拣,D:\Garbage Classification\Garbage_Classification_Organized\dataset\待分拣\待分拣_0055.jpg,25.73,126.65,auto,roi_crop,350,65,558,558,558
2026-06-15 17:58:02,待分拣,D:\Garbage Classification\Garbage_Classification_Organized\dataset\待分拣\待分拣_0056.jpg,20.66,128.62,auto,roi_crop,350,65,558,558,558
2026-06-15 17:58:03,待分拣,D:\Garbage Classification\Garbage_Classification_Organized\dataset\待分拣\待分拣_0057.jpg,18.19,128.59,auto,roi_crop,350,65,558,558,558
2026-06-15 17:58:04,待分拣,D:\Garbage Classification\Garbage_Classification_Organized\dataset\待分拣\待分拣_0058.jpg,31.37,131.13,auto,roi_crop,350,65,558,558,558
2026-06-15 17:58:05,待分拣,D:\Garbage Classification\Garbage_Classification_Organized\dataset\待分拣\待分拣_0059.jpg,28.79,134.97,auto,roi_crop,350,65,558,558,558
2026-06-15 17:58:06,待分拣,D:\Garbage Classification\Garbage_Classification_Organized\dataset\待分拣\待分拣_0060.jpg,23.17,129.76,auto,roi_crop,350,65,558,558,558
2026-06-15 17:58:07,待分拣,D:\Garbage Classification\Garbage_Classification_Organized\dataset\待分拣\待分拣_0061.jpg,29.77,133.62,auto,roi_crop,350,65,558,558,558
2026-06-15 17:58:08,待分拣,D:\Garbage Classification\Garbage_Classification_Organized\dataset\待分拣\待分拣_0062.jpg,15.77,124.75,auto,roi_crop,350,65,558,558,558
2026-06-15 17:58:09,待分拣,D:\Garbage Classification\Garbage_Classification_Organized\dataset\待分拣\待分拣_0063.jpg,27.98,129.74,auto,roi_crop,350,65,558,558,558
2026-06-15 17:58:10,待分拣,D:\Garbage Classification\Garbage_Classification_Organized\dataset\待分拣\待分拣_0064.jpg,15.45,112.27,auto,roi_crop,350,65,558,558,558
2026-06-15 17:58:11,待分拣,D:\Garbage Classification\Garbage_Classification_Organized\dataset\待分拣\待分拣_0065.jpg,22.19,129.85,auto,roi_crop,350,65,558,558,558
2026-06-15 17:58:13,待分拣,D:\Garbage Classification\Garbage_Classification_Organized\dataset\待分拣\待分拣_0066.jpg,13.31,129.90,auto,roi_crop,350,65,558,558,558
2026-06-15 17:58:14,待分拣,D:\Garbage Classification\Garbage_Classification_Organized\dataset\待分拣\待分拣_0067.jpg,21.90,123.55,auto,roi_crop,350,65,558,558,558
2026-06-15 17:58:15,待分拣,D:\Garbage Classification\Garbage_Classification_Organized\dataset\待分拣\待分拣_0068.jpg,14.04,138.02,auto,roi_crop,350,65,558,558,558
2026-06-15 17:58:16,待分拣,D:\Garbage Classification\Garbage_Classification_Organized\dataset\待分拣\待分拣_0069.jpg,28.56,137.62,auto,roi_crop,350,65,558,558,558
2026-06-15 17:58:17,待分拣,D:\Garbage Classification\Garbage_Classification_Organized\dataset\待分拣\待分拣_0070.jpg,16.73,117.38,auto,roi_crop,350,65,558,558,558
2026-06-15 17:58:18,待分拣,D:\Garbage Classification\Garbage_Classification_Organized\dataset\待分拣\待分拣_0071.jpg,27.85,136.75,auto,roi_crop,350,65,558,558,558
2026-06-15 17:58:19,待分拣,D:\Garbage Classification\Garbage_Classification_Organized\dataset\待分拣\待分拣_0072.jpg,23.28,128.25,auto,roi_crop,350,65,558,558,558
2026-06-15 17:58:20,待分拣,D:\Garbage Classification\Garbage_Classification_Organized\dataset\待分拣\待分拣_0073.jpg,26.73,126.95,auto,roi_crop,350,65,558,558,558
2026-06-15 17:58:21,待分拣,D:\Garbage Classification\Garbage_Classification_Organized\dataset\待分拣\待分拣_0074.jpg,12.25,115.12,auto,roi_crop,350,65,558,558,558
2026-06-15 17:58:22,待分拣,D:\Garbage Classification\Garbage_Classification_Organized\dataset\待分拣\待分拣_0075.jpg,23.56,126.96,auto,roi_crop,350,65,558,558,558
2026-06-15 17:58:23,待分拣,D:\Garbage Classification\Garbage_Classification_Organized\dataset\待分拣\待分拣_0076.jpg,24.74,126.24,auto,roi_crop,350,65,558,558,558
2026-06-15 17:58:24,待分拣,D:\Garbage Classification\Garbage_Classification_Organized\dataset\待分拣\待分拣_0077.jpg,18.37,121.20,auto,roi_crop,350,65,558,558,558
2026-06-15 17:58:25,待分拣,D:\Garbage Classification\Garbage_Classification_Organized\dataset\待分拣\待分拣_0078.jpg,25.51,130.75,auto,roi_crop,350,65,558,558,558
2026-06-15 17:58:26,待分拣,D:\Garbage Classification\Garbage_Classification_Organized\dataset\待分拣\待分拣_0079.jpg,26.89,134.03,auto,roi_crop,350,65,558,558,558
2026-06-15 17:58:27,待分拣,D:\Garbage Classification\Garbage_Classification_Organized\dataset\待分拣\待分拣_0080.jpg,22.31,128.87,auto,roi_crop,350,65,558,558,558
2026-06-15 17:58:28,待分拣,D:\Garbage Classification\Garbage_Classification_Organized\dataset\待分拣\待分拣_0081.jpg,10.33,143.49,auto,roi_crop,350,65,558,558,558
2026-06-15 17:58:29,待分拣,D:\Garbage Classification\Garbage_Classification_Organized\dataset\待分拣\待分拣_0082.jpg,23.79,126.05,auto,roi_crop,350,65,558,558,558
2026-06-15 17:58:30,待分拣,D:\Garbage Classification\Garbage_Classification_Organized\dataset\待分拣\待分拣_0083.jpg,17.13,139.02,auto,roi_crop,350,65,558,558,558
2026-06-15 17:58:31,待分拣,D:\Garbage Classification\Garbage_Classification_Organized\dataset\待分拣\待分拣_0084.jpg,23.88,126.02,auto,roi_crop,350,65,558,558,558
2026-06-15 17:58:32,待分拣,D:\Garbage Classification\Garbage_Classification_Organized\dataset\待分拣\待分拣_0085.jpg,17.01,120.79,auto,roi_crop,350,65,558,558,558
2026-06-15 17:58:33,待分拣,D:\Garbage Classification\Garbage_Classification_Organized\dataset\待分拣\待分拣_0086.jpg,25.73,126.23,auto,roi_crop,350,65,558,558,558
2026-06-15 17:58:34,待分拣,D:\Garbage Classification\Garbage_Classification_Organized\dataset\待分拣\待分拣_0087.jpg,21.26,136.45,auto,roi_crop,350,65,558,558,558
2026-06-15 17:58:35,待分拣,D:\Garbage Classification\Garbage_Classification_Organized\dataset\待分拣\待分拣_0088.jpg,16.60,123.22,auto,roi_crop,350,65,558,558,558
2026-06-15 17:58:36,待分拣,D:\Garbage Classification\Garbage_Classification_Organized\dataset\待分拣\待分拣_0089.jpg,24.47,128.35,auto,roi_crop,350,65,558,558,558
2026-06-15 17:58:37,待分拣,D:\Garbage Classification\Garbage_Classification_Organized\dataset\待分拣\待分拣_0090.jpg,20.67,127.75,auto,roi_crop,350,65,558,558,558
2026-06-15 17:58:39,待分拣,D:\Garbage Classification\Garbage_Classification_Organized\dataset\待分拣\待分拣_0091.jpg,14.03,124.93,auto,roi_crop,350,65,558,558,558
2026-06-15 17:58:40,待分拣,D:\Garbage Classification\Garbage_Classification_Organized\dataset\待分拣\待分拣_0092.jpg,22.09,142.07,auto,roi_crop,350,65,558,558,558
2026-06-15 17:58:41,待分拣,D:\Garbage Classification\Garbage_Classification_Organized\dataset\待分拣\待分拣_0093.jpg,20.53,119.44,auto,roi_crop,350,65,558,558,558
2026-06-15 17:58:42,待分拣,D:\Garbage Classification\Garbage_Classification_Organized\dataset\待分拣\待分拣_0094.jpg,27.50,130.21,auto,roi_crop,350,65,558,558,558
2026-06-15 17:58:43,待分拣,D:\Garbage Classification\Garbage_Classification_Organized\dataset\待分拣\待分拣_0095.jpg,24.63,126.74,auto,roi_crop,350,65,558,558,558
2026-06-15 17:58:44,待分拣,D:\Garbage Classification\Garbage_Classification_Organized\dataset\待分拣\待分拣_0096.jpg,15.12,113.02,auto,roi_crop,350,65,558,558,558
2026-06-15 17:58:45,待分拣,D:\Garbage Classification\Garbage_Classification_Organized\dataset\待分拣\待分拣_0097.jpg,22.11,131.26,auto,roi_crop,350,65,558,558,558
2026-06-15 17:58:46,待分拣,D:\Garbage Classification\Garbage_Classification_Organized\dataset\待分拣\待分拣_0098.jpg,22.96,129.50,auto,roi_crop,350,65,558,558,558
2026-06-15 17:58:47,待分拣,D:\Garbage Classification\Garbage_Classification_Organized\dataset\待分拣\待分拣_0099.jpg,18.83,125.45,auto,roi_crop,350,65,558,558,558
2026-06-15 17:58:48,待分拣,D:\Garbage Classification\Garbage_Classification_Organized\dataset\待分拣\待分拣_0100.jpg,21.77,129.37,auto,roi_crop,350,65,558,558,558
2026-06-15 17:58:49,待分拣,D:\Garbage Classification\Garbage_Classification_Organized\dataset\待分拣\待分拣_0101.jpg,18.31,115.41,auto,roi_crop,350,65,558,558,558
2026-06-15 17:58:51,待分拣,D:\Garbage Classification\Garbage_Classification_Organized\dataset\待分拣\待分拣_0102.jpg,12.62,108.29,auto,roi_crop,350,65,558,558,558
2026-06-15 17:58:52,待分拣,D:\Garbage Classification\Garbage_Classification_Organized\dataset\待分拣\待分拣_0103.jpg,22.63,130.35,auto,roi_crop,350,65,558,558,558
2026-06-15 17:58:53,待分拣,D:\Garbage Classification\Garbage_Classification_Organized\dataset\待分拣\待分拣_0104.jpg,22.13,126.80,auto,roi_crop,350,65,558,558,558
2026-06-15 17:58:54,待分拣,D:\Garbage Classification\Garbage_Classification_Organized\dataset\待分拣\待分拣_0105.jpg,21.87,128.71,auto,roi_crop,350,65,558,558,558
2026-06-15 17:58:55,待分拣,D:\Garbage Classification\Garbage_Classification_Organized\dataset\待分拣\待分拣_0106.jpg,15.10,121.10,auto,roi_crop,350,65,558,558,558
2026-06-15 17:58:56,待分拣,D:\Garbage Classification\Garbage_Classification_Organized\dataset\待分拣\待分拣_0107.jpg,10.88,100.63,auto,roi_crop,350,65,558,558,558
2026-06-15 17:58:57,待分拣,D:\Garbage Classification\Garbage_Classification_Organized\dataset\待分拣\待分拣_0108.jpg,18.34,136.06,auto,roi_crop,350,65,558,558,558
2026-06-15 17:58:58,待分拣,D:\Garbage Classification\Garbage_Classification_Organized\dataset\待分拣\待分拣_0109.jpg,23.77,128.46,auto,roi_crop,350,65,558,558,558
2026-06-15 17:58:59,待分拣,D:\Garbage Classification\Garbage_Classification_Organized\dataset\待分拣\待分拣_0110.jpg,22.30,131.60,auto,roi_crop,350,65,558,558,558
2026-06-15 17:59:00,待分拣,D:\Garbage Classification\Garbage_Classification_Organized\dataset\待分拣\待分拣_0111.jpg,22.24,126.54,auto,roi_crop,350,65,558,558,558
2026-06-15 17:59:01,待分拣,D:\Garbage Classification\Garbage_Classification_Organized\dataset\待分拣\待分拣_0112.jpg,21.68,129.30,auto,roi_crop,350,65,558,558,558
2026-06-15 17:59:02,待分拣,D:\Garbage Classification\Garbage_Classification_Organized\dataset\待分拣\待分拣_0113.jpg,25.74,125.50,auto,roi_crop,350,65,558,558,558
2026-06-15 17:59:03,待分拣,D:\Garbage Classification\Garbage_Classification_Organized\dataset\待分拣\待分拣_0114.jpg,26.43,125.36,auto,roi_crop,350,65,558,558,558
2026-06-15 17:59:04,待分拣,D:\Garbage Classification\Garbage_Classification_Organized\dataset\待分拣\待分拣_0115.jpg,26.88,127.55,auto,roi_crop,350,65,558,558,558
2026-06-15 17:59:05,待分拣,D:\Garbage Classification\Garbage_Classification_Organized\dataset\待分拣\待分拣_0116.jpg,19.16,136.79,auto,roi_crop,350,65,558,558,558
2026-06-15 17:59:06,待分拣,D:\Garbage Classification\Garbage_Classification_Organized\dataset\待分拣\待分拣_0117.jpg,28.03,127.61,auto,roi_crop,350,65,558,558,558
2026-06-15 17:59:07,待分拣,D:\Garbage Classification\Garbage_Classification_Organized\dataset\待分拣\待分拣_0118.jpg,28.54,124.99,auto,roi_crop,350,65,558,558,558
2026-06-15 17:59:08,待分拣,D:\Garbage Classification\Garbage_Classification_Organized\dataset\待分拣\待分拣_0119.jpg,20.31,127.82,auto,roi_crop,350,65,558,558,558
2026-06-15 17:59:09,待分拣,D:\Garbage Classification\Garbage_Classification_Organized\dataset\待分拣\待分拣_0120.jpg,25.43,124.49,auto,roi_crop,350,65,558,558,558
2026-06-15 17:59:10,待分拣,D:\Garbage Classification\Garbage_Classification_Organized\dataset\待分拣\待分拣_0121.jpg,23.16,129.32,auto,roi_crop,350,65,558,558,558
2026-06-15 17:59:11,待分拣,D:\Garbage Classification\Garbage_Classification_Organized\dataset\待分拣\待分拣_0122.jpg,27.92,128.83,auto,roi_crop,350,65,558,558,558
2026-06-15 17:59:12,待分拣,D:\Garbage Classification\Garbage_Classification_Organized\dataset\待分拣\待分拣_0123.jpg,18.40,122.38,auto,roi_crop,350,65,558,558,558
2026-06-15 17:59:13,待分拣,D:\Garbage Classification\Garbage_Classification_Organized\dataset\待分拣\待分拣_0124.jpg,27.39,123.64,auto,roi_crop,350,65,558,558,558
2026-06-15 17:59:14,待分拣,D:\Garbage Classification\Garbage_Classification_Organized\dataset\待分拣\待分拣_0125.jpg,25.21,130.01,auto,roi_crop,350,65,558,558,558
2026-06-15 17:59:15,待分拣,D:\Garbage Classification\Garbage_Classification_Organized\dataset\待分拣\待分拣_0126.jpg,27.25,134.92,auto,roi_crop,350,65,558,558,558
2026-06-15 17:59:16,待分拣,D:\Garbage Classification\Garbage_Classification_Organized\dataset\待分拣\待分拣_0127.jpg,30.38,131.96,auto,roi_crop,350,65,558,558,558
2026-06-15 17:59:18,待分拣,D:\Garbage Classification\Garbage_Classification_Organized\dataset\待分拣\待分拣_0128.jpg,16.22,129.20,auto,roi_crop,350,65,558,558,558
2026-06-15 17:59:19,待分拣,D:\Garbage Classification\Garbage_Classification_Organized\dataset\待分拣\待分拣_0129.jpg,19.02,116.24,auto,roi_crop,350,65,558,558,558
2026-06-15 17:59:20,待分拣,D:\Garbage Classification\Garbage_Classification_Organized\dataset\待分拣\待分拣_0130.jpg,26.07,137.55,auto,roi_crop,350,65,558,558,558
2026-06-15 17:59:21,待分拣,D:\Garbage Classification\Garbage_Classification_Organized\dataset\待分拣\待分拣_0131.jpg,18.42,123.63,auto,roi_crop,350,65,558,558,558
2026-06-15 17:59:22,待分拣,D:\Garbage Classification\Garbage_Classification_Organized\dataset\待分拣\待分拣_0132.jpg,23.81,138.40,auto,roi_crop,350,65,558,558,558
2026-06-15 17:59:23,待分拣,D:\Garbage Classification\Garbage_Classification_Organized\dataset\待分拣\待分拣_0133.jpg,26.67,135.14,auto,roi_crop,350,65,558,558,558
2026-06-15 17:59:24,待分拣,D:\Garbage Classification\Garbage_Classification_Organized\dataset\待分拣\待分拣_0134.jpg,19.73,129.90,auto,roi_crop,350,65,558,558,558
2026-06-15 17:59:25,待分拣,D:\Garbage Classification\Garbage_Classification_Organized\dataset\待分拣\待分拣_0135.jpg,27.16,122.80,auto,roi_crop,350,65,558,558,558
2026-06-15 17:59:26,待分拣,D:\Garbage Classification\Garbage_Classification_Organized\dataset\待分拣\待分拣_0136.jpg,23.09,125.29,auto,roi_crop,350,65,558,558,558
2026-06-15 17:59:27,待分拣,D:\Garbage Classification\Garbage_Classification_Organized\dataset\待分拣\待分拣_0137.jpg,22.83,123.84,auto,roi_crop,350,65,558,558,558
2026-06-15 17:59:28,待分拣,D:\Garbage Classification\Garbage_Classification_Organized\dataset\待分拣\待分拣_0138.jpg,22.66,124.19,auto,roi_crop,350,65,558,558,558
2026-06-15 17:59:29,待分拣,D:\Garbage Classification\Garbage_Classification_Organized\dataset\待分拣\待分拣_0139.jpg,15.29,128.32,auto,roi_crop,350,65,558,558,558
2026-06-15 17:59:30,待分拣,D:\Garbage Classification\Garbage_Classification_Organized\dataset\待分拣\待分拣_0140.jpg,19.00,121.07,auto,roi_crop,350,65,558,558,558
2026-06-15 17:59:31,待分拣,D:\Garbage Classification\Garbage_Classification_Organized\dataset\待分拣\待分拣_0141.jpg,21.81,122.81,auto,roi_crop,350,65,558,558,558
2026-06-15 17:59:32,待分拣,D:\Garbage Classification\Garbage_Classification_Organized\dataset\待分拣\待分拣_0142.jpg,17.70,124.03,auto,roi_crop,350,65,558,558,558
2026-06-15 17:59:33,待分拣,D:\Garbage Classification\Garbage_Classification_Organized\dataset\待分拣\待分拣_0143.jpg,17.89,124.14,auto,roi_crop,350,65,558,558,558
2026-06-15 17:59:34,待分拣,D:\Garbage Classification\Garbage_Classification_Organized\dataset\待分拣\待分拣_0144.jpg,18.41,124.64,auto,roi_crop,350,65,558,558,558
2026-06-15 17:59:35,待分拣,D:\Garbage Classification\Garbage_Classification_Organized\dataset\待分拣\待分拣_0145.jpg,24.49,125.69,auto,roi_crop,350,65,558,558,558
2026-06-15 17:59:36,待分拣,D:\Garbage Classification\Garbage_Classification_Organized\dataset\待分拣\待分拣_0146.jpg,21.54,126.38,auto,roi_crop,350,65,558,558,558
2026-06-15 17:59:37,待分拣,D:\Garbage Classification\Garbage_Classification_Organized\dataset\待分拣\待分拣_0147.jpg,20.64,125.12,auto,roi_crop,350,65,558,558,558
2026-06-15 17:59:38,待分拣,D:\Garbage Classification\Garbage_Classification_Organized\dataset\待分拣\待分拣_0148.jpg,23.81,136.32,auto,roi_crop,350,65,558,558,558
2026-06-15 17:59:39,待分拣,D:\Garbage Classification\Garbage_Classification_Organized\dataset\待分拣\待分拣_0149.jpg,22.03,128.54,auto,roi_crop,350,65,558,558,558
2026-06-15 17:59:40,待分拣,D:\Garbage Classification\Garbage_Classification_Organized\dataset\待分拣\待分拣_0150.jpg,30.60,135.61,auto,roi_crop,350,65,558,558,558
2026-06-15 17:59:41,待分拣,D:\Garbage Classification\Garbage_Classification_Organized\dataset\待分拣\待分拣_0151.jpg,26.05,135.39,auto,roi_crop,350,65,558,558,558
2026-06-15 18:03:44,待分拣,D:\Garbage Classification\Garbage_Classification_Organized\dataset\待分拣\待分拣_0152.jpg,30.52,135.50,auto,roi_crop,350,65,558,558,558
2026-06-15 18:03:45,待分拣,D:\Garbage Classification\Garbage_Classification_Organized\dataset\待分拣\待分拣_0153.jpg,31.69,135.30,auto,roi_crop,350,65,558,558,558
2026-06-15 18:03:46,待分拣,D:\Garbage Classification\Garbage_Classification_Organized\dataset\待分拣\待分拣_0154.jpg,30.24,135.47,auto,roi_crop,350,65,558,558,558
2026-06-15 18:03:47,待分拣,D:\Garbage Classification\Garbage_Classification_Organized\dataset\待分拣\待分拣_0155.jpg,31.11,136.00,auto,roi_crop,350,65,558,558,558
2026-06-15 18:03:48,待分拣,D:\Garbage Classification\Garbage_Classification_Organized\dataset\待分拣\待分拣_0156.jpg,31.35,134.17,auto,roi_crop,350,65,558,558,558
2026-06-15 18:03:49,待分拣,D:\Garbage Classification\Garbage_Classification_Organized\dataset\待分拣\待分拣_0157.jpg,32.24,136.19,auto,roi_crop,350,65,558,558,558
2026-06-15 18:03:50,待分拣,D:\Garbage Classification\Garbage_Classification_Organized\dataset\待分拣\待分拣_0158.jpg,34.10,132.43,auto,roi_crop,350,65,558,558,558
2026-06-15 18:03:51,待分拣,D:\Garbage Classification\Garbage_Classification_Organized\dataset\待分拣\待分拣_0159.jpg,32.21,133.51,auto,roi_crop,350,65,558,558,558
2026-06-15 18:03:52,待分拣,D:\Garbage Classification\Garbage_Classification_Organized\dataset\待分拣\待分拣_0160.jpg,30.41,134.47,auto,roi_crop,350,65,558,558,558
2026-06-15 18:03:53,待分拣,D:\Garbage Classification\Garbage_Classification_Organized\dataset\待分拣\待分拣_0161.jpg,35.58,134.96,auto,roi_crop,350,65,558,558,558
2026-06-15 18:03:54,待分拣,D:\Garbage Classification\Garbage_Classification_Organized\dataset\待分拣\待分拣_0162.jpg,34.54,135.87,auto,roi_crop,350,65,558,558,558
2026-06-15 18:03:55,待分拣,D:\Garbage Classification\Garbage_Classification_Organized\dataset\待分拣\待分拣_0163.jpg,33.77,134.05,auto,roi_crop,350,65,558,558,558
2026-06-15 18:03:57,待分拣,D:\Garbage Classification\Garbage_Classification_Organized\dataset\待分拣\待分拣_0164.jpg,30.92,135.48,auto,roi_crop,350,65,558,558,558
2026-06-15 18:03:58,待分拣,D:\Garbage Classification\Garbage_Classification_Organized\dataset\待分拣\待分拣_0165.jpg,41.19,132.94,auto,roi_crop,350,65,558,558,558
2026-06-15 18:03:59,待分拣,D:\Garbage Classification\Garbage_Classification_Organized\dataset\待分拣\待分拣_0166.jpg,24.84,133.03,auto,roi_crop,350,65,558,558,558
2026-06-15 18:04:00,待分拣,D:\Garbage Classification\Garbage_Classification_Organized\dataset\待分拣\待分拣_0167.jpg,36.73,137.92,auto,roi_crop,350,65,558,558,558
2026-06-15 18:04:01,待分拣,D:\Garbage Classification\Garbage_Classification_Organized\dataset\待分拣\待分拣_0168.jpg,30.26,133.16,auto,roi_crop,350,65,558,558,558
2026-06-15 18:04:02,待分拣,D:\Garbage Classification\Garbage_Classification_Organized\dataset\待分拣\待分拣_0169.jpg,33.47,128.93,auto,roi_crop,350,65,558,558,558
2026-06-15 18:04:03,待分拣,D:\Garbage Classification\Garbage_Classification_Organized\dataset\待分拣\待分拣_0170.jpg,36.29,135.64,auto,roi_crop,350,65,558,558,558
2026-06-15 18:04:04,待分拣,D:\Garbage Classification\Garbage_Classification_Organized\dataset\待分拣\待分拣_0171.jpg,32.81,132.94,auto,roi_crop,350,65,558,558,558
2026-06-15 18:04:05,待分拣,D:\Garbage Classification\Garbage_Classification_Organized\dataset\待分拣\待分拣_0172.jpg,37.50,136.72,auto,roi_crop,350,65,558,558,558
2026-06-15 18:04:06,待分拣,D:\Garbage Classification\Garbage_Classification_Organized\dataset\待分拣\待分拣_0173.jpg,39.95,144.25,auto,roi_crop,350,65,558,558,558
2026-06-15 18:04:07,待分拣,D:\Garbage Classification\Garbage_Classification_Organized\dataset\待分拣\待分拣_0174.jpg,26.22,141.27,auto,roi_crop,350,65,558,558,558
2026-06-15 18:04:08,待分拣,D:\Garbage Classification\Garbage_Classification_Organized\dataset\待分拣\待分拣_0175.jpg,33.73,143.63,auto,roi_crop,350,65,558,558,558
2026-06-15 18:04:09,待分拣,D:\Garbage Classification\Garbage_Classification_Organized\dataset\待分拣\待分拣_0176.jpg,34.58,139.74,auto,roi_crop,350,65,558,558,558
2026-06-15 18:04:10,待分拣,D:\Garbage Classification\Garbage_Classification_Organized\dataset\待分拣\待分拣_0177.jpg,26.04,140.76,auto,roi_crop,350,65,558,558,558
2026-06-15 18:04:11,待分拣,D:\Garbage Classification\Garbage_Classification_Organized\dataset\待分拣\待分拣_0178.jpg,38.79,147.63,auto,roi_crop,350,65,558,558,558
2026-06-15 18:04:12,待分拣,D:\Garbage Classification\Garbage_Classification_Organized\dataset\待分拣\待分拣_0179.jpg,36.76,145.31,auto,roi_crop,350,65,558,558,558
2026-06-15 18:04:13,待分拣,D:\Garbage Classification\Garbage_Classification_Organized\dataset\待分拣\待分拣_0180.jpg,27.03,141.11,auto,roi_crop,350,65,558,558,558
2026-06-15 18:04:14,待分拣,D:\Garbage Classification\Garbage_Classification_Organized\dataset\待分拣\待分拣_0181.jpg,41.61,143.48,auto,roi_crop,350,65,558,558,558
2026-06-15 18:04:15,待分拣,D:\Garbage Classification\Garbage_Classification_Organized\dataset\待分拣\待分拣_0182.jpg,42.48,144.59,auto,roi_crop,350,65,558,558,558
2026-06-15 18:04:16,待分拣,D:\Garbage Classification\Garbage_Classification_Organized\dataset\待分拣\待分拣_0183.jpg,33.32,140.09,auto,roi_crop,350,65,558,558,558
2026-06-15 18:04:17,待分拣,D:\Garbage Classification\Garbage_Classification_Organized\dataset\待分拣\待分拣_0184.jpg,34.00,144.23,auto,roi_crop,350,65,558,558,558
2026-06-15 18:04:18,待分拣,D:\Garbage Classification\Garbage_Classification_Organized\dataset\待分拣\待分拣_0185.jpg,27.59,133.21,auto,roi_crop,350,65,558,558,558
2026-06-15 18:04:19,待分拣,D:\Garbage Classification\Garbage_Classification_Organized\dataset\待分拣\待分拣_0186.jpg,28.49,136.78,auto,roi_crop,350,65,558,558,558
2026-06-15 18:04:20,待分拣,D:\Garbage Classification\Garbage_Classification_Organized\dataset\待分拣\待分拣_0187.jpg,33.01,142.03,auto,roi_crop,350,65,558,558,558
2026-06-15 18:04:21,待分拣,D:\Garbage Classification\Garbage_Classification_Organized\dataset\待分拣\待分拣_0188.jpg,27.79,145.10,auto,roi_crop,350,65,558,558,558
2026-06-15 18:04:22,待分拣,D:\Garbage Classification\Garbage_Classification_Organized\dataset\待分拣\待分拣_0189.jpg,40.39,148.11,auto,roi_crop,350,65,558,558,558
2026-06-15 18:04:23,待分拣,D:\Garbage Classification\Garbage_Classification_Organized\dataset\待分拣\待分拣_0190.jpg,39.57,144.70,auto,roi_crop,350,65,558,558,558
2026-06-15 18:04:24,待分拣,D:\Garbage Classification\Garbage_Classification_Organized\dataset\待分拣\待分拣_0191.jpg,38.89,141.48,auto,roi_crop,350,65,558,558,558
2026-06-15 18:04:25,待分拣,D:\Garbage Classification\Garbage_Classification_Organized\dataset\待分拣\待分拣_0192.jpg,40.15,142.83,auto,roi_crop,350,65,558,558,558
2026-06-15 18:04:26,待分拣,D:\Garbage Classification\Garbage_Classification_Organized\dataset\待分拣\待分拣_0193.jpg,25.76,139.57,auto,roi_crop,350,65,558,558,558
2026-06-15 18:04:27,待分拣,D:\Garbage Classification\Garbage_Classification_Organized\dataset\待分拣\待分拣_0194.jpg,32.66,147.69,auto,roi_crop,350,65,558,558,558
2026-06-15 18:04:28,待分拣,D:\Garbage Classification\Garbage_Classification_Organized\dataset\待分拣\待分拣_0195.jpg,34.56,147.48,auto,roi_crop,350,65,558,558,558
2026-06-15 18:04:29,待分拣,D:\Garbage Classification\Garbage_Classification_Organized\dataset\待分拣\待分拣_0196.jpg,34.98,145.67,auto,roi_crop,350,65,558,558,558
2026-06-15 18:04:30,待分拣,D:\Garbage Classification\Garbage_Classification_Organized\dataset\待分拣\待分拣_0197.jpg,23.22,136.19,auto,roi_crop,350,65,558,558,558
2026-06-15 18:04:31,待分拣,D:\Garbage Classification\Garbage_Classification_Organized\dataset\待分拣\待分拣_0198.jpg,38.98,145.72,auto,roi_crop,350,65,558,558,558
2026-06-15 18:04:32,待分拣,D:\Garbage Classification\Garbage_Classification_Organized\dataset\待分拣\待分拣_0199.jpg,33.63,144.35,auto,roi_crop,350,65,558,558,558
2026-06-15 18:04:33,待分拣,D:\Garbage Classification\Garbage_Classification_Organized\dataset\待分拣\待分拣_0200.jpg,32.71,143.41,auto,roi_crop,350,65,558,558,558
2026-06-15 18:04:34,待分拣,D:\Garbage Classification\Garbage_Classification_Organized\dataset\待分拣\待分拣_0201.jpg,28.44,138.79,auto,roi_crop,350,65,558,558,558
2026-06-15 18:04:35,待分拣,D:\Garbage Classification\Garbage_Classification_Organized\dataset\待分拣\待分拣_0202.jpg,36.56,146.62,auto,roi_crop,350,65,558,558,558
2026-06-15 18:04:36,待分拣,D:\Garbage Classification\Garbage_Classification_Organized\dataset\待分拣\待分拣_0203.jpg,41.95,145.61,auto,roi_crop,350,65,558,558,558
2026-06-15 18:04:37,待分拣,D:\Garbage Classification\Garbage_Classification_Organized\dataset\待分拣\待分拣_0204.jpg,37.12,142.41,auto,roi_crop,350,65,558,558,558
2026-06-15 18:04:39,待分拣,D:\Garbage Classification\Garbage_Classification_Organized\dataset\待分拣\待分拣_0205.jpg,43.26,131.74,auto,roi_crop,350,65,558,558,558
2026-06-15 18:04:40,待分拣,D:\Garbage Classification\Garbage_Classification_Organized\dataset\待分拣\待分拣_0206.jpg,48.41,150.80,auto,roi_crop,350,65,558,558,558
2026-06-15 18:04:41,待分拣,D:\Garbage Classification\Garbage_Classification_Organized\dataset\待分拣\待分拣_0207.jpg,43.07,147.53,auto,roi_crop,350,65,558,558,558
2026-06-15 18:04:42,待分拣,D:\Garbage Classification\Garbage_Classification_Organized\dataset\待分拣\待分拣_0208.jpg,35.08,145.88,auto,roi_crop,350,65,558,558,558
2026-06-15 18:04:43,待分拣,D:\Garbage Classification\Garbage_Classification_Organized\dataset\待分拣\待分拣_0209.jpg,38.31,145.24,auto,roi_crop,350,65,558,558,558
2026-06-15 18:04:44,待分拣,D:\Garbage Classification\Garbage_Classification_Organized\dataset\待分拣\待分拣_0210.jpg,41.04,146.64,auto,roi_crop,350,65,558,558,558
2026-06-15 18:04:45,待分拣,D:\Garbage Classification\Garbage_Classification_Organized\dataset\待分拣\待分拣_0211.jpg,45.40,145.97,auto,roi_crop,350,65,558,558,558
2026-06-15 18:04:46,待分拣,D:\Garbage Classification\Garbage_Classification_Organized\dataset\待分拣\待分拣_0212.jpg,39.44,140.64,auto,roi_crop,350,65,558,558,558
2026-06-15 18:04:47,待分拣,D:\Garbage Classification\Garbage_Classification_Organized\dataset\待分拣\待分拣_0213.jpg,24.15,141.58,auto,roi_crop,350,65,558,558,558
2026-06-15 18:04:48,待分拣,D:\Garbage Classification\Garbage_Classification_Organized\dataset\待分拣\待分拣_0214.jpg,36.32,138.16,auto,roi_crop,350,65,558,558,558
2026-06-15 18:04:49,待分拣,D:\Garbage Classification\Garbage_Classification_Organized\dataset\待分拣\待分拣_0215.jpg,32.22,142.02,auto,roi_crop,350,65,558,558,558
2026-06-15 18:04:50,待分拣,D:\Garbage Classification\Garbage_Classification_Organized\dataset\待分拣\待分拣_0216.jpg,32.35,142.60,auto,roi_crop,350,65,558,558,558
2026-06-15 18:04:51,待分拣,D:\Garbage Classification\Garbage_Classification_Organized\dataset\待分拣\待分拣_0217.jpg,46.36,140.74,auto,roi_crop,350,65,558,558,558
2026-06-15 18:04:52,待分拣,D:\Garbage Classification\Garbage_Classification_Organized\dataset\待分拣\待分拣_0218.jpg,20.91,140.65,auto,roi_crop,350,65,558,558,558
2026-06-15 18:04:53,待分拣,D:\Garbage Classification\Garbage_Classification_Organized\dataset\待分拣\待分拣_0219.jpg,36.87,140.95,auto,roi_crop,350,65,558,558,558
2026-06-15 18:04:54,待分拣,D:\Garbage Classification\Garbage_Classification_Organized\dataset\待分拣\待分拣_0220.jpg,34.44,143.09,auto,roi_crop,350,65,558,558,558
2026-06-15 18:04:55,待分拣,D:\Garbage Classification\Garbage_Classification_Organized\dataset\待分拣\待分拣_0221.jpg,32.89,141.58,auto,roi_crop,350,65,558,558,558
2026-06-15 18:04:56,待分拣,D:\Garbage Classification\Garbage_Classification_Organized\dataset\待分拣\待分拣_0222.jpg,32.77,142.09,auto,roi_crop,350,65,558,558,558
2026-06-15 18:04:57,待分拣,D:\Garbage Classification\Garbage_Classification_Organized\dataset\待分拣\待分拣_0223.jpg,33.26,140.03,auto,roi_crop,350,65,558,558,558
2026-06-15 18:04:58,待分拣,D:\Garbage Classification\Garbage_Classification_Organized\dataset\待分拣\待分拣_0224.jpg,23.51,140.48,auto,roi_crop,350,65,558,558,558
2026-06-15 18:04:59,待分拣,D:\Garbage Classification\Garbage_Classification_Organized\dataset\待分拣\待分拣_0225.jpg,39.39,142.69,auto,roi_crop,350,65,558,558,558
2026-06-15 18:05:00,待分拣,D:\Garbage Classification\Garbage_Classification_Organized\dataset\待分拣\待分拣_0226.jpg,36.85,140.47,auto,roi_crop,350,65,558,558,558
2026-06-15 18:05:01,待分拣,D:\Garbage Classification\Garbage_Classification_Organized\dataset\待分拣\待分拣_0227.jpg,32.82,136.15,auto,roi_crop,350,65,558,558,558
2026-06-15 18:05:02,待分拣,D:\Garbage Classification\Garbage_Classification_Organized\dataset\待分拣\待分拣_0228.jpg,23.76,127.06,auto,roi_crop,350,65,558,558,558
2026-06-15 18:05:03,待分拣,D:\Garbage Classification\Garbage_Classification_Organized\dataset\待分拣\待分拣_0229.jpg,32.27,139.62,auto,roi_crop,350,65,558,558,558
2026-06-15 18:05:04,待分拣,D:\Garbage Classification\Garbage_Classification_Organized\dataset\待分拣\待分拣_0230.jpg,36.92,136.90,auto,roi_crop,350,65,558,558,558
2026-06-15 18:05:05,待分拣,D:\Garbage Classification\Garbage_Classification_Organized\dataset\待分拣\待分拣_0231.jpg,29.06,135.70,auto,roi_crop,350,65,558,558,558
2026-06-15 18:05:06,待分拣,D:\Garbage Classification\Garbage_Classification_Organized\dataset\待分拣\待分拣_0232.jpg,34.21,139.88,auto,roi_crop,350,65,558,558,558
2026-06-15 18:05:07,待分拣,D:\Garbage Classification\Garbage_Classification_Organized\dataset\待分拣\待分拣_0233.jpg,41.03,137.45,auto,roi_crop,350,65,558,558,558
2026-06-15 18:05:08,待分拣,D:\Garbage Classification\Garbage_Classification_Organized\dataset\待分拣\待分拣_0234.jpg,33.08,133.55,auto,roi_crop,350,65,558,558,558
2026-06-15 18:05:09,待分拣,D:\Garbage Classification\Garbage_Classification_Organized\dataset\待分拣\待分拣_0235.jpg,31.52,135.51,auto,roi_crop,350,65,558,558,558
2026-06-15 18:05:10,待分拣,D:\Garbage Classification\Garbage_Classification_Organized\dataset\待分拣\待分拣_0236.jpg,30.73,137.36,auto,roi_crop,350,65,558,558,558
2026-06-15 18:05:11,待分拣,D:\Garbage Classification\Garbage_Classification_Organized\dataset\待分拣\待分拣_0237.jpg,33.49,136.94,auto,roi_crop,350,65,558,558,558
2026-06-15 18:05:12,待分拣,D:\Garbage Classification\Garbage_Classification_Organized\dataset\待分拣\待分拣_0238.jpg,32.21,135.09,auto,roi_crop,350,65,558,558,558
2026-06-15 18:05:13,待分拣,D:\Garbage Classification\Garbage_Classification_Organized\dataset\待分拣\待分拣_0239.jpg,32.52,134.90,auto,roi_crop,350,65,558,558,558
2026-06-15 18:05:14,待分拣,D:\Garbage Classification\Garbage_Classification_Organized\dataset\待分拣\待分拣_0240.jpg,36.31,136.12,auto,roi_crop,350,65,558,558,558
2026-06-15 18:05:15,待分拣,D:\Garbage Classification\Garbage_Classification_Organized\dataset\待分拣\待分拣_0241.jpg,37.49,137.48,auto,roi_crop,350,65,558,558,558
2026-06-15 18:05:16,待分拣,D:\Garbage Classification\Garbage_Classification_Organized\dataset\待分拣\待分拣_0242.jpg,29.97,132.02,auto,roi_crop,350,65,558,558,558
2026-06-15 18:05:17,待分拣,D:\Garbage Classification\Garbage_Classification_Organized\dataset\待分拣\待分拣_0243.jpg,33.41,137.15,auto,roi_crop,350,65,558,558,558
2026-06-15 18:05:19,待分拣,D:\Garbage Classification\Garbage_Classification_Organized\dataset\待分拣\待分拣_0244.jpg,21.01,135.17,auto,roi_crop,350,65,558,558,558
2026-06-15 18:05:20,待分拣,D:\Garbage Classification\Garbage_Classification_Organized\dataset\待分拣\待分拣_0245.jpg,33.15,144.04,auto,roi_crop,350,65,558,558,558
2026-06-15 18:05:21,待分拣,D:\Garbage Classification\Garbage_Classification_Organized\dataset\待分拣\待分拣_0246.jpg,34.62,141.58,auto,roi_crop,350,65,558,558,558
2026-06-15 18:05:22,待分拣,D:\Garbage Classification\Garbage_Classification_Organized\dataset\待分拣\待分拣_0247.jpg,35.74,138.07,auto,roi_crop,350,65,558,558,558
2026-06-15 18:05:23,待分拣,D:\Garbage Classification\Garbage_Classification_Organized\dataset\待分拣\待分拣_0248.jpg,38.71,144.70,auto,roi_crop,350,65,558,558,558
2026-06-15 18:05:24,待分拣,D:\Garbage Classification\Garbage_Classification_Organized\dataset\待分拣\待分拣_0249.jpg,40.44,141.89,auto,roi_crop,350,65,558,558,558
2026-06-15 18:05:25,待分拣,D:\Garbage Classification\Garbage_Classification_Organized\dataset\待分拣\待分拣_0250.jpg,31.70,142.61,auto,roi_crop,350,65,558,558,558
2026-06-15 18:05:26,待分拣,D:\Garbage Classification\Garbage_Classification_Organized\dataset\待分拣\待分拣_0251.jpg,29.97,134.99,auto,roi_crop,350,65,558,558,558
2026-06-15 18:05:27,待分拣,D:\Garbage Classification\Garbage_Classification_Organized\dataset\待分拣\待分拣_0252.jpg,34.14,142.67,auto,roi_crop,350,65,558,558,558
2026-06-15 18:05:28,待分拣,D:\Garbage Classification\Garbage_Classification_Organized\dataset\待分拣\待分拣_0253.jpg,22.62,123.52,auto,roi_crop,350,65,558,558,558
2026-06-15 18:05:29,待分拣,D:\Garbage Classification\Garbage_Classification_Organized\dataset\待分拣\待分拣_0254.jpg,36.65,149.38,auto,roi_crop,350,65,558,558,558
2026-06-15 18:05:30,待分拣,D:\Garbage Classification\Garbage_Classification_Organized\dataset\待分拣\待分拣_0255.jpg,27.65,142.85,auto,roi_crop,350,65,558,558,558
2026-06-15 18:05:31,待分拣,D:\Garbage Classification\Garbage_Classification_Organized\dataset\待分拣\待分拣_0256.jpg,35.57,144.20,auto,roi_crop,350,65,558,558,558
2026-06-15 18:05:32,待分拣,D:\Garbage Classification\Garbage_Classification_Organized\dataset\待分拣\待分拣_0257.jpg,36.15,144.43,auto,roi_crop,350,65,558,558,558
2026-06-15 18:05:33,待分拣,D:\Garbage Classification\Garbage_Classification_Organized\dataset\待分拣\待分拣_0258.jpg,33.66,141.01,auto,roi_crop,350,65,558,558,558
2026-06-15 18:05:34,待分拣,D:\Garbage Classification\Garbage_Classification_Organized\dataset\待分拣\待分拣_0259.jpg,32.46,139.11,auto,roi_crop,350,65,558,558,558
2026-06-15 18:05:35,待分拣,D:\Garbage Classification\Garbage_Classification_Organized\dataset\待分拣\待分拣_0260.jpg,35.71,138.78,auto,roi_crop,350,65,558,558,558
2026-06-15 18:05:36,待分拣,D:\Garbage Classification\Garbage_Classification_Organized\dataset\待分拣\待分拣_0261.jpg,38.11,144.37,auto,roi_crop,350,65,558,558,558
2026-06-15 18:05:37,待分拣,D:\Garbage Classification\Garbage_Classification_Organized\dataset\待分拣\待分拣_0262.jpg,37.60,145.47,auto,roi_crop,350,65,558,558,558
2026-06-15 18:05:38,待分拣,D:\Garbage Classification\Garbage_Classification_Organized\dataset\待分拣\待分拣_0263.jpg,35.48,129.89,auto,roi_crop,350,65,558,558,558
2026-06-15 18:05:39,待分拣,D:\Garbage Classification\Garbage_Classification_Organized\dataset\待分拣\待分拣_0264.jpg,33.34,128.61,auto,roi_crop,350,65,558,558,558
2026-06-15 18:05:40,待分拣,D:\Garbage Classification\Garbage_Classification_Organized\dataset\待分拣\待分拣_0265.jpg,33.37,132.18,auto,roi_crop,350,65,558,558,558
2026-06-15 18:05:41,待分拣,D:\Garbage Classification\Garbage_Classification_Organized\dataset\待分拣\待分拣_0266.jpg,24.21,126.68,auto,roi_crop,350,65,558,558,558
2026-06-15 18:05:42,待分拣,D:\Garbage Classification\Garbage_Classification_Organized\dataset\待分拣\待分拣_0267.jpg,33.38,129.81,auto,roi_crop,350,65,558,558,558
2026-06-15 18:05:43,待分拣,D:\Garbage Classification\Garbage_Classification_Organized\dataset\待分拣\待分拣_0268.jpg,29.29,123.18,auto,roi_crop,350,65,558,558,558
2026-06-15 18:05:44,待分拣,D:\Garbage Classification\Garbage_Classification_Organized\dataset\待分拣\待分拣_0269.jpg,41.72,135.12,auto,roi_crop,350,65,558,558,558
2026-06-15 18:05:45,待分拣,D:\Garbage Classification\Garbage_Classification_Organized\dataset\待分拣\待分拣_0270.jpg,43.29,136.88,auto,roi_crop,350,65,558,558,558
2026-06-15 18:05:46,待分拣,D:\Garbage Classification\Garbage_Classification_Organized\dataset\待分拣\待分拣_0271.jpg,32.95,133.23,auto,roi_crop,350,65,558,558,558
2026-06-15 18:05:47,待分拣,D:\Garbage Classification\Garbage_Classification_Organized\dataset\待分拣\待分拣_0272.jpg,24.05,127.86,auto,roi_crop,350,65,558,558,558
2026-06-15 18:05:48,待分拣,D:\Garbage Classification\Garbage_Classification_Organized\dataset\待分拣\待分拣_0273.jpg,35.48,136.24,auto,roi_crop,350,65,558,558,558
2026-06-15 18:05:49,待分拣,D:\Garbage Classification\Garbage_Classification_Organized\dataset\待分拣\待分拣_0274.jpg,29.10,131.32,auto,roi_crop,350,65,558,558,558
2026-06-15 18:05:51,待分拣,D:\Garbage Classification\Garbage_Classification_Organized\dataset\待分拣\待分拣_0275.jpg,30.06,132.62,auto,roi_crop,350,65,558,558,558
2026-06-15 18:05:52,待分拣,D:\Garbage Classification\Garbage_Classification_Organized\dataset\待分拣\待分拣_0276.jpg,21.74,128.89,auto,roi_crop,350,65,558,558,558
2026-06-15 18:05:53,待分拣,D:\Garbage Classification\Garbage_Classification_Organized\dataset\待分拣\待分拣_0277.jpg,34.28,134.67,auto,roi_crop,350,65,558,558,558
2026-06-15 18:05:54,待分拣,D:\Garbage Classification\Garbage_Classification_Organized\dataset\待分拣\待分拣_0278.jpg,23.95,128.55,auto,roi_crop,350,65,558,558,558
2026-06-15 18:05:55,待分拣,D:\Garbage Classification\Garbage_Classification_Organized\dataset\待分拣\待分拣_0279.jpg,39.52,133.45,auto,roi_crop,350,65,558,558,558
2026-06-15 18:05:56,待分拣,D:\Garbage Classification\Garbage_Classification_Organized\dataset\待分拣\待分拣_0280.jpg,20.43,127.02,auto,roi_crop,350,65,558,558,558
2026-06-15 18:05:57,待分拣,D:\Garbage Classification\Garbage_Classification_Organized\dataset\待分拣\待分拣_0281.jpg,41.88,135.09,auto,roi_crop,350,65,558,558,558
2026-06-15 18:05:58,待分拣,D:\Garbage Classification\Garbage_Classification_Organized\dataset\待分拣\待分拣_0282.jpg,40.36,137.35,auto,roi_crop,350,65,558,558,558
2026-06-15 18:05:59,待分拣,D:\Garbage Classification\Garbage_Classification_Organized\dataset\待分拣\待分拣_0283.jpg,36.59,136.60,auto,roi_crop,350,65,558,558,558
2026-06-15 18:06:00,待分拣,D:\Garbage Classification\Garbage_Classification_Organized\dataset\待分拣\待分拣_0284.jpg,34.99,136.08,auto,roi_crop,350,65,558,558,558
2026-06-15 18:06:01,待分拣,D:\Garbage Classification\Garbage_Classification_Organized\dataset\待分拣\待分拣_0285.jpg,21.88,132.64,auto,roi_crop,350,65,558,558,558
2026-06-15 18:06:02,待分拣,D:\Garbage Classification\Garbage_Classification_Organized\dataset\待分拣\待分拣_0286.jpg,32.47,134.27,auto,roi_crop,350,65,558,558,558
2026-06-15 18:06:03,待分拣,D:\Garbage Classification\Garbage_Classification_Organized\dataset\待分拣\待分拣_0287.jpg,33.97,134.27,auto,roi_crop,350,65,558,558,558
2026-06-15 18:06:04,待分拣,D:\Garbage Classification\Garbage_Classification_Organized\dataset\待分拣\待分拣_0288.jpg,39.31,135.46,auto,roi_crop,350,65,558,558,558
2026-06-15 18:06:05,待分拣,D:\Garbage Classification\Garbage_Classification_Organized\dataset\待分拣\待分拣_0289.jpg,38.27,135.32,auto,roi_crop,350,65,558,558,558
2026-06-15 18:06:06,待分拣,D:\Garbage Classification\Garbage_Classification_Organized\dataset\待分拣\待分拣_0290.jpg,37.83,136.53,auto,roi_crop,350,65,558,558,558
2026-06-15 18:06:07,待分拣,D:\Garbage Classification\Garbage_Classification_Organized\dataset\待分拣\待分拣_0291.jpg,29.62,129.46,auto,roi_crop,350,65,558,558,558
2026-06-15 18:06:08,待分拣,D:\Garbage Classification\Garbage_Classification_Organized\dataset\待分拣\待分拣_0292.jpg,35.20,134.31,auto,roi_crop,350,65,558,558,558
2026-06-15 18:06:09,待分拣,D:\Garbage Classification\Garbage_Classification_Organized\dataset\待分拣\待分拣_0293.jpg,35.68,134.20,auto,roi_crop,350,65,558,558,558
2026-06-15 18:06:10,待分拣,D:\Garbage Classification\Garbage_Classification_Organized\dataset\待分拣\待分拣_0294.jpg,36.89,133.94,auto,roi_crop,350,65,558,558,558
2026-06-15 18:06:11,待分拣,D:\Garbage Classification\Garbage_Classification_Organized\dataset\待分拣\待分拣_0295.jpg,29.68,133.40,auto,roi_crop,350,65,558,558,558
2026-06-15 18:06:12,待分拣,D:\Garbage Classification\Garbage_Classification_Organized\dataset\待分拣\待分拣_0296.jpg,37.57,133.79,auto,roi_crop,350,65,558,558,558
2026-06-15 18:06:13,待分拣,D:\Garbage Classification\Garbage_Classification_Organized\dataset\待分拣\待分拣_0297.jpg,23.98,127.85,auto,roi_crop,350,65,558,558,558
2026-06-15 18:06:14,待分拣,D:\Garbage Classification\Garbage_Classification_Organized\dataset\待分拣\待分拣_0298.jpg,45.37,135.65,auto,roi_crop,350,65,558,558,558
2026-06-15 18:06:15,待分拣,D:\Garbage Classification\Garbage_Classification_Organized\dataset\待分拣\待分拣_0299.jpg,24.72,131.15,auto,roi_crop,350,65,558,558,558
2026-06-15 18:06:16,待分拣,D:\Garbage Classification\Garbage_Classification_Organized\dataset\待分拣\待分拣_0300.jpg,33.71,137.33,auto,roi_crop,350,65,558,558,558
2026-06-15 18:06:18,待分拣,D:\Garbage Classification\Garbage_Classification_Organized\dataset\待分拣\待分拣_0301.jpg,31.74,134.00,auto,roi_crop,350,65,558,558,558
2026-06-15 18:06:18,待分拣,D:\Garbage Classification\Garbage_Classification_Organized\dataset\待分拣\待分拣_0302.jpg,37.20,136.17,auto,roi_crop,350,65,558,558,558
2026-06-15 18:06:20,待分拣,D:\Garbage Classification\Garbage_Classification_Organized\dataset\待分拣\待分拣_0303.jpg,36.01,136.99,auto,roi_crop,350,65,558,558,558
2026-06-15 18:06:21,待分拣,D:\Garbage Classification\Garbage_Classification_Organized\dataset\待分拣\待分拣_0304.jpg,36.12,136.92,auto,roi_crop,350,65,558,558,558
2026-06-15 18:06:22,待分拣,D:\Garbage Classification\Garbage_Classification_Organized\dataset\待分拣\待分拣_0305.jpg,25.70,130.72,auto,roi_crop,350,65,558,558,558
2026-06-15 18:06:23,待分拣,D:\Garbage Classification\Garbage_Classification_Organized\dataset\待分拣\待分拣_0306.jpg,41.46,137.99,auto,roi_crop,350,65,558,558,558
2026-06-15 18:06:24,待分拣,D:\Garbage Classification\Garbage_Classification_Organized\dataset\待分拣\待分拣_0307.jpg,23.45,132.90,auto,roi_crop,350,65,558,558,558
2026-06-15 18:06:25,待分拣,D:\Garbage Classification\Garbage_Classification_Organized\dataset\待分拣\待分拣_0308.jpg,33.60,137.91,auto,roi_crop,350,65,558,558,558
2026-06-15 18:06:26,待分拣,D:\Garbage Classification\Garbage_Classification_Organized\dataset\待分拣\待分拣_0309.jpg,31.51,131.73,auto,roi_crop,350,65,558,558,558
2026-06-15 18:06:27,待分拣,D:\Garbage Classification\Garbage_Classification_Organized\dataset\待分拣\待分拣_0310.jpg,22.41,129.64,auto,roi_crop,350,65,558,558,558
2026-06-15 18:06:28,待分拣,D:\Garbage Classification\Garbage_Classification_Organized\dataset\待分拣\待分拣_0311.jpg,35.98,130.73,auto,roi_crop,350,65,558,558,558
2026-06-15 18:06:29,待分拣,D:\Garbage Classification\Garbage_Classification_Organized\dataset\待分拣\待分拣_0312.jpg,35.62,132.01,auto,roi_crop,350,65,558,558,558
2026-06-15 18:06:30,待分拣,D:\Garbage Classification\Garbage_Classification_Organized\dataset\待分拣\待分拣_0313.jpg,34.50,129.66,auto,roi_crop,350,65,558,558,558
2026-06-15 18:06:31,待分拣,D:\Garbage Classification\Garbage_Classification_Organized\dataset\待分拣\待分拣_0314.jpg,30.22,127.36,auto,roi_crop,350,65,558,558,558
2026-06-15 18:06:32,待分拣,D:\Garbage Classification\Garbage_Classification_Organized\dataset\待分拣\待分拣_0315.jpg,34.14,130.77,auto,roi_crop,350,65,558,558,558
2026-06-15 18:06:33,待分拣,D:\Garbage Classification\Garbage_Classification_Organized\dataset\待分拣\待分拣_0316.jpg,35.79,132.39,auto,roi_crop,350,65,558,558,558
2026-06-15 18:06:34,待分拣,D:\Garbage Classification\Garbage_Classification_Organized\dataset\待分拣\待分拣_0317.jpg,36.32,132.27,auto,roi_crop,350,65,558,558,558
2026-06-15 18:06:35,待分拣,D:\Garbage Classification\Garbage_Classification_Organized\dataset\待分拣\待分拣_0318.jpg,32.08,127.29,auto,roi_crop,350,65,558,558,558
2026-06-15 18:06:36,待分拣,D:\Garbage Classification\Garbage_Classification_Organized\dataset\待分拣\待分拣_0319.jpg,41.87,128.79,auto,roi_crop,350,65,558,558,558
2026-06-15 18:06:37,待分拣,D:\Garbage Classification\Garbage_Classification_Organized\dataset\待分拣\待分拣_0320.jpg,28.60,124.39,auto,roi_crop,350,65,558,558,558
2026-06-15 18:06:38,待分拣,D:\Garbage Classification\Garbage_Classification_Organized\dataset\待分拣\待分拣_0321.jpg,34.21,132.65,auto,roi_crop,350,65,558,558,558
2026-06-15 18:06:39,待分拣,D:\Garbage Classification\Garbage_Classification_Organized\dataset\待分拣\待分拣_0322.jpg,35.31,129.70,auto,roi_crop,350,65,558,558,558
2026-06-15 18:06:40,待分拣,D:\Garbage Classification\Garbage_Classification_Organized\dataset\待分拣\待分拣_0323.jpg,23.89,127.92,auto,roi_crop,350,65,558,558,558
2026-06-15 18:06:41,待分拣,D:\Garbage Classification\Garbage_Classification_Organized\dataset\待分拣\待分拣_0324.jpg,28.37,128.55,auto,roi_crop,350,65,558,558,558
2026-06-15 18:06:42,待分拣,D:\Garbage Classification\Garbage_Classification_Organized\dataset\待分拣\待分拣_0325.jpg,28.00,129.77,auto,roi_crop,350,65,558,558,558
2026-06-15 18:06:43,待分拣,D:\Garbage Classification\Garbage_Classification_Organized\dataset\待分拣\待分拣_0326.jpg,35.58,127.84,auto,roi_crop,350,65,558,558,558
2026-06-15 18:06:44,待分拣,D:\Garbage Classification\Garbage_Classification_Organized\dataset\待分拣\待分拣_0327.jpg,34.51,128.04,auto,roi_crop,350,65,558,558,558
2026-06-15 18:06:45,待分拣,D:\Garbage Classification\Garbage_Classification_Organized\dataset\待分拣\待分拣_0328.jpg,26.67,125.52,auto,roi_crop,350,65,558,558,558
2026-06-15 18:06:46,待分拣,D:\Garbage Classification\Garbage_Classification_Organized\dataset\待分拣\待分拣_0329.jpg,34.04,134.93,auto,roi_crop,350,65,558,558,558
2026-06-15 18:06:47,待分拣,D:\Garbage Classification\Garbage_Classification_Organized\dataset\待分拣\待分拣_0330.jpg,36.47,136.98,auto,roi_crop,350,65,558,558,558
2026-06-15 18:06:48,待分拣,D:\Garbage Classification\Garbage_Classification_Organized\dataset\待分拣\待分拣_0331.jpg,23.42,133.22,auto,roi_crop,350,65,558,558,558
2026-06-15 18:06:49,待分拣,D:\Garbage Classification\Garbage_Classification_Organized\dataset\待分拣\待分拣_0332.jpg,32.25,133.94,auto,roi_crop,350,65,558,558,558
2026-06-15 18:06:50,待分拣,D:\Garbage Classification\Garbage_Classification_Organized\dataset\待分拣\待分拣_0333.jpg,34.10,135.34,auto,roi_crop,350,65,558,558,558
2026-06-15 18:06:51,待分拣,D:\Garbage Classification\Garbage_Classification_Organized\dataset\待分拣\待分拣_0334.jpg,31.79,133.93,auto,roi_crop,350,65,558,558,558
2026-06-15 18:06:52,待分拣,D:\Garbage Classification\Garbage_Classification_Organized\dataset\待分拣\待分拣_0335.jpg,29.48,136.62,auto,roi_crop,350,65,558,558,558
2026-06-15 18:06:53,待分拣,D:\Garbage Classification\Garbage_Classification_Organized\dataset\待分拣\待分拣_0336.jpg,36.14,132.50,auto,roi_crop,350,65,558,558,558
2026-06-15 18:06:55,待分拣,D:\Garbage Classification\Garbage_Classification_Organized\dataset\待分拣\待分拣_0337.jpg,20.57,139.50,auto,roi_crop,350,65,558,558,558
2026-06-15 18:06:56,待分拣,D:\Garbage Classification\Garbage_Classification_Organized\dataset\待分拣\待分拣_0338.jpg,33.51,134.89,auto,roi_crop,350,65,558,558,558
2026-06-15 18:06:57,待分拣,D:\Garbage Classification\Garbage_Classification_Organized\dataset\待分拣\待分拣_0339.jpg,32.56,133.56,auto,roi_crop,350,65,558,558,558
2026-06-15 18:06:58,待分拣,D:\Garbage Classification\Garbage_Classification_Organized\dataset\待分拣\待分拣_0340.jpg,31.58,130.58,auto,roi_crop,350,65,558,558,558
2026-06-15 18:06:59,待分拣,D:\Garbage Classification\Garbage_Classification_Organized\dataset\待分拣\待分拣_0341.jpg,32.69,132.62,auto,roi_crop,350,65,558,558,558
2026-06-15 18:07:00,待分拣,D:\Garbage Classification\Garbage_Classification_Organized\dataset\待分拣\待分拣_0342.jpg,23.93,127.89,auto,roi_crop,350,65,558,558,558
2026-06-15 18:07:01,待分拣,D:\Garbage Classification\Garbage_Classification_Organized\dataset\待分拣\待分拣_0343.jpg,32.42,134.31,auto,roi_crop,350,65,558,558,558
2026-06-15 18:07:02,待分拣,D:\Garbage Classification\Garbage_Classification_Organized\dataset\待分拣\待分拣_0344.jpg,21.57,130.12,auto,roi_crop,350,65,558,558,558
2026-06-15 18:07:03,待分拣,D:\Garbage Classification\Garbage_Classification_Organized\dataset\待分拣\待分拣_0345.jpg,33.56,136.34,auto,roi_crop,350,65,558,558,558
2026-06-15 18:07:04,待分拣,D:\Garbage Classification\Garbage_Classification_Organized\dataset\待分拣\待分拣_0346.jpg,27.77,129.66,auto,roi_crop,350,65,558,558,558
2026-06-15 18:07:05,待分拣,D:\Garbage Classification\Garbage_Classification_Organized\dataset\待分拣\待分拣_0347.jpg,39.10,139.02,auto,roi_crop,350,65,558,558,558
2026-06-15 18:07:06,待分拣,D:\Garbage Classification\Garbage_Classification_Organized\dataset\待分拣\待分拣_0348.jpg,29.98,132.28,auto,roi_crop,350,65,558,558,558
2026-06-15 18:07:07,待分拣,D:\Garbage Classification\Garbage_Classification_Organized\dataset\待分拣\待分拣_0349.jpg,34.90,136.60,auto,roi_crop,350,65,558,558,558
2026-06-15 18:07:08,待分拣,D:\Garbage Classification\Garbage_Classification_Organized\dataset\待分拣\待分拣_0350.jpg,37.63,129.64,auto,roi_crop,350,65,558,558,558
2026-06-15 18:07:09,待分拣,D:\Garbage Classification\Garbage_Classification_Organized\dataset\待分拣\待分拣_0351.jpg,34.72,127.97,auto,roi_crop,350,65,558,558,558
2026-06-15 18:07:10,待分拣,D:\Garbage Classification\Garbage_Classification_Organized\dataset\待分拣\待分拣_0352.jpg,36.72,125.87,auto,roi_crop,350,65,558,558,558
2026-06-15 18:07:11,待分拣,D:\Garbage Classification\Garbage_Classification_Organized\dataset\待分拣\待分拣_0353.jpg,37.60,131.19,auto,roi_crop,350,65,558,558,558
2026-06-15 18:07:12,待分拣,D:\Garbage Classification\Garbage_Classification_Organized\dataset\待分拣\待分拣_0354.jpg,27.62,128.82,auto,roi_crop,350,65,558,558,558
2026-06-15 18:07:13,待分拣,D:\Garbage Classification\Garbage_Classification_Organized\dataset\待分拣\待分拣_0355.jpg,30.68,129.52,auto,roi_crop,350,65,558,558,558
2026-06-15 18:07:14,待分拣,D:\Garbage Classification\Garbage_Classification_Organized\dataset\待分拣\待分拣_0356.jpg,32.88,136.77,auto,roi_crop,350,65,558,558,558
2026-06-15 18:07:15,待分拣,D:\Garbage Classification\Garbage_Classification_Organized\dataset\待分拣\待分拣_0357.jpg,36.41,139.77,auto,roi_crop,350,65,558,558,558
2026-06-15 18:07:16,待分拣,D:\Garbage Classification\Garbage_Classification_Organized\dataset\待分拣\待分拣_0358.jpg,34.96,138.29,auto,roi_crop,350,65,558,558,558
2026-06-15 18:19:42,可回收,D:\Garbage Classification\Garbage_Classification_Organized\dataset\可回收\可回收_0203.jpg,46.42,138.03,auto,roi_crop,350,65,558,558,558
2026-06-15 18:19:42,可回收,D:\Garbage Classification\Garbage_Classification_Organized\dataset\可回收\可回收_0204.jpg,47.54,137.78,auto,roi_crop,350,65,558,558,558
2026-06-15 18:19:43,可回收,D:\Garbage Classification\Garbage_Classification_Organized\dataset\可回收\可回收_0205.jpg,48.28,135.04,auto,roi_crop,350,65,558,558,558
2026-06-15 18:19:43,可回收,D:\Garbage Classification\Garbage_Classification_Organized\dataset\可回收\可回收_0206.jpg,46.92,137.82,auto,roi_crop,350,65,558,558,558
2026-06-15 18:19:44,可回收,D:\Garbage Classification\Garbage_Classification_Organized\dataset\可回收\可回收_0207.jpg,46.23,132.02,auto,roi_crop,350,65,558,558,558
2026-06-15 18:19:44,可回收,D:\Garbage Classification\Garbage_Classification_Organized\dataset\可回收\可回收_0208.jpg,32.30,133.05,auto,roi_crop,350,65,558,558,558
2026-06-15 18:19:45,可回收,D:\Garbage Classification\Garbage_Classification_Organized\dataset\可回收\可回收_0209.jpg,36.34,134.69,auto,roi_crop,350,65,558,558,558
2026-06-15 18:19:45,可回收,D:\Garbage Classification\Garbage_Classification_Organized\dataset\可回收\可回收_0210.jpg,48.30,134.70,auto,roi_crop,350,65,558,558,558
2026-06-15 18:19:46,可回收,D:\Garbage Classification\Garbage_Classification_Organized\dataset\可回收\可回收_0211.jpg,44.82,131.78,auto,roi_crop,350,65,558,558,558
2026-06-15 18:19:46,可回收,D:\Garbage Classification\Garbage_Classification_Organized\dataset\可回收\可回收_0212.jpg,44.58,132.42,auto,roi_crop,350,65,558,558,558
2026-06-15 18:19:47,可回收,D:\Garbage Classification\Garbage_Classification_Organized\dataset\可回收\可回收_0213.jpg,45.13,133.26,auto,roi_crop,350,65,558,558,558
2026-06-15 18:19:47,可回收,D:\Garbage Classification\Garbage_Classification_Organized\dataset\可回收\可回收_0214.jpg,48.30,135.34,auto,roi_crop,350,65,558,558,558
2026-06-15 18:19:48,可回收,D:\Garbage Classification\Garbage_Classification_Organized\dataset\可回收\可回收_0215.jpg,32.70,131.88,auto,roi_crop,350,65,558,558,558
2026-06-15 18:19:49,可回收,D:\Garbage Classification\Garbage_Classification_Organized\dataset\可回收\可回收_0216.jpg,47.15,135.30,auto,roi_crop,350,65,558,558,558
2026-06-15 18:19:49,可回收,D:\Garbage Classification\Garbage_Classification_Organized\dataset\可回收\可回收_0217.jpg,47.91,135.93,auto,roi_crop,350,65,558,558,558
2026-06-15 18:19:50,可回收,D:\Garbage Classification\Garbage_Classification_Organized\dataset\可回收\可回收_0218.jpg,47.25,132.87,auto,roi_crop,350,65,558,558,558
2026-06-15 18:19:50,可回收,D:\Garbage Classification\Garbage_Classification_Organized\dataset\可回收\可回收_0219.jpg,46.20,130.31,auto,roi_crop,350,65,558,558,558
2026-06-15 18:19:51,可回收,D:\Garbage Classification\Garbage_Classification_Organized\dataset\可回收\可回收_0220.jpg,44.30,133.12,auto,roi_crop,350,65,558,558,558
2026-06-15 18:19:51,可回收,D:\Garbage Classification\Garbage_Classification_Organized\dataset\可回收\可回收_0221.jpg,44.71,136.99,auto,roi_crop,350,65,558,558,558
2026-06-15 18:19:52,可回收,D:\Garbage Classification\Garbage_Classification_Organized\dataset\可回收\可回收_0222.jpg,43.64,130.49,auto,roi_crop,350,65,558,558,558
2026-06-15 18:19:52,可回收,D:\Garbage Classification\Garbage_Classification_Organized\dataset\可回收\可回收_0223.jpg,52.90,130.64,auto,roi_crop,350,65,558,558,558
2026-06-15 18:19:53,可回收,D:\Garbage Classification\Garbage_Classification_Organized\dataset\可回收\可回收_0224.jpg,50.76,132.58,auto,roi_crop,350,65,558,558,558
2026-06-15 18:19:53,可回收,D:\Garbage Classification\Garbage_Classification_Organized\dataset\可回收\可回收_0225.jpg,51.45,133.52,auto,roi_crop,350,65,558,558,558
2026-06-15 18:19:54,可回收,D:\Garbage Classification\Garbage_Classification_Organized\dataset\可回收\可回收_0226.jpg,51.96,136.25,auto,roi_crop,350,65,558,558,558
2026-06-15 18:19:55,可回收,D:\Garbage Classification\Garbage_Classification_Organized\dataset\可回收\可回收_0227.jpg,36.50,136.53,auto,roi_crop,350,65,558,558,558
2026-06-15 18:19:55,可回收,D:\Garbage Classification\Garbage_Classification_Organized\dataset\可回收\可回收_0228.jpg,40.60,137.28,auto,roi_crop,350,65,558,558,558
2026-06-15 18:19:56,可回收,D:\Garbage Classification\Garbage_Classification_Organized\dataset\可回收\可回收_0229.jpg,43.66,141.08,auto,roi_crop,350,65,558,558,558
2026-06-15 18:19:57,可回收,D:\Garbage Classification\Garbage_Classification_Organized\dataset\可回收\可回收_0230.jpg,31.66,135.45,auto,roi_crop,350,65,558,558,558
2026-06-15 18:19:57,可回收,D:\Garbage Classification\Garbage_Classification_Organized\dataset\可回收\可回收_0231.jpg,47.23,133.96,auto,roi_crop,350,65,558,558,558
2026-06-15 18:19:58,可回收,D:\Garbage Classification\Garbage_Classification_Organized\dataset\可回收\可回收_0232.jpg,36.53,132.55,auto,roi_crop,350,65,558,558,558
2026-06-15 18:19:58,可回收,D:\Garbage Classification\Garbage_Classification_Organized\dataset\可回收\可回收_0233.jpg,44.89,140.37,auto,roi_crop,350,65,558,558,558
2026-06-15 18:19:59,可回收,D:\Garbage Classification\Garbage_Classification_Organized\dataset\可回收\可回收_0234.jpg,43.91,140.06,auto,roi_crop,350,65,558,558,558
2026-06-15 18:19:59,可回收,D:\Garbage Classification\Garbage_Classification_Organized\dataset\可回收\可回收_0235.jpg,39.80,135.19,auto,roi_crop,350,65,558,558,558
2026-06-15 18:20:00,可回收,D:\Garbage Classification\Garbage_Classification_Organized\dataset\可回收\可回收_0236.jpg,39.02,133.52,auto,roi_crop,350,65,558,558,558
2026-06-15 18:20:00,可回收,D:\Garbage Classification\Garbage_Classification_Organized\dataset\可回收\可回收_0237.jpg,31.96,127.90,auto,roi_crop,350,65,558,558,558
2026-06-15 18:20:01,可回收,D:\Garbage Classification\Garbage_Classification_Organized\dataset\可回收\可回收_0238.jpg,36.39,132.90,auto,roi_crop,350,65,558,558,558
2026-06-15 18:20:01,可回收,D:\Garbage Classification\Garbage_Classification_Organized\dataset\可回收\可回收_0239.jpg,45.02,145.19,auto,roi_crop,350,65,558,558,558
2026-06-15 18:20:02,可回收,D:\Garbage Classification\Garbage_Classification_Organized\dataset\可回收\可回收_0240.jpg,44.44,146.34,auto,roi_crop,350,65,558,558,558
2026-06-15 18:20:02,可回收,D:\Garbage Classification\Garbage_Classification_Organized\dataset\可回收\可回收_0241.jpg,30.96,132.69,auto,roi_crop,350,65,558,558,558
2026-06-15 18:20:03,可回收,D:\Garbage Classification\Garbage_Classification_Organized\dataset\可回收\可回收_0242.jpg,31.83,137.14,auto,roi_crop,350,65,558,558,558
2026-06-15 18:20:04,可回收,D:\Garbage Classification\Garbage_Classification_Organized\dataset\可回收\可回收_0243.jpg,33.61,122.18,auto,roi_crop,350,65,558,558,558
2026-06-15 18:20:04,可回收,D:\Garbage Classification\Garbage_Classification_Organized\dataset\可回收\可回收_0244.jpg,42.89,140.74,auto,roi_crop,350,65,558,558,558
2026-06-15 18:20:05,可回收,D:\Garbage Classification\Garbage_Classification_Organized\dataset\可回收\可回收_0245.jpg,34.86,137.46,auto,roi_crop,350,65,558,558,558
2026-06-15 18:20:06,可回收,D:\Garbage Classification\Garbage_Classification_Organized\dataset\可回收\可回收_0246.jpg,35.93,134.00,auto,roi_crop,350,65,558,558,558
2026-06-15 18:20:06,可回收,D:\Garbage Classification\Garbage_Classification_Organized\dataset\可回收\可回收_0247.jpg,46.20,136.40,auto,roi_crop,350,65,558,558,558
2026-06-15 18:20:07,可回收,D:\Garbage Classification\Garbage_Classification_Organized\dataset\可回收\可回收_0248.jpg,49.36,136.49,auto,roi_crop,350,65,558,558,558
2026-06-15 18:20:07,可回收,D:\Garbage Classification\Garbage_Classification_Organized\dataset\可回收\可回收_0249.jpg,48.32,137.43,auto,roi_crop,350,65,558,558,558
2026-06-15 18:20:08,可回收,D:\Garbage Classification\Garbage_Classification_Organized\dataset\可回收\可回收_0250.jpg,52.15,146.18,auto,roi_crop,350,65,558,558,558
2026-06-15 18:20:09,可回收,D:\Garbage Classification\Garbage_Classification_Organized\dataset\可回收\可回收_0251.jpg,39.53,133.97,auto,roi_crop,350,65,558,558,558
2026-06-15 18:20:09,可回收,D:\Garbage Classification\Garbage_Classification_Organized\dataset\可回收\可回收_0252.jpg,38.61,136.51,auto,roi_crop,350,65,558,558,558
2026-06-15 18:20:10,可回收,D:\Garbage Classification\Garbage_Classification_Organized\dataset\可回收\可回收_0253.jpg,41.79,133.99,auto,roi_crop,350,65,558,558,558
2026-06-15 18:20:10,可回收,D:\Garbage Classification\Garbage_Classification_Organized\dataset\可回收\可回收_0254.jpg,41.95,133.97,auto,roi_crop,350,65,558,558,558
2026-06-15 18:20:11,可回收,D:\Garbage Classification\Garbage_Classification_Organized\dataset\可回收\可回收_0255.jpg,45.31,134.33,auto,roi_crop,350,65,558,558,558
2026-06-15 18:20:11,可回收,D:\Garbage Classification\Garbage_Classification_Organized\dataset\可回收\可回收_0256.jpg,39.26,132.85,auto,roi_crop,350,65,558,558,558
2026-06-15 18:20:12,可回收,D:\Garbage Classification\Garbage_Classification_Organized\dataset\可回收\可回收_0257.jpg,30.17,136.05,auto,roi_crop,350,65,558,558,558
2026-06-15 18:20:12,可回收,D:\Garbage Classification\Garbage_Classification_Organized\dataset\可回收\可回收_0258.jpg,38.60,134.09,auto,roi_crop,350,65,558,558,558
2026-06-15 18:20:13,可回收,D:\Garbage Classification\Garbage_Classification_Organized\dataset\可回收\可回收_0259.jpg,48.86,131.45,auto,roi_crop,350,65,558,558,558
2026-06-15 18:20:13,可回收,D:\Garbage Classification\Garbage_Classification_Organized\dataset\可回收\可回收_0260.jpg,52.63,132.76,auto,roi_crop,350,65,558,558,558
2026-06-15 18:20:14,可回收,D:\Garbage Classification\Garbage_Classification_Organized\dataset\可回收\可回收_0261.jpg,53.02,132.52,auto,roi_crop,350,65,558,558,558
2026-06-15 18:20:14,可回收,D:\Garbage Classification\Garbage_Classification_Organized\dataset\可回收\可回收_0262.jpg,54.64,134.77,auto,roi_crop,350,65,558,558,558
2026-06-15 18:20:15,可回收,D:\Garbage Classification\Garbage_Classification_Organized\dataset\可回收\可回收_0263.jpg,30.21,134.73,auto,roi_crop,350,65,558,558,558
2026-06-15 18:20:16,可回收,D:\Garbage Classification\Garbage_Classification_Organized\dataset\可回收\可回收_0264.jpg,41.30,135.42,auto,roi_crop,350,65,558,558,558
2026-06-15 18:20:16,可回收,D:\Garbage Classification\Garbage_Classification_Organized\dataset\可回收\可回收_0265.jpg,39.85,135.30,auto,roi_crop,350,65,558,558,558
2026-06-15 18:20:17,可回收,D:\Garbage Classification\Garbage_Classification_Organized\dataset\可回收\可回收_0266.jpg,40.82,135.23,auto,roi_crop,350,65,558,558,558
2026-06-15 18:20:19,可回收,D:\Garbage Classification\Garbage_Classification_Organized\dataset\可回收\可回收_0267.jpg,30.22,133.07,auto,roi_crop,350,65,558,558,558
2026-06-15 18:20:20,可回收,D:\Garbage Classification\Garbage_Classification_Organized\dataset\可回收\可回收_0268.jpg,30.22,134.95,auto,roi_crop,350,65,558,558,558
2026-06-15 18:20:20,可回收,D:\Garbage Classification\Garbage_Classification_Organized\dataset\可回收\可回收_0269.jpg,31.35,134.67,auto,roi_crop,350,65,558,558,558
2026-06-15 18:20:21,可回收,D:\Garbage Classification\Garbage_Classification_Organized\dataset\可回收\可回收_0270.jpg,31.56,136.95,auto,roi_crop,350,65,558,558,558
2026-06-15 18:20:21,可回收,D:\Garbage Classification\Garbage_Classification_Organized\dataset\可回收\可回收_0271.jpg,35.97,137.74,auto,roi_crop,350,65,558,558,558
2026-06-15 18:20:22,可回收,D:\Garbage Classification\Garbage_Classification_Organized\dataset\可回收\可回收_0272.jpg,30.93,134.03,auto,roi_crop,350,65,558,558,558
2026-06-15 18:20:22,可回收,D:\Garbage Classification\Garbage_Classification_Organized\dataset\可回收\可回收_0273.jpg,31.05,133.80,auto,roi_crop,350,65,558,558,558
2026-06-15 18:20:23,可回收,D:\Garbage Classification\Garbage_Classification_Organized\dataset\可回收\可回收_0274.jpg,33.32,132.82,auto,roi_crop,350,65,558,558,558
2026-06-15 18:20:24,可回收,D:\Garbage Classification\Garbage_Classification_Organized\dataset\可回收\可回收_0275.jpg,44.56,130.79,auto,roi_crop,350,65,558,558,558
2026-06-15 18:20:24,可回收,D:\Garbage Classification\Garbage_Classification_Organized\dataset\可回收\可回收_0276.jpg,31.29,132.65,auto,roi_crop,350,65,558,558,558
2026-06-15 18:20:25,可回收,D:\Garbage Classification\Garbage_Classification_Organized\dataset\可回收\可回收_0277.jpg,30.43,136.10,auto,roi_crop,350,65,558,558,558
2026-06-15 18:20:26,可回收,D:\Garbage Classification\Garbage_Classification_Organized\dataset\可回收\可回收_0278.jpg,31.30,140.13,auto,roi_crop,350,65,558,558,558
2026-06-15 18:20:28,可回收,D:\Garbage Classification\Garbage_Classification_Organized\dataset\可回收\可回收_0279.jpg,30.61,135.55,auto,roi_crop,350,65,558,558,558
2026-06-15 18:20:29,可回收,D:\Garbage Classification\Garbage_Classification_Organized\dataset\可回收\可回收_0280.jpg,35.62,131.40,auto,roi_crop,350,65,558,558,558
2026-06-15 18:20:29,可回收,D:\Garbage Classification\Garbage_Classification_Organized\dataset\可回收\可回收_0281.jpg,36.35,131.26,auto,roi_crop,350,65,558,558,558
2026-06-15 18:20:30,可回收,D:\Garbage Classification\Garbage_Classification_Organized\dataset\可回收\可回收_0282.jpg,36.39,131.97,auto,roi_crop,350,65,558,558,558
2026-06-15 18:20:30,可回收,D:\Garbage Classification\Garbage_Classification_Organized\dataset\可回收\可回收_0283.jpg,35.59,132.36,auto,roi_crop,350,65,558,558,558
2026-06-15 18:20:31,可回收,D:\Garbage Classification\Garbage_Classification_Organized\dataset\可回收\可回收_0284.jpg,33.44,132.85,auto,roi_crop,350,65,558,558,558
2026-06-15 18:20:31,可回收,D:\Garbage Classification\Garbage_Classification_Organized\dataset\可回收\可回收_0285.jpg,33.27,132.95,auto,roi_crop,350,65,558,558,558
2026-06-15 18:20:32,可回收,D:\Garbage Classification\Garbage_Classification_Organized\dataset\可回收\可回收_0286.jpg,40.54,134.87,auto,roi_crop,350,65,558,558,558
2026-06-15 18:20:33,可回收,D:\Garbage Classification\Garbage_Classification_Organized\dataset\可回收\可回收_0287.jpg,34.02,137.81,auto,roi_crop,350,65,558,558,558
2026-06-15 18:20:34,可回收,D:\Garbage Classification\Garbage_Classification_Organized\dataset\可回收\可回收_0288.jpg,42.60,135.92,auto,roi_crop,350,65,558,558,558
2026-06-15 18:20:34,可回收,D:\Garbage Classification\Garbage_Classification_Organized\dataset\可回收\可回收_0289.jpg,47.18,138.31,auto,roi_crop,350,65,558,558,558
2026-06-15 18:20:35,可回收,D:\Garbage Classification\Garbage_Classification_Organized\dataset\可回收\可回收_0290.jpg,41.57,136.03,auto,roi_crop,350,65,558,558,558
2026-06-15 18:20:35,可回收,D:\Garbage Classification\Garbage_Classification_Organized\dataset\可回收\可回收_0291.jpg,42.08,133.85,auto,roi_crop,350,65,558,558,558
2026-06-15 18:20:36,可回收,D:\Garbage Classification\Garbage_Classification_Organized\dataset\可回收\可回收_0292.jpg,38.32,136.17,auto,roi_crop,350,65,558,558,558
2026-06-15 18:20:36,可回收,D:\Garbage Classification\Garbage_Classification_Organized\dataset\可回收\可回收_0293.jpg,39.94,137.51,auto,roi_crop,350,65,558,558,558
2026-06-15 18:20:37,可回收,D:\Garbage Classification\Garbage_Classification_Organized\dataset\可回收\可回收_0294.jpg,39.56,127.85,auto,roi_crop,350,65,558,558,558
2026-06-15 18:20:37,可回收,D:\Garbage Classification\Garbage_Classification_Organized\dataset\可回收\可回收_0295.jpg,41.94,129.79,auto,roi_crop,350,65,558,558,558
2026-06-15 18:20:38,可回收,D:\Garbage Classification\Garbage_Classification_Organized\dataset\可回收\可回收_0296.jpg,43.67,133.67,auto,roi_crop,350,65,558,558,558
2026-06-15 18:20:39,可回收,D:\Garbage Classification\Garbage_Classification_Organized\dataset\可回收\可回收_0297.jpg,43.10,132.50,auto,roi_crop,350,65,558,558,558
2026-06-15 18:20:39,可回收,D:\Garbage Classification\Garbage_Classification_Organized\dataset\可回收\可回收_0298.jpg,45.95,132.11,auto,roi_crop,350,65,558,558,558
2026-06-15 18:20:40,可回收,D:\Garbage Classification\Garbage_Classification_Organized\dataset\可回收\可回收_0299.jpg,39.93,131.35,auto,roi_crop,350,65,558,558,558
2026-06-15 18:20:40,可回收,D:\Garbage Classification\Garbage_Classification_Organized\dataset\可回收\可回收_0300.jpg,45.55,132.69,auto,roi_crop,350,65,558,558,558
2026-06-15 18:20:41,可回收,D:\Garbage Classification\Garbage_Classification_Organized\dataset\可回收\可回收_0301.jpg,44.32,132.78,auto,roi_crop,350,65,558,558,558
2026-06-15 18:20:41,可回收,D:\Garbage Classification\Garbage_Classification_Organized\dataset\可回收\可回收_0302.jpg,31.60,135.67,auto,roi_crop,350,65,558,558,558
2026-06-15 18:20:42,可回收,D:\Garbage Classification\Garbage_Classification_Organized\dataset\可回收\可回收_0303.jpg,35.83,137.74,auto,roi_crop,350,65,558,558,558
2026-06-15 18:20:43,可回收,D:\Garbage Classification\Garbage_Classification_Organized\dataset\可回收\可回收_0304.jpg,30.72,132.99,auto,roi_crop,350,65,558,558,558
2026-06-15 18:20:43,可回收,D:\Garbage Classification\Garbage_Classification_Organized\dataset\可回收\可回收_0305.jpg,39.29,138.51,auto,roi_crop,350,65,558,558,558
2026-06-15 18:20:44,可回收,D:\Garbage Classification\Garbage_Classification_Organized\dataset\可回收\可回收_0306.jpg,30.84,130.94,auto,roi_crop,350,65,558,558,558
2026-06-15 18:20:45,可回收,D:\Garbage Classification\Garbage_Classification_Organized\dataset\可回收\可回收_0307.jpg,32.59,132.37,auto,roi_crop,350,65,558,558,558
2026-06-15 18:20:46,可回收,D:\Garbage Classification\Garbage_Classification_Organized\dataset\可回收\可回收_0308.jpg,32.83,132.28,auto,roi_crop,350,65,558,558,558
2026-06-15 18:20:47,可回收,D:\Garbage Classification\Garbage_Classification_Organized\dataset\可回收\可回收_0309.jpg,32.93,134.43,auto,roi_crop,350,65,558,558,558
2026-06-15 18:20:47,可回收,D:\Garbage Classification\Garbage_Classification_Organized\dataset\可回收\可回收_0310.jpg,31.63,130.63,auto,roi_crop,350,65,558,558,558
2026-06-15 18:20:48,可回收,D:\Garbage Classification\Garbage_Classification_Organized\dataset\可回收\可回收_0311.jpg,31.62,132.88,auto,roi_crop,350,65,558,558,558
2026-06-15 18:20:48,可回收,D:\Garbage Classification\Garbage_Classification_Organized\dataset\可回收\可回收_0312.jpg,33.68,134.54,auto,roi_crop,350,65,558,558,558
2026-06-15 18:20:49,可回收,D:\Garbage Classification\Garbage_Classification_Organized\dataset\可回收\可回收_0313.jpg,35.97,132.73,auto,roi_crop,350,65,558,558,558
2026-06-15 18:20:50,可回收,D:\Garbage Classification\Garbage_Classification_Organized\dataset\可回收\可回收_0314.jpg,30.72,135.96,auto,roi_crop,350,65,558,558,558
2026-06-15 18:20:51,可回收,D:\Garbage Classification\Garbage_Classification_Organized\dataset\可回收\可回收_0315.jpg,46.77,141.03,auto,roi_crop,350,65,558,558,558
2026-06-15 18:20:51,可回收,D:\Garbage Classification\Garbage_Classification_Organized\dataset\可回收\可回收_0316.jpg,47.93,138.54,auto,roi_crop,350,65,558,558,558
2026-06-15 18:20:53,可回收,D:\Garbage Classification\Garbage_Classification_Organized\dataset\可回收\可回收_0317.jpg,32.37,137.64,auto,roi_crop,350,65,558,558,558
2026-06-15 18:20:54,可回收,D:\Garbage Classification\Garbage_Classification_Organized\dataset\可回收\可回收_0318.jpg,38.85,135.21,auto,roi_crop,350,65,558,558,558
2026-06-15 18:20:55,可回收,D:\Garbage Classification\Garbage_Classification_Organized\dataset\可回收\可回收_0319.jpg,43.49,127.60,auto,roi_crop,350,65,558,558,558
2026-06-15 18:21:00,可回收,D:\Garbage Classification\Garbage_Classification_Organized\dataset\可回收\可回收_0320.jpg,30.79,136.92,auto,roi_crop,350,65,558,558,558
2026-06-15 18:21:06,可回收,D:\Garbage Classification\Garbage_Classification_Organized\dataset\可回收\可回收_0321.jpg,30.05,135.77,auto,roi_crop,350,65,558,558,558
2026-06-15 18:21:07,可回收,D:\Garbage Classification\Garbage_Classification_Organized\dataset\可回收\可回收_0322.jpg,31.17,138.14,auto,roi_crop,350,65,558,558,558
2026-06-15 18:21:10,可回收,D:\Garbage Classification\Garbage_Classification_Organized\dataset\可回收\可回收_0323.jpg,31.44,125.52,auto,roi_crop,350,65,558,558,558
2026-06-15 18:21:11,可回收,D:\Garbage Classification\Garbage_Classification_Organized\dataset\可回收\可回收_0324.jpg,34.91,127.49,auto,roi_crop,350,65,558,558,558
2026-06-15 18:21:12,可回收,D:\Garbage Classification\Garbage_Classification_Organized\dataset\可回收\可回收_0325.jpg,34.09,136.67,auto,roi_crop,350,65,558,558,558
2026-06-15 18:21:13,可回收,D:\Garbage Classification\Garbage_Classification_Organized\dataset\可回收\可回收_0326.jpg,31.44,141.71,auto,roi_crop,350,65,558,558,558
2026-06-15 18:21:13,可回收,D:\Garbage Classification\Garbage_Classification_Organized\dataset\可回收\可回收_0327.jpg,31.63,140.36,auto,roi_crop,350,65,558,558,558
2026-06-15 18:21:15,可回收,D:\Garbage Classification\Garbage_Classification_Organized\dataset\可回收\可回收_0328.jpg,32.77,130.75,auto,roi_crop,350,65,558,558,558
2026-06-15 18:21:15,可回收,D:\Garbage Classification\Garbage_Classification_Organized\dataset\可回收\可回收_0329.jpg,33.08,134.79,auto,roi_crop,350,65,558,558,558
2026-06-15 18:21:17,可回收,D:\Garbage Classification\Garbage_Classification_Organized\dataset\可回收\可回收_0330.jpg,32.11,135.08,auto,roi_crop,350,65,558,558,558
2026-06-15 18:21:18,可回收,D:\Garbage Classification\Garbage_Classification_Organized\dataset\可回收\可回收_0331.jpg,32.01,132.81,auto,roi_crop,350,65,558,558,558
2026-06-15 18:21:19,可回收,D:\Garbage Classification\Garbage_Classification_Organized\dataset\可回收\可回收_0332.jpg,30.61,131.13,auto,roi_crop,350,65,558,558,558
2026-06-15 18:21:21,可回收,D:\Garbage Classification\Garbage_Classification_Organized\dataset\可回收\可回收_0333.jpg,35.25,132.94,auto,roi_crop,350,65,558,558,558
2026-06-15 18:21:22,可回收,D:\Garbage Classification\Garbage_Classification_Organized\dataset\可回收\可回收_0334.jpg,36.23,134.52,auto,roi_crop,350,65,558,558,558
2026-06-15 18:21:22,可回收,D:\Garbage Classification\Garbage_Classification_Organized\dataset\可回收\可回收_0335.jpg,47.94,135.43,auto,roi_crop,350,65,558,558,558
2026-06-15 18:21:23,可回收,D:\Garbage Classification\Garbage_Classification_Organized\dataset\可回收\可回收_0336.jpg,41.59,135.42,auto,roi_crop,350,65,558,558,558
2026-06-15 18:21:24,可回收,D:\Garbage Classification\Garbage_Classification_Organized\dataset\可回收\可回收_0337.jpg,42.59,134.71,auto,roi_crop,350,65,558,558,558
2026-06-15 18:21:24,可回收,D:\Garbage Classification\Garbage_Classification_Organized\dataset\可回收\可回收_0338.jpg,40.07,137.49,auto,roi_crop,350,65,558,558,558
2026-06-15 18:21:25,可回收,D:\Garbage Classification\Garbage_Classification_Organized\dataset\可回收\可回收_0339.jpg,38.43,137.10,auto,roi_crop,350,65,558,558,558
2026-06-15 18:21:26,可回收,D:\Garbage Classification\Garbage_Classification_Organized\dataset\可回收\可回收_0340.jpg,38.41,133.66,auto,roi_crop,350,65,558,558,558
2026-06-15 18:21:26,可回收,D:\Garbage Classification\Garbage_Classification_Organized\dataset\可回收\可回收_0341.jpg,40.89,141.93,auto,roi_crop,350,65,558,558,558
2026-06-15 18:21:27,可回收,D:\Garbage Classification\Garbage_Classification_Organized\dataset\可回收\可回收_0342.jpg,41.38,139.01,auto,roi_crop,350,65,558,558,558
2026-06-15 18:21:27,可回收,D:\Garbage Classification\Garbage_Classification_Organized\dataset\可回收\可回收_0343.jpg,36.90,134.82,auto,roi_crop,350,65,558,558,558
2026-06-15 18:21:28,可回收,D:\Garbage Classification\Garbage_Classification_Organized\dataset\可回收\可回收_0344.jpg,41.02,138.86,auto,roi_crop,350,65,558,558,558
2026-06-15 18:21:28,可回收,D:\Garbage Classification\Garbage_Classification_Organized\dataset\可回收\可回收_0345.jpg,39.17,141.06,auto,roi_crop,350,65,558,558,558
2026-06-15 18:21:29,可回收,D:\Garbage Classification\Garbage_Classification_Organized\dataset\可回收\可回收_0346.jpg,40.81,139.53,auto,roi_crop,350,65,558,558,558
2026-06-15 18:21:29,可回收,D:\Garbage Classification\Garbage_Classification_Organized\dataset\可回收\可回收_0347.jpg,41.37,139.61,auto,roi_crop,350,65,558,558,558
2026-06-15 18:27:24,厨余,D:\Garbage Classification\Garbage_Classification_Organized\dataset\厨余\厨余_0258.jpg,30.71,127.97,auto,roi_crop,350,65,558,558,558
2026-06-15 18:27:24,厨余,D:\Garbage Classification\Garbage_Classification_Organized\dataset\厨余\厨余_0259.jpg,31.24,124.65,auto,roi_crop,350,65,558,558,558
2026-06-15 18:27:25,厨余,D:\Garbage Classification\Garbage_Classification_Organized\dataset\厨余\厨余_0260.jpg,31.66,126.40,auto,roi_crop,350,65,558,558,558
2026-06-15 18:27:25,厨余,D:\Garbage Classification\Garbage_Classification_Organized\dataset\厨余\厨余_0261.jpg,30.77,126.60,auto,roi_crop,350,65,558,558,558
2026-06-15 18:27:26,厨余,D:\Garbage Classification\Garbage_Classification_Organized\dataset\厨余\厨余_0262.jpg,29.53,127.13,auto,roi_crop,350,65,558,558,558
2026-06-15 18:27:26,厨余,D:\Garbage Classification\Garbage_Classification_Organized\dataset\厨余\厨余_0263.jpg,30.91,126.81,auto,roi_crop,350,65,558,558,558
2026-06-15 18:27:27,厨余,D:\Garbage Classification\Garbage_Classification_Organized\dataset\厨余\厨余_0264.jpg,32.78,123.86,auto,roi_crop,350,65,558,558,558
2026-06-15 18:27:27,厨余,D:\Garbage Classification\Garbage_Classification_Organized\dataset\厨余\厨余_0265.jpg,31.79,119.49,auto,roi_crop,350,65,558,558,558
2026-06-15 18:27:28,厨余,D:\Garbage Classification\Garbage_Classification_Organized\dataset\厨余\厨余_0266.jpg,32.36,120.69,auto,roi_crop,350,65,558,558,558
2026-06-15 18:27:28,厨余,D:\Garbage Classification\Garbage_Classification_Organized\dataset\厨余\厨余_0267.jpg,27.66,120.70,auto,roi_crop,350,65,558,558,558
2026-06-15 18:27:29,厨余,D:\Garbage Classification\Garbage_Classification_Organized\dataset\厨余\厨余_0268.jpg,26.16,128.80,auto,roi_crop,350,65,558,558,558
2026-06-15 18:27:29,厨余,D:\Garbage Classification\Garbage_Classification_Organized\dataset\厨余\厨余_0269.jpg,31.46,127.04,auto,roi_crop,350,65,558,558,558
2026-06-15 18:27:30,厨余,D:\Garbage Classification\Garbage_Classification_Organized\dataset\厨余\厨余_0270.jpg,27.28,136.75,auto,roi_crop,350,65,558,558,558
2026-06-15 18:27:31,厨余,D:\Garbage Classification\Garbage_Classification_Organized\dataset\厨余\厨余_0271.jpg,31.74,117.27,auto,roi_crop,350,65,558,558,558
2026-06-15 18:27:31,厨余,D:\Garbage Classification\Garbage_Classification_Organized\dataset\厨余\厨余_0272.jpg,31.21,123.43,auto,roi_crop,350,65,558,558,558
2026-06-15 18:27:32,厨余,D:\Garbage Classification\Garbage_Classification_Organized\dataset\厨余\厨余_0273.jpg,29.86,123.17,auto,roi_crop,350,65,558,558,558
2026-06-15 18:27:33,厨余,D:\Garbage Classification\Garbage_Classification_Organized\dataset\厨余\厨余_0274.jpg,21.04,118.58,auto,roi_crop,350,65,558,558,558
2026-06-15 18:27:34,厨余,D:\Garbage Classification\Garbage_Classification_Organized\dataset\厨余\厨余_0275.jpg,23.53,125.12,auto,roi_crop,350,65,558,558,558
2026-06-15 18:27:35,厨余,D:\Garbage Classification\Garbage_Classification_Organized\dataset\厨余\厨余_0276.jpg,21.41,114.70,auto,roi_crop,350,65,558,558,558
2026-06-15 18:27:35,厨余,D:\Garbage Classification\Garbage_Classification_Organized\dataset\厨余\厨余_0277.jpg,29.16,117.06,auto,roi_crop,350,65,558,558,558
2026-06-15 18:27:36,厨余,D:\Garbage Classification\Garbage_Classification_Organized\dataset\厨余\厨余_0278.jpg,34.09,122.19,auto,roi_crop,350,65,558,558,558
2026-06-15 18:27:36,厨余,D:\Garbage Classification\Garbage_Classification_Organized\dataset\厨余\厨余_0279.jpg,34.92,126.75,auto,roi_crop,350,65,558,558,558
2026-06-15 18:27:37,厨余,D:\Garbage Classification\Garbage_Classification_Organized\dataset\厨余\厨余_0280.jpg,20.03,122.52,auto,roi_crop,350,65,558,558,558
2026-06-15 18:27:37,厨余,D:\Garbage Classification\Garbage_Classification_Organized\dataset\厨余\厨余_0281.jpg,32.23,124.11,auto,roi_crop,350,65,558,558,558
2026-06-15 18:27:38,厨余,D:\Garbage Classification\Garbage_Classification_Organized\dataset\厨余\厨余_0282.jpg,33.86,128.44,auto,roi_crop,350,65,558,558,558
2026-06-15 18:27:38,厨余,D:\Garbage Classification\Garbage_Classification_Organized\dataset\厨余\厨余_0283.jpg,34.23,128.55,auto,roi_crop,350,65,558,558,558
2026-06-15 18:27:39,厨余,D:\Garbage Classification\Garbage_Classification_Organized\dataset\厨余\厨余_0284.jpg,25.41,131.41,auto,roi_crop,350,65,558,558,558
2026-06-15 18:27:39,厨余,D:\Garbage Classification\Garbage_Classification_Organized\dataset\厨余\厨余_0285.jpg,34.67,127.09,auto,roi_crop,350,65,558,558,558
2026-06-15 18:27:40,厨余,D:\Garbage Classification\Garbage_Classification_Organized\dataset\厨余\厨余_0286.jpg,33.40,129.29,auto,roi_crop,350,65,558,558,558
2026-06-15 18:27:40,厨余,D:\Garbage Classification\Garbage_Classification_Organized\dataset\厨余\厨余_0287.jpg,34.59,128.66,auto,roi_crop,350,65,558,558,558
2026-06-15 18:27:41,厨余,D:\Garbage Classification\Garbage_Classification_Organized\dataset\厨余\厨余_0288.jpg,20.08,132.23,auto,roi_crop,350,65,558,558,558
2026-06-15 18:27:41,厨余,D:\Garbage Classification\Garbage_Classification_Organized\dataset\厨余\厨余_0289.jpg,34.37,117.47,auto,roi_crop,350,65,558,558,558
2026-06-15 18:27:42,厨余,D:\Garbage Classification\Garbage_Classification_Organized\dataset\厨余\厨余_0290.jpg,33.06,116.63,auto,roi_crop,350,65,558,558,558
2026-06-15 18:27:42,厨余,D:\Garbage Classification\Garbage_Classification_Organized\dataset\厨余\厨余_0291.jpg,34.00,119.48,auto,roi_crop,350,65,558,558,558
2026-06-15 18:27:43,厨余,D:\Garbage Classification\Garbage_Classification_Organized\dataset\厨余\厨余_0292.jpg,20.90,115.99,auto,roi_crop,350,65,558,558,558
2026-06-15 18:27:44,厨余,D:\Garbage Classification\Garbage_Classification_Organized\dataset\厨余\厨余_0293.jpg,21.18,117.28,auto,roi_crop,350,65,558,558,558
2026-06-15 18:27:45,厨余,D:\Garbage Classification\Garbage_Classification_Organized\dataset\厨余\厨余_0294.jpg,21.41,103.55,auto,roi_crop,350,65,558,558,558
2026-06-15 18:27:46,厨余,D:\Garbage Classification\Garbage_Classification_Organized\dataset\厨余\厨余_0295.jpg,32.93,113.74,auto,roi_crop,350,65,558,558,558
2026-06-15 18:27:46,厨余,D:\Garbage Classification\Garbage_Classification_Organized\dataset\厨余\厨余_0296.jpg,31.37,114.42,auto,roi_crop,350,65,558,558,558
2026-06-15 18:27:48,厨余,D:\Garbage Classification\Garbage_Classification_Organized\dataset\厨余\厨余_0297.jpg,20.55,104.65,auto,roi_crop,350,65,558,558,558
2026-06-15 18:27:49,厨余,D:\Garbage Classification\Garbage_Classification_Organized\dataset\厨余\厨余_0298.jpg,23.57,116.40,auto,roi_crop,350,65,558,558,558
2026-06-15 18:27:49,厨余,D:\Garbage Classification\Garbage_Classification_Organized\dataset\厨余\厨余_0299.jpg,27.13,123.12,auto,roi_crop,350,65,558,558,558
2026-06-15 18:27:50,厨余,D:\Garbage Classification\Garbage_Classification_Organized\dataset\厨余\厨余_0300.jpg,22.66,112.21,auto,roi_crop,350,65,558,558,558
2026-06-15 18:27:51,厨余,D:\Garbage Classification\Garbage_Classification_Organized\dataset\厨余\厨余_0301.jpg,26.02,121.63,auto,roi_crop,350,65,558,558,558
2026-06-15 18:27:51,厨余,D:\Garbage Classification\Garbage_Classification_Organized\dataset\厨余\厨余_0302.jpg,23.18,122.92,auto,roi_crop,350,65,558,558,558
2026-06-15 18:27:52,厨余,D:\Garbage Classification\Garbage_Classification_Organized\dataset\厨余\厨余_0303.jpg,24.98,122.95,auto,roi_crop,350,65,558,558,558
2026-06-15 18:27:53,厨余,D:\Garbage Classification\Garbage_Classification_Organized\dataset\厨余\厨余_0304.jpg,21.46,106.27,auto,roi_crop,350,65,558,558,558
2026-06-15 18:27:54,厨余,D:\Garbage Classification\Garbage_Classification_Organized\dataset\厨余\厨余_0305.jpg,22.62,106.45,auto,roi_crop,350,65,558,558,558
2026-06-15 18:27:54,厨余,D:\Garbage Classification\Garbage_Classification_Organized\dataset\厨余\厨余_0306.jpg,25.71,111.01,auto,roi_crop,350,65,558,558,558
2026-06-15 18:27:55,厨余,D:\Garbage Classification\Garbage_Classification_Organized\dataset\厨余\厨余_0307.jpg,28.01,117.98,auto,roi_crop,350,65,558,558,558
2026-06-15 18:27:56,厨余,D:\Garbage Classification\Garbage_Classification_Organized\dataset\厨余\厨余_0308.jpg,24.90,121.75,auto,roi_crop,350,65,558,558,558
2026-06-15 18:27:56,厨余,D:\Garbage Classification\Garbage_Classification_Organized\dataset\厨余\厨余_0309.jpg,25.28,124.89,auto,roi_crop,350,65,558,558,558
2026-06-15 18:27:57,厨余,D:\Garbage Classification\Garbage_Classification_Organized\dataset\厨余\厨余_0310.jpg,24.75,119.51,auto,roi_crop,350,65,558,558,558
2026-06-15 18:27:58,厨余,D:\Garbage Classification\Garbage_Classification_Organized\dataset\厨余\厨余_0311.jpg,24.29,131.07,auto,roi_crop,350,65,558,558,558
2026-06-15 18:27:58,厨余,D:\Garbage Classification\Garbage_Classification_Organized\dataset\厨余\厨余_0312.jpg,28.27,130.27,auto,roi_crop,350,65,558,558,558
2026-06-15 18:27:59,厨余,D:\Garbage Classification\Garbage_Classification_Organized\dataset\厨余\厨余_0313.jpg,25.54,132.26,auto,roi_crop,350,65,558,558,558
2026-06-15 18:27:59,厨余,D:\Garbage Classification\Garbage_Classification_Organized\dataset\厨余\厨余_0314.jpg,22.50,135.65,auto,roi_crop,350,65,558,558,558
2026-06-15 18:28:02,厨余,D:\Garbage Classification\Garbage_Classification_Organized\dataset\厨余\厨余_0315.jpg,24.18,123.34,auto,roi_crop,350,65,558,558,558
2026-06-15 18:28:03,厨余,D:\Garbage Classification\Garbage_Classification_Organized\dataset\厨余\厨余_0316.jpg,27.62,122.54,auto,roi_crop,350,65,558,558,558
2026-06-15 18:28:04,厨余,D:\Garbage Classification\Garbage_Classification_Organized\dataset\厨余\厨余_0317.jpg,20.67,125.41,auto,roi_crop,350,65,558,558,558
2026-06-15 18:28:04,厨余,D:\Garbage Classification\Garbage_Classification_Organized\dataset\厨余\厨余_0318.jpg,26.11,128.35,auto,roi_crop,350,65,558,558,558
2026-06-15 18:28:05,厨余,D:\Garbage Classification\Garbage_Classification_Organized\dataset\厨余\厨余_0319.jpg,28.72,128.99,auto,roi_crop,350,65,558,558,558
2026-06-15 18:28:06,厨余,D:\Garbage Classification\Garbage_Classification_Organized\dataset\厨余\厨余_0320.jpg,20.42,128.90,auto,roi_crop,350,65,558,558,558
2026-06-15 18:28:06,厨余,D:\Garbage Classification\Garbage_Classification_Organized\dataset\厨余\厨余_0321.jpg,20.35,124.48,auto,roi_crop,350,65,558,558,558
2026-06-15 18:28:07,厨余,D:\Garbage Classification\Garbage_Classification_Organized\dataset\厨余\厨余_0322.jpg,23.10,126.97,auto,roi_crop,350,65,558,558,558
2026-06-15 18:28:07,厨余,D:\Garbage Classification\Garbage_Classification_Organized\dataset\厨余\厨余_0323.jpg,21.24,123.96,auto,roi_crop,350,65,558,558,558
2026-06-15 18:28:08,厨余,D:\Garbage Classification\Garbage_Classification_Organized\dataset\厨余\厨余_0324.jpg,23.86,128.54,auto,roi_crop,350,65,558,558,558
2026-06-15 18:28:08,厨余,D:\Garbage Classification\Garbage_Classification_Organized\dataset\厨余\厨余_0325.jpg,22.75,130.83,auto,roi_crop,350,65,558,558,558
2026-06-15 18:28:09,厨余,D:\Garbage Classification\Garbage_Classification_Organized\dataset\厨余\厨余_0326.jpg,21.05,133.09,auto,roi_crop,350,65,558,558,558
2026-06-15 18:28:09,厨余,D:\Garbage Classification\Garbage_Classification_Organized\dataset\厨余\厨余_0327.jpg,21.12,128.65,auto,roi_crop,350,65,558,558,558
2026-06-15 18:28:10,厨余,D:\Garbage Classification\Garbage_Classification_Organized\dataset\厨余\厨余_0328.jpg,27.46,130.10,auto,roi_crop,350,65,558,558,558
2026-06-15 18:28:10,厨余,D:\Garbage Classification\Garbage_Classification_Organized\dataset\厨余\厨余_0329.jpg,26.11,130.72,auto,roi_crop,350,65,558,558,558
2026-06-15 18:28:11,厨余,D:\Garbage Classification\Garbage_Classification_Organized\dataset\厨余\厨余_0330.jpg,21.30,132.01,auto,roi_crop,350,65,558,558,558
2026-06-15 18:28:11,厨余,D:\Garbage Classification\Garbage_Classification_Organized\dataset\厨余\厨余_0331.jpg,24.91,134.26,auto,roi_crop,350,65,558,558,558
2026-06-15 18:28:12,厨余,D:\Garbage Classification\Garbage_Classification_Organized\dataset\厨余\厨余_0332.jpg,24.27,137.42,auto,roi_crop,350,65,558,558,558
2026-06-15 18:28:12,厨余,D:\Garbage Classification\Garbage_Classification_Organized\dataset\厨余\厨余_0333.jpg,23.13,135.67,auto,roi_crop,350,65,558,558,558
2026-06-15 18:28:16,厨余,D:\Garbage Classification\Garbage_Classification_Organized\dataset\厨余\厨余_0334.jpg,22.49,136.01,auto,roi_crop,350,65,558,558,558
2026-06-15 18:28:16,厨余,D:\Garbage Classification\Garbage_Classification_Organized\dataset\厨余\厨余_0335.jpg,25.35,128.10,auto,roi_crop,350,65,558,558,558
2026-06-15 18:28:17,厨余,D:\Garbage Classification\Garbage_Classification_Organized\dataset\厨余\厨余_0336.jpg,25.97,129.42,auto,roi_crop,350,65,558,558,558
2026-06-15 18:28:17,厨余,D:\Garbage Classification\Garbage_Classification_Organized\dataset\厨余\厨余_0337.jpg,20.90,128.52,auto,roi_crop,350,65,558,558,558
2026-06-15 18:28:18,厨余,D:\Garbage Classification\Garbage_Classification_Organized\dataset\厨余\厨余_0338.jpg,28.50,128.66,auto,roi_crop,350,65,558,558,558
2026-06-15 18:28:19,厨余,D:\Garbage Classification\Garbage_Classification_Organized\dataset\厨余\厨余_0339.jpg,26.49,131.03,auto,roi_crop,350,65,558,558,558
2026-06-15 18:28:19,厨余,D:\Garbage Classification\Garbage_Classification_Organized\dataset\厨余\厨余_0340.jpg,26.12,131.72,auto,roi_crop,350,65,558,558,558
2026-06-15 18:28:20,厨余,D:\Garbage Classification\Garbage_Classification_Organized\dataset\厨余\厨余_0341.jpg,21.68,135.38,auto,roi_crop,350,65,558,558,558
2026-06-15 18:28:20,厨余,D:\Garbage Classification\Garbage_Classification_Organized\dataset\厨余\厨余_0342.jpg,22.65,128.58,auto,roi_crop,350,65,558,558,558
2026-06-15 18:28:21,厨余,D:\Garbage Classification\Garbage_Classification_Organized\dataset\厨余\厨余_0343.jpg,22.68,133.87,auto,roi_crop,350,65,558,558,558
2026-06-15 18:28:21,厨余,D:\Garbage Classification\Garbage_Classification_Organized\dataset\厨余\厨余_0344.jpg,22.48,134.46,auto,roi_crop,350,65,558,558,558
2026-06-15 18:28:22,厨余,D:\Garbage Classification\Garbage_Classification_Organized\dataset\厨余\厨余_0345.jpg,22.68,126.22,auto,roi_crop,350,65,558,558,558
2026-06-15 18:28:23,厨余,D:\Garbage Classification\Garbage_Classification_Organized\dataset\厨余\厨余_0346.jpg,24.03,131.19,auto,roi_crop,350,65,558,558,558
2026-06-15 18:28:24,厨余,D:\Garbage Classification\Garbage_Classification_Organized\dataset\厨余\厨余_0347.jpg,25.45,131.62,auto,roi_crop,350,65,558,558,558
2026-06-15 18:28:24,厨余,D:\Garbage Classification\Garbage_Classification_Organized\dataset\厨余\厨余_0348.jpg,21.39,136.29,auto,roi_crop,350,65,558,558,558
2026-06-15 18:28:25,厨余,D:\Garbage Classification\Garbage_Classification_Organized\dataset\厨余\厨余_0349.jpg,29.93,136.90,auto,roi_crop,350,65,558,558,558
2026-06-15 18:28:25,厨余,D:\Garbage Classification\Garbage_Classification_Organized\dataset\厨余\厨余_0350.jpg,28.66,137.57,auto,roi_crop,350,65,558,558,558
2026-06-15 18:28:26,厨余,D:\Garbage Classification\Garbage_Classification_Organized\dataset\厨余\厨余_0351.jpg,21.51,134.91,auto,roi_crop,350,65,558,558,558
2026-06-15 18:28:26,厨余,D:\Garbage Classification\Garbage_Classification_Organized\dataset\厨余\厨余_0352.jpg,25.98,135.37,auto,roi_crop,350,65,558,558,558
2026-06-15 18:28:27,厨余,D:\Garbage Classification\Garbage_Classification_Organized\dataset\厨余\厨余_0353.jpg,25.08,136.63,auto,roi_crop,350,65,558,558,558
2026-06-15 18:28:27,厨余,D:\Garbage Classification\Garbage_Classification_Organized\dataset\厨余\厨余_0354.jpg,21.25,132.14,auto,roi_crop,350,65,558,558,558
2026-06-15 18:28:28,厨余,D:\Garbage Classification\Garbage_Classification_Organized\dataset\厨余\厨余_0355.jpg,24.51,128.40,auto,roi_crop,350,65,558,558,558
2026-06-15 18:28:28,厨余,D:\Garbage Classification\Garbage_Classification_Organized\dataset\厨余\厨余_0356.jpg,23.54,131.71,auto,roi_crop,350,65,558,558,558
2026-06-15 18:28:29,厨余,D:\Garbage Classification\Garbage_Classification_Organized\dataset\厨余\厨余_0357.jpg,20.48,135.68,auto,roi_crop,350,65,558,558,558
2026-06-15 18:28:30,厨余,D:\Garbage Classification\Garbage_Classification_Organized\dataset\厨余\厨余_0358.jpg,28.33,131.67,auto,roi_crop,350,65,558,558,558
2026-06-15 18:28:30,厨余,D:\Garbage Classification\Garbage_Classification_Organized\dataset\厨余\厨余_0359.jpg,20.86,137.27,auto,roi_crop,350,65,558,558,558
2026-06-15 18:28:33,厨余,D:\Garbage Classification\Garbage_Classification_Organized\dataset\厨余\厨余_0360.jpg,21.20,126.44,auto,roi_crop,350,65,558,558,558
2026-06-15 18:28:33,厨余,D:\Garbage Classification\Garbage_Classification_Organized\dataset\厨余\厨余_0361.jpg,20.69,132.20,auto,roi_crop,350,65,558,558,558
2026-06-15 18:28:34,厨余,D:\Garbage Classification\Garbage_Classification_Organized\dataset\厨余\厨余_0362.jpg,21.47,132.10,auto,roi_crop,350,65,558,558,558
2026-06-15 18:28:34,厨余,D:\Garbage Classification\Garbage_Classification_Organized\dataset\厨余\厨余_0363.jpg,22.41,137.39,auto,roi_crop,350,65,558,558,558
2026-06-15 18:28:35,厨余,D:\Garbage Classification\Garbage_Classification_Organized\dataset\厨余\厨余_0364.jpg,25.74,134.54,auto,roi_crop,350,65,558,558,558
2026-06-15 18:28:36,厨余,D:\Garbage Classification\Garbage_Classification_Organized\dataset\厨余\厨余_0365.jpg,30.31,135.53,auto,roi_crop,350,65,558,558,558
2026-06-15 18:28:36,厨余,D:\Garbage Classification\Garbage_Classification_Organized\dataset\厨余\厨余_0366.jpg,28.71,135.36,auto,roi_crop,350,65,558,558,558
2026-06-15 18:28:37,厨余,D:\Garbage Classification\Garbage_Classification_Organized\dataset\厨余\厨余_0367.jpg,25.07,136.35,auto,roi_crop,350,65,558,558,558
2026-06-15 18:28:37,厨余,D:\Garbage Classification\Garbage_Classification_Organized\dataset\厨余\厨余_0368.jpg,28.26,134.34,auto,roi_crop,350,65,558,558,558
2026-06-15 18:28:38,厨余,D:\Garbage Classification\Garbage_Classification_Organized\dataset\厨余\厨余_0369.jpg,29.32,137.25,auto,roi_crop,350,65,558,558,558
2026-06-15 18:28:38,厨余,D:\Garbage Classification\Garbage_Classification_Organized\dataset\厨余\厨余_0370.jpg,21.42,136.97,auto,roi_crop,350,65,558,558,558
2026-06-15 18:28:39,厨余,D:\Garbage Classification\Garbage_Classification_Organized\dataset\厨余\厨余_0371.jpg,21.99,126.93,auto,roi_crop,350,65,558,558,558
2026-06-15 18:28:39,厨余,D:\Garbage Classification\Garbage_Classification_Organized\dataset\厨余\厨余_0372.jpg,24.73,130.46,auto,roi_crop,350,65,558,558,558
2026-06-15 18:28:40,厨余,D:\Garbage Classification\Garbage_Classification_Organized\dataset\厨余\厨余_0373.jpg,24.92,135.00,auto,roi_crop,350,65,558,558,558
2026-06-15 18:28:40,厨余,D:\Garbage Classification\Garbage_Classification_Organized\dataset\厨余\厨余_0374.jpg,27.33,134.91,auto,roi_crop,350,65,558,558,558
2026-06-15 18:28:41,厨余,D:\Garbage Classification\Garbage_Classification_Organized\dataset\厨余\厨余_0375.jpg,25.93,129.22,auto,roi_crop,350,65,558,558,558
2026-06-15 18:28:41,厨余,D:\Garbage Classification\Garbage_Classification_Organized\dataset\厨余\厨余_0376.jpg,26.33,131.53,auto,roi_crop,350,65,558,558,558
2026-06-15 18:28:42,厨余,D:\Garbage Classification\Garbage_Classification_Organized\dataset\厨余\厨余_0377.jpg,23.09,127.94,auto,roi_crop,350,65,558,558,558
2026-06-15 18:28:43,厨余,D:\Garbage Classification\Garbage_Classification_Organized\dataset\厨余\厨余_0378.jpg,21.86,128.79,auto,roi_crop,350,65,558,558,558
2026-06-15 18:28:44,厨余,D:\Garbage Classification\Garbage_Classification_Organized\dataset\厨余\厨余_0379.jpg,23.01,131.57,auto,roi_crop,350,65,558,558,558
2026-06-15 18:28:44,厨余,D:\Garbage Classification\Garbage_Classification_Organized\dataset\厨余\厨余_0380.jpg,24.37,134.63,auto,roi_crop,350,65,558,558,558
2026-06-15 18:28:45,厨余,D:\Garbage Classification\Garbage_Classification_Organized\dataset\厨余\厨余_0381.jpg,23.89,135.62,auto,roi_crop,350,65,558,558,558
2026-06-15 18:28:45,厨余,D:\Garbage Classification\Garbage_Classification_Organized\dataset\厨余\厨余_0382.jpg,22.19,130.21,auto,roi_crop,350,65,558,558,558
2026-06-15 18:28:48,厨余,D:\Garbage Classification\Garbage_Classification_Organized\dataset\厨余\厨余_0383.jpg,22.67,125.45,auto,roi_crop,350,65,558,558,558
2026-06-15 18:28:49,厨余,D:\Garbage Classification\Garbage_Classification_Organized\dataset\厨余\厨余_0384.jpg,20.50,122.54,auto,roi_crop,350,65,558,558,558
2026-06-15 18:28:49,厨余,D:\Garbage Classification\Garbage_Classification_Organized\dataset\厨余\厨余_0385.jpg,21.77,132.76,auto,roi_crop,350,65,558,558,558
2026-06-15 18:28:50,厨余,D:\Garbage Classification\Garbage_Classification_Organized\dataset\厨余\厨余_0386.jpg,27.99,131.20,auto,roi_crop,350,65,558,558,558
2026-06-15 18:28:50,厨余,D:\Garbage Classification\Garbage_Classification_Organized\dataset\厨余\厨余_0387.jpg,25.12,120.83,auto,roi_crop,350,65,558,558,558
2026-06-15 18:28:51,厨余,D:\Garbage Classification\Garbage_Classification_Organized\dataset\厨余\厨余_0388.jpg,23.02,133.97,auto,roi_crop,350,65,558,558,558
2026-06-15 18:33:46,待分拣,D:\Garbage Classification\Garbage_Classification_Organized\dataset\待分拣\待分拣_0356.jpg,21.19,127.07,auto,roi_crop,350,65,558,558,558
2026-06-15 18:33:47,待分拣,D:\Garbage Classification\Garbage_Classification_Organized\dataset\待分拣\待分拣_0357.jpg,20.14,126.66,auto,roi_crop,350,65,558,558,558
2026-06-15 18:33:48,待分拣,D:\Garbage Classification\Garbage_Classification_Organized\dataset\待分拣\待分拣_0358.jpg,21.64,130.43,auto,roi_crop,350,65,558,558,558
2026-06-15 18:33:49,待分拣,D:\Garbage Classification\Garbage_Classification_Organized\dataset\待分拣\待分拣_0359.jpg,20.98,130.83,auto,roi_crop,350,65,558,558,558
2026-06-15 18:33:50,待分拣,D:\Garbage Classification\Garbage_Classification_Organized\dataset\待分拣\待分拣_0360.jpg,22.44,134.36,auto,roi_crop,350,65,558,558,558
2026-06-15 18:33:53,待分拣,D:\Garbage Classification\Garbage_Classification_Organized\dataset\待分拣\待分拣_0361.jpg,22.85,132.73,auto,roi_crop,350,65,558,558,558
2026-06-15 18:33:54,待分拣,D:\Garbage Classification\Garbage_Classification_Organized\dataset\待分拣\待分拣_0362.jpg,23.20,130.39,auto,roi_crop,350,65,558,558,558
2026-06-15 18:33:55,待分拣,D:\Garbage Classification\Garbage_Classification_Organized\dataset\待分拣\待分拣_0363.jpg,22.65,121.52,auto,roi_crop,350,65,558,558,558
2026-06-15 18:33:56,待分拣,D:\Garbage Classification\Garbage_Classification_Organized\dataset\待分拣\待分拣_0364.jpg,22.73,130.98,auto,roi_crop,350,65,558,558,558
2026-06-15 18:33:57,待分拣,D:\Garbage Classification\Garbage_Classification_Organized\dataset\待分拣\待分拣_0365.jpg,22.23,127.63,auto,roi_crop,350,65,558,558,558
2026-06-15 18:33:58,待分拣,D:\Garbage Classification\Garbage_Classification_Organized\dataset\待分拣\待分拣_0366.jpg,21.76,124.70,auto,roi_crop,350,65,558,558,558
2026-06-15 18:34:00,待分拣,D:\Garbage Classification\Garbage_Classification_Organized\dataset\待分拣\待分拣_0367.jpg,21.48,123.60,auto,roi_crop,350,65,558,558,558
2026-06-15 18:34:01,待分拣,D:\Garbage Classification\Garbage_Classification_Organized\dataset\待分拣\待分拣_0368.jpg,22.48,123.31,auto,roi_crop,350,65,558,558,558
2026-06-15 18:34:02,待分拣,D:\Garbage Classification\Garbage_Classification_Organized\dataset\待分拣\待分拣_0369.jpg,20.67,121.86,auto,roi_crop,350,65,558,558,558
2026-06-15 18:34:05,待分拣,D:\Garbage Classification\Garbage_Classification_Organized\dataset\待分拣\待分拣_0370.jpg,21.95,126.34,auto,roi_crop,350,65,558,558,558
2026-06-15 18:34:06,待分拣,D:\Garbage Classification\Garbage_Classification_Organized\dataset\待分拣\待分拣_0371.jpg,36.11,138.39,auto,roi_crop,350,65,558,558,558
2026-06-15 18:34:07,待分拣,D:\Garbage Classification\Garbage_Classification_Organized\dataset\待分拣\待分拣_0372.jpg,21.64,131.92,auto,roi_crop,350,65,558,558,558
2026-06-15 18:34:08,待分拣,D:\Garbage Classification\Garbage_Classification_Organized\dataset\待分拣\待分拣_0373.jpg,25.02,128.46,auto,roi_crop,350,65,558,558,558
2026-06-15 18:34:09,待分拣,D:\Garbage Classification\Garbage_Classification_Organized\dataset\待分拣\待分拣_0374.jpg,33.61,133.26,auto,roi_crop,350,65,558,558,558
2026-06-15 18:34:10,待分拣,D:\Garbage Classification\Garbage_Classification_Organized\dataset\待分拣\待分拣_0375.jpg,22.17,134.97,auto,roi_crop,350,65,558,558,558
2026-06-15 18:34:11,待分拣,D:\Garbage Classification\Garbage_Classification_Organized\dataset\待分拣\待分拣_0376.jpg,31.76,138.78,auto,roi_crop,350,65,558,558,558
2026-06-15 18:34:13,待分拣,D:\Garbage Classification\Garbage_Classification_Organized\dataset\待分拣\待分拣_0377.jpg,25.19,130.31,auto,roi_crop,350,65,558,558,558
2026-06-15 18:34:14,待分拣,D:\Garbage Classification\Garbage_Classification_Organized\dataset\待分拣\待分拣_0378.jpg,20.60,125.44,auto,roi_crop,350,65,558,558,558
2026-06-15 18:34:15,待分拣,D:\Garbage Classification\Garbage_Classification_Organized\dataset\待分拣\待分拣_0379.jpg,26.96,131.26,auto,roi_crop,350,65,558,558,558
2026-06-15 18:34:16,待分拣,D:\Garbage Classification\Garbage_Classification_Organized\dataset\待分拣\待分拣_0380.jpg,33.06,128.16,auto,roi_crop,350,65,558,558,558
2026-06-15 18:34:17,待分拣,D:\Garbage Classification\Garbage_Classification_Organized\dataset\待分拣\待分拣_0381.jpg,23.89,131.30,auto,roi_crop,350,65,558,558,558
2026-06-15 18:34:18,待分拣,D:\Garbage Classification\Garbage_Classification_Organized\dataset\待分拣\待分拣_0382.jpg,26.25,125.79,auto,roi_crop,350,65,558,558,558
2026-06-15 18:34:19,待分拣,D:\Garbage Classification\Garbage_Classification_Organized\dataset\待分拣\待分拣_0383.jpg,31.41,128.38,auto,roi_crop,350,65,558,558,558
2026-06-15 18:34:20,待分拣,D:\Garbage Classification\Garbage_Classification_Organized\dataset\待分拣\待分拣_0384.jpg,20.10,132.06,auto,roi_crop,350,65,558,558,558
2026-06-15 18:34:21,待分拣,D:\Garbage Classification\Garbage_Classification_Organized\dataset\待分拣\待分拣_0385.jpg,30.32,127.11,auto,roi_crop,350,65,558,558,558
2026-06-15 18:34:22,待分拣,D:\Garbage Classification\Garbage_Classification_Organized\dataset\待分拣\待分拣_0386.jpg,21.23,128.55,auto,roi_crop,350,65,558,558,558
2026-06-15 18:34:24,待分拣,D:\Garbage Classification\Garbage_Classification_Organized\dataset\待分拣\待分拣_0387.jpg,21.61,123.14,auto,roi_crop,350,65,558,558,558
2026-06-15 18:34:25,待分拣,D:\Garbage Classification\Garbage_Classification_Organized\dataset\待分拣\待分拣_0388.jpg,29.18,129.14,auto,roi_crop,350,65,558,558,558
2026-06-15 18:34:28,待分拣,D:\Garbage Classification\Garbage_Classification_Organized\dataset\待分拣\待分拣_0389.jpg,21.73,131.28,auto,roi_crop,350,65,558,558,558
2026-06-15 18:34:29,待分拣,D:\Garbage Classification\Garbage_Classification_Organized\dataset\待分拣\待分拣_0390.jpg,27.10,128.94,auto,roi_crop,350,65,558,558,558
2026-06-15 18:34:31,待分拣,D:\Garbage Classification\Garbage_Classification_Organized\dataset\待分拣\待分拣_0391.jpg,20.35,133.89,auto,roi_crop,350,65,558,558,558
2026-06-15 18:34:32,待分拣,D:\Garbage Classification\Garbage_Classification_Organized\dataset\待分拣\待分拣_0392.jpg,26.77,131.80,auto,roi_crop,350,65,558,558,558
2026-06-15 18:34:33,待分拣,D:\Garbage Classification\Garbage_Classification_Organized\dataset\待分拣\待分拣_0393.jpg,25.60,130.26,auto,roi_crop,350,65,558,558,558
2026-06-15 18:34:35,待分拣,D:\Garbage Classification\Garbage_Classification_Organized\dataset\待分拣\待分拣_0394.jpg,22.50,123.09,auto,roi_crop,350,65,558,558,558
2026-06-15 18:34:36,待分拣,D:\Garbage Classification\Garbage_Classification_Organized\dataset\待分拣\待分拣_0395.jpg,30.40,125.70,auto,roi_crop,350,65,558,558,558
2026-06-15 18:34:37,待分拣,D:\Garbage Classification\Garbage_Classification_Organized\dataset\待分拣\待分拣_0396.jpg,23.49,125.42,auto,roi_crop,350,65,558,558,558
2026-06-15 18:34:38,待分拣,D:\Garbage Classification\Garbage_Classification_Organized\dataset\待分拣\待分拣_0397.jpg,21.82,122.66,auto,roi_crop,350,65,558,558,558
2026-06-15 18:34:40,待分拣,D:\Garbage Classification\Garbage_Classification_Organized\dataset\待分拣\待分拣_0398.jpg,22.30,126.44,auto,roi_crop,350,65,558,558,558
2026-06-15 18:34:41,待分拣,D:\Garbage Classification\Garbage_Classification_Organized\dataset\待分拣\待分拣_0399.jpg,21.58,120.53,auto,roi_crop,350,65,558,558,558
2026-06-15 18:34:42,待分拣,D:\Garbage Classification\Garbage_Classification_Organized\dataset\待分拣\待分拣_0400.jpg,20.82,124.37,auto,roi_crop,350,65,558,558,558
2026-06-15 18:34:43,待分拣,D:\Garbage Classification\Garbage_Classification_Organized\dataset\待分拣\待分拣_0401.jpg,21.45,126.27,auto,roi_crop,350,65,558,558,558
2026-06-15 18:34:44,待分拣,D:\Garbage Classification\Garbage_Classification_Organized\dataset\待分拣\待分拣_0402.jpg,26.84,126.73,auto,roi_crop,350,65,558,558,558
2026-06-15 18:34:45,待分拣,D:\Garbage Classification\Garbage_Classification_Organized\dataset\待分拣\待分拣_0403.jpg,21.37,135.72,auto,roi_crop,350,65,558,558,558
2026-06-15 18:34:46,待分拣,D:\Garbage Classification\Garbage_Classification_Organized\dataset\待分拣\待分拣_0404.jpg,22.73,123.67,auto,roi_crop,350,65,558,558,558
2026-06-15 18:34:47,待分拣,D:\Garbage Classification\Garbage_Classification_Organized\dataset\待分拣\待分拣_0405.jpg,25.53,125.51,auto,roi_crop,350,65,558,558,558
2026-06-15 18:34:48,待分拣,D:\Garbage Classification\Garbage_Classification_Organized\dataset\待分拣\待分拣_0406.jpg,30.52,135.53,auto,roi_crop,350,65,558,558,558
2026-06-15 18:34:49,待分拣,D:\Garbage Classification\Garbage_Classification_Organized\dataset\待分拣\待分拣_0407.jpg,22.78,128.76,auto,roi_crop,350,65,558,558,558
2026-06-15 18:34:51,待分拣,D:\Garbage Classification\Garbage_Classification_Organized\dataset\待分拣\待分拣_0408.jpg,22.23,117.17,auto,roi_crop,350,65,558,558,558
2026-06-15 18:34:52,待分拣,D:\Garbage Classification\Garbage_Classification_Organized\dataset\待分拣\待分拣_0409.jpg,20.93,129.03,auto,roi_crop,350,65,558,558,558
2026-06-15 18:34:55,待分拣,D:\Garbage Classification\Garbage_Classification_Organized\dataset\待分拣\待分拣_0410.jpg,21.90,134.34,auto,roi_crop,350,65,558,558,558
2026-06-15 18:34:56,待分拣,D:\Garbage Classification\Garbage_Classification_Organized\dataset\待分拣\待分拣_0411.jpg,28.83,121.45,auto,roi_crop,350,65,558,558,558
2026-06-15 18:34:58,待分拣,D:\Garbage Classification\Garbage_Classification_Organized\dataset\待分拣\待分拣_0412.jpg,22.57,120.56,auto,roi_crop,350,65,558,558,558
2026-06-15 18:34:59,待分拣,D:\Garbage Classification\Garbage_Classification_Organized\dataset\待分拣\待分拣_0413.jpg,31.95,125.11,auto,roi_crop,350,65,558,558,558
2026-06-15 18:35:00,待分拣,D:\Garbage Classification\Garbage_Classification_Organized\dataset\待分拣\待分拣_0414.jpg,25.45,120.67,auto,roi_crop,350,65,558,558,558
2026-06-15 18:35:01,待分拣,D:\Garbage Classification\Garbage_Classification_Organized\dataset\待分拣\待分拣_0415.jpg,20.29,128.78,auto,roi_crop,350,65,558,558,558
2026-06-15 18:35:03,待分拣,D:\Garbage Classification\Garbage_Classification_Organized\dataset\待分拣\待分拣_0416.jpg,21.87,115.73,auto,roi_crop,350,65,558,558,558
2026-06-15 18:35:04,待分拣,D:\Garbage Classification\Garbage_Classification_Organized\dataset\待分拣\待分拣_0417.jpg,24.26,130.79,auto,roi_crop,350,65,558,558,558
2026-06-15 18:35:05,待分拣,D:\Garbage Classification\Garbage_Classification_Organized\dataset\待分拣\待分拣_0418.jpg,21.23,132.41,auto,roi_crop,350,65,558,558,558
2026-06-15 18:35:06,待分拣,D:\Garbage Classification\Garbage_Classification_Organized\dataset\待分拣\待分拣_0419.jpg,24.96,126.99,auto,roi_crop,350,65,558,558,558
2026-06-15 18:35:07,待分拣,D:\Garbage Classification\Garbage_Classification_Organized\dataset\待分拣\待分拣_0420.jpg,21.00,121.66,auto,roi_crop,350,65,558,558,558
2026-06-15 18:35:08,待分拣,D:\Garbage Classification\Garbage_Classification_Organized\dataset\待分拣\待分拣_0421.jpg,22.01,130.57,auto,roi_crop,350,65,558,558,558
2026-06-15 18:35:10,待分拣,D:\Garbage Classification\Garbage_Classification_Organized\dataset\待分拣\待分拣_0422.jpg,20.63,122.54,auto,roi_crop,350,65,558,558,558
2026-06-15 18:35:11,待分拣,D:\Garbage Classification\Garbage_Classification_Organized\dataset\待分拣\待分拣_0423.jpg,22.69,132.90,auto,roi_crop,350,65,558,558,558
2026-06-15 18:35:12,待分拣,D:\Garbage Classification\Garbage_Classification_Organized\dataset\待分拣\待分拣_0424.jpg,23.46,136.84,auto,roi_crop,350,65,558,558,558
2026-06-15 18:35:15,待分拣,D:\Garbage Classification\Garbage_Classification_Organized\dataset\待分拣\待分拣_0425.jpg,25.32,115.23,auto,roi_crop,350,65,558,558,558
2026-06-15 18:35:16,待分拣,D:\Garbage Classification\Garbage_Classification_Organized\dataset\待分拣\待分拣_0426.jpg,25.00,128.78,auto,roi_crop,350,65,558,558,558
2026-06-15 18:35:18,待分拣,D:\Garbage Classification\Garbage_Classification_Organized\dataset\待分拣\待分拣_0427.jpg,20.01,130.60,auto,roi_crop,350,65,558,558,558
2026-06-15 18:35:19,待分拣,D:\Garbage Classification\Garbage_Classification_Organized\dataset\待分拣\待分拣_0428.jpg,26.27,134.37,auto,roi_crop,350,65,558,558,558
2026-06-15 18:35:20,待分拣,D:\Garbage Classification\Garbage_Classification_Organized\dataset\待分拣\待分拣_0429.jpg,23.33,121.75,auto,roi_crop,350,65,558,558,558
2026-06-15 18:35:22,待分拣,D:\Garbage Classification\Garbage_Classification_Organized\dataset\待分拣\待分拣_0430.jpg,20.70,127.83,auto,roi_crop,350,65,558,558,558
2026-06-15 18:35:23,待分拣,D:\Garbage Classification\Garbage_Classification_Organized\dataset\待分拣\待分拣_0431.jpg,26.38,126.45,auto,roi_crop,350,65,558,558,558
2026-06-15 18:35:24,待分拣,D:\Garbage Classification\Garbage_Classification_Organized\dataset\待分拣\待分拣_0432.jpg,28.79,121.93,auto,roi_crop,350,65,558,558,558
2026-06-15 18:35:26,待分拣,D:\Garbage Classification\Garbage_Classification_Organized\dataset\待分拣\待分拣_0433.jpg,27.32,126.51,auto,roi_crop,350,65,558,558,558
2026-06-15 18:35:27,待分拣,D:\Garbage Classification\Garbage_Classification_Organized\dataset\待分拣\待分拣_0434.jpg,24.82,114.40,auto,roi_crop,350,65,558,558,558
2026-06-15 18:35:28,待分拣,D:\Garbage Classification\Garbage_Classification_Organized\dataset\待分拣\待分拣_0435.jpg,21.56,129.91,auto,roi_crop,350,65,558,558,558
2026-06-15 18:35:29,待分拣,D:\Garbage Classification\Garbage_Classification_Organized\dataset\待分拣\待分拣_0436.jpg,22.43,121.02,auto,roi_crop,350,65,558,558,558
2026-06-15 18:35:30,待分拣,D:\Garbage Classification\Garbage_Classification_Organized\dataset\待分拣\待分拣_0437.jpg,29.23,120.52,auto,roi_crop,350,65,558,558,558
2026-06-15 18:35:31,待分拣,D:\Garbage Classification\Garbage_Classification_Organized\dataset\待分拣\待分拣_0438.jpg,21.59,130.40,auto,roi_crop,350,65,558,558,558
2026-06-15 18:35:33,待分拣,D:\Garbage Classification\Garbage_Classification_Organized\dataset\待分拣\待分拣_0439.jpg,20.26,124.94,auto,roi_crop,350,65,558,558,558
2026-06-15 18:35:34,待分拣,D:\Garbage Classification\Garbage_Classification_Organized\dataset\待分拣\待分拣_0440.jpg,31.49,128.61,auto,roi_crop,350,65,558,558,558
2026-06-15 18:35:36,待分拣,D:\Garbage Classification\Garbage_Classification_Organized\dataset\待分拣\待分拣_0441.jpg,20.14,147.51,auto,roi_crop,350,65,558,558,558
2026-06-15 18:35:38,待分拣,D:\Garbage Classification\Garbage_Classification_Organized\dataset\待分拣\待分拣_0442.jpg,20.95,132.67,auto,roi_crop,350,65,558,558,558
2026-06-15 18:35:39,待分拣,D:\Garbage Classification\Garbage_Classification_Organized\dataset\待分拣\待分拣_0443.jpg,20.75,128.49,auto,roi_crop,350,65,558,558,558
2026-06-15 18:35:40,待分拣,D:\Garbage Classification\Garbage_Classification_Organized\dataset\待分拣\待分拣_0444.jpg,22.18,129.93,auto,roi_crop,350,65,558,558,558
2026-06-15 18:35:42,待分拣,D:\Garbage Classification\Garbage_Classification_Organized\dataset\待分拣\待分拣_0445.jpg,20.59,133.60,auto,roi_crop,350,65,558,558,558
2026-06-15 18:35:44,待分拣,D:\Garbage Classification\Garbage_Classification_Organized\dataset\待分拣\待分拣_0446.jpg,20.44,124.21,auto,roi_crop,350,65,558,558,558
2026-06-15 18:35:45,待分拣,D:\Garbage Classification\Garbage_Classification_Organized\dataset\待分拣\待分拣_0447.jpg,20.97,130.09,auto,roi_crop,350,65,558,558,558
2026-06-15 18:35:46,待分拣,D:\Garbage Classification\Garbage_Classification_Organized\dataset\待分拣\待分拣_0448.jpg,31.53,132.19,auto,roi_crop,350,65,558,558,558
2026-06-15 18:35:47,待分拣,D:\Garbage Classification\Garbage_Classification_Organized\dataset\待分拣\待分拣_0449.jpg,24.49,131.17,auto,roi_crop,350,65,558,558,558
2026-06-15 18:35:48,待分拣,D:\Garbage Classification\Garbage_Classification_Organized\dataset\待分拣\待分拣_0450.jpg,21.17,135.78,auto,roi_crop,350,65,558,558,558
2026-06-15 18:35:49,待分拣,D:\Garbage Classification\Garbage_Classification_Organized\dataset\待分拣\待分拣_0451.jpg,23.99,126.79,auto,roi_crop,350,65,558,558,558
2026-06-15 18:35:50,待分拣,D:\Garbage Classification\Garbage_Classification_Organized\dataset\待分拣\待分拣_0452.jpg,23.62,122.50,auto,roi_crop,350,65,558,558,558
2026-06-15 18:35:51,待分拣,D:\Garbage Classification\Garbage_Classification_Organized\dataset\待分拣\待分拣_0453.jpg,27.41,120.83,auto,roi_crop,350,65,558,558,558
2026-06-15 18:35:53,待分拣,D:\Garbage Classification\Garbage_Classification_Organized\dataset\待分拣\待分拣_0454.jpg,22.37,124.45,auto,roi_crop,350,65,558,558,558
2026-06-15 18:35:54,待分拣,D:\Garbage Classification\Garbage_Classification_Organized\dataset\待分拣\待分拣_0455.jpg,23.01,125.83,auto,roi_crop,350,65,558,558,558
2026-06-15 18:35:55,待分拣,D:\Garbage Classification\Garbage_Classification_Organized\dataset\待分拣\待分拣_0456.jpg,20.26,123.45,auto,roi_crop,350,65,558,558,558
2026-06-15 18:35:56,待分拣,D:\Garbage Classification\Garbage_Classification_Organized\dataset\待分拣\待分拣_0457.jpg,20.59,125.88,auto,roi_crop,350,65,558,558,558
2026-06-15 18:35:58,待分拣,D:\Garbage Classification\Garbage_Classification_Organized\dataset\待分拣\待分拣_0458.jpg,20.84,120.94,auto,roi_crop,350,65,558,558,558
2026-06-15 18:35:59,待分拣,D:\Garbage Classification\Garbage_Classification_Organized\dataset\待分拣\待分拣_0459.jpg,22.82,132.74,auto,roi_crop,350,65,558,558,558
2026-06-15 18:36:00,待分拣,D:\Garbage Classification\Garbage_Classification_Organized\dataset\待分拣\待分拣_0460.jpg,23.06,127.29,auto,roi_crop,350,65,558,558,558
2026-06-15 18:36:01,待分拣,D:\Garbage Classification\Garbage_Classification_Organized\dataset\待分拣\待分拣_0461.jpg,21.82,125.70,auto,roi_crop,350,65,558,558,558
2026-06-15 18:36:02,待分拣,D:\Garbage Classification\Garbage_Classification_Organized\dataset\待分拣\待分拣_0462.jpg,21.50,124.30,auto,roi_crop,350,65,558,558,558
2026-06-15 18:36:03,待分拣,D:\Garbage Classification\Garbage_Classification_Organized\dataset\待分拣\待分拣_0463.jpg,22.82,123.91,auto,roi_crop,350,65,558,558,558
2026-06-17 21:18:47,其他,D:\Garbage Classification\Garbage_Classification_Organized\dataset\其他\其他_0001.jpg,45.71,140.04,auto,roi_crop,350,65,558,558,558
2026-06-17 21:18:48,其他,D:\Garbage Classification\Garbage_Classification_Organized\dataset\其他\其他_0002.jpg,43.46,137.11,auto,roi_crop,350,65,558,558,558
2026-06-17 21:18:48,其他,D:\Garbage Classification\Garbage_Classification_Organized\dataset\其他\其他_0003.jpg,45.86,137.07,auto,roi_crop,350,65,558,558,558
2026-06-17 21:18:49,其他,D:\Garbage Classification\Garbage_Classification_Organized\dataset\其他\其他_0004.jpg,44.30,139.86,auto,roi_crop,350,65,558,558,558
2026-06-17 21:18:50,其他,D:\Garbage Classification\Garbage_Classification_Organized\dataset\其他\其他_0005.jpg,43.09,137.70,auto,roi_crop,350,65,558,558,558
2026-06-17 21:18:51,其他,D:\Garbage Classification\Garbage_Classification_Organized\dataset\其他\其他_0006.jpg,44.32,139.52,auto,roi_crop,350,65,558,558,558
2026-06-17 21:18:51,其他,D:\Garbage Classification\Garbage_Classification_Organized\dataset\其他\其他_0007.jpg,45.45,139.68,auto,roi_crop,350,65,558,558,558
2026-06-17 21:18:52,其他,D:\Garbage Classification\Garbage_Classification_Organized\dataset\其他\其他_0008.jpg,45.06,142.25,auto,roi_crop,350,65,558,558,558
2026-06-17 21:18:53,其他,D:\Garbage Classification\Garbage_Classification_Organized\dataset\其他\其他_0009.jpg,40.44,143.97,auto,roi_crop,350,65,558,558,558
2026-06-17 21:18:54,其他,D:\Garbage Classification\Garbage_Classification_Organized\dataset\其他\其他_0010.jpg,40.84,142.67,auto,roi_crop,350,65,558,558,558
2026-06-17 21:18:54,其他,D:\Garbage Classification\Garbage_Classification_Organized\dataset\其他\其他_0011.jpg,41.85,142.38,auto,roi_crop,350,65,558,558,558
2026-06-17 21:18:55,其他,D:\Garbage Classification\Garbage_Classification_Organized\dataset\其他\其他_0012.jpg,50.49,142.68,auto,roi_crop,350,65,558,558,558
2026-06-17 21:18:56,其他,D:\Garbage Classification\Garbage_Classification_Organized\dataset\其他\其他_0013.jpg,54.95,139.57,auto,roi_crop,350,65,558,558,558
2026-06-17 21:18:57,其他,D:\Garbage Classification\Garbage_Classification_Organized\dataset\其他\其他_0014.jpg,57.27,141.17,auto,roi_crop,350,65,558,558,558
2026-06-17 21:18:57,其他,D:\Garbage Classification\Garbage_Classification_Organized\dataset\其他\其他_0015.jpg,42.29,142.38,auto,roi_crop,350,65,558,558,558
2026-06-17 21:18:58,其他,D:\Garbage Classification\Garbage_Classification_Organized\dataset\其他\其他_0016.jpg,44.43,143.30,auto,roi_crop,350,65,558,558,558
2026-06-17 21:18:59,其他,D:\Garbage Classification\Garbage_Classification_Organized\dataset\其他\其他_0017.jpg,42.60,141.07,auto,roi_crop,350,65,558,558,558
2026-06-17 21:18:59,其他,D:\Garbage Classification\Garbage_Classification_Organized\dataset\其他\其他_0018.jpg,40.36,142.27,auto,roi_crop,350,65,558,558,558
2026-06-17 21:19:00,其他,D:\Garbage Classification\Garbage_Classification_Organized\dataset\其他\其他_0019.jpg,40.15,142.02,auto,roi_crop,350,65,558,558,558
2026-06-17 21:19:01,其他,D:\Garbage Classification\Garbage_Classification_Organized\dataset\其他\其他_0020.jpg,47.55,139.88,auto,roi_crop,350,65,558,558,558
2026-06-17 21:19:02,其他,D:\Garbage Classification\Garbage_Classification_Organized\dataset\其他\其他_0021.jpg,49.10,141.47,auto,roi_crop,350,65,558,558,558
2026-06-17 21:19:03,其他,D:\Garbage Classification\Garbage_Classification_Organized\dataset\其他\其他_0022.jpg,47.90,139.21,auto,roi_crop,350,65,558,558,558
2026-06-17 21:19:03,其他,D:\Garbage Classification\Garbage_Classification_Organized\dataset\其他\其他_0023.jpg,54.14,142.66,auto,roi_crop,350,65,558,558,558
2026-06-17 21:19:04,其他,D:\Garbage Classification\Garbage_Classification_Organized\dataset\其他\其他_0024.jpg,49.48,136.61,auto,roi_crop,350,65,558,558,558
2026-06-17 21:19:05,其他,D:\Garbage Classification\Garbage_Classification_Organized\dataset\其他\其他_0025.jpg,47.59,132.23,auto,roi_crop,350,65,558,558,558
2026-06-17 21:19:05,其他,D:\Garbage Classification\Garbage_Classification_Organized\dataset\其他\其他_0026.jpg,63.32,139.59,auto,roi_crop,350,65,558,558,558
2026-06-17 21:19:06,其他,D:\Garbage Classification\Garbage_Classification_Organized\dataset\其他\其他_0027.jpg,41.46,130.56,auto,roi_crop,350,65,558,558,558
2026-06-17 21:19:06,其他,D:\Garbage Classification\Garbage_Classification_Organized\dataset\其他\其他_0028.jpg,58.51,137.95,auto,roi_crop,350,65,558,558,558
2026-06-17 21:19:07,其他,D:\Garbage Classification\Garbage_Classification_Organized\dataset\其他\其他_0029.jpg,60.25,138.77,auto,roi_crop,350,65,558,558,558
2026-06-17 21:19:07,其他,D:\Garbage Classification\Garbage_Classification_Organized\dataset\其他\其他_0030.jpg,59.82,138.86,auto,roi_crop,350,65,558,558,558
2026-06-17 21:19:08,其他,D:\Garbage Classification\Garbage_Classification_Organized\dataset\其他\其他_0031.jpg,54.26,138.71,auto,roi_crop,350,65,558,558,558
2026-06-17 21:19:09,其他,D:\Garbage Classification\Garbage_Classification_Organized\dataset\其他\其他_0032.jpg,46.58,138.68,auto,roi_crop,350,65,558,558,558
2026-06-17 21:19:09,其他,D:\Garbage Classification\Garbage_Classification_Organized\dataset\其他\其他_0033.jpg,48.13,139.44,auto,roi_crop,350,65,558,558,558
2026-06-17 21:19:11,其他,D:\Garbage Classification\Garbage_Classification_Organized\dataset\其他\其他_0034.jpg,50.18,135.46,auto,roi_crop,350,65,558,558,558
2026-06-17 21:19:12,其他,D:\Garbage Classification\Garbage_Classification_Organized\dataset\其他\其他_0035.jpg,52.04,139.23,auto,roi_crop,350,65,558,558,558
2026-06-17 21:19:12,其他,D:\Garbage Classification\Garbage_Classification_Organized\dataset\其他\其他_0036.jpg,41.86,134.16,auto,roi_crop,350,65,558,558,558
2026-06-17 21:19:13,其他,D:\Garbage Classification\Garbage_Classification_Organized\dataset\其他\其他_0037.jpg,53.22,143.34,auto,roi_crop,350,65,558,558,558
2026-06-17 21:19:13,其他,D:\Garbage Classification\Garbage_Classification_Organized\dataset\其他\其他_0038.jpg,51.80,141.66,auto,roi_crop,350,65,558,558,558
2026-06-17 21:19:14,其他,D:\Garbage Classification\Garbage_Classification_Organized\dataset\其他\其他_0039.jpg,50.07,141.67,auto,roi_crop,350,65,558,558,558
2026-06-17 21:19:15,其他,D:\Garbage Classification\Garbage_Classification_Organized\dataset\其他\其他_0040.jpg,40.15,129.78,auto,roi_crop,350,65,558,558,558
2026-06-17 21:19:16,其他,D:\Garbage Classification\Garbage_Classification_Organized\dataset\其他\其他_0041.jpg,40.44,133.46,auto,roi_crop,350,65,558,558,558
2026-06-17 21:19:16,其他,D:\Garbage Classification\Garbage_Classification_Organized\dataset\其他\其他_0042.jpg,44.48,133.62,auto,roi_crop,350,65,558,558,558
2026-06-17 21:19:17,其他,D:\Garbage Classification\Garbage_Classification_Organized\dataset\其他\其他_0043.jpg,45.89,133.63,auto,roi_crop,350,65,558,558,558
2026-06-17 21:19:18,其他,D:\Garbage Classification\Garbage_Classification_Organized\dataset\其他\其他_0044.jpg,43.67,132.55,auto,roi_crop,350,65,558,558,558
2026-06-17 21:19:18,其他,D:\Garbage Classification\Garbage_Classification_Organized\dataset\其他\其他_0045.jpg,47.15,133.16,auto,roi_crop,350,65,558,558,558
2026-06-17 21:19:19,其他,D:\Garbage Classification\Garbage_Classification_Organized\dataset\其他\其他_0046.jpg,42.88,133.01,auto,roi_crop,350,65,558,558,558
2026-06-17 21:19:20,其他,D:\Garbage Classification\Garbage_Classification_Organized\dataset\其他\其他_0047.jpg,42.56,134.64,auto,roi_crop,350,65,558,558,558
2026-06-17 21:19:20,其他,D:\Garbage Classification\Garbage_Classification_Organized\dataset\其他\其他_0048.jpg,43.16,135.67,auto,roi_crop,350,65,558,558,558
2026-06-17 21:19:21,其他,D:\Garbage Classification\Garbage_Classification_Organized\dataset\其他\其他_0049.jpg,43.16,137.04,auto,roi_crop,350,65,558,558,558
2026-06-17 21:19:21,其他,D:\Garbage Classification\Garbage_Classification_Organized\dataset\其他\其他_0050.jpg,40.82,137.30,auto,roi_crop,350,65,558,558,558
2026-06-17 21:19:22,其他,D:\Garbage Classification\Garbage_Classification_Organized\dataset\其他\其他_0051.jpg,43.91,135.35,auto,roi_crop,350,65,558,558,558
2026-06-17 21:19:23,其他,D:\Garbage Classification\Garbage_Classification_Organized\dataset\其他\其他_0052.jpg,44.59,138.00,auto,roi_crop,350,65,558,558,558
2026-06-17 21:19:24,其他,D:\Garbage Classification\Garbage_Classification_Organized\dataset\其他\其他_0053.jpg,40.30,134.72,auto,roi_crop,350,65,558,558,558
2026-06-17 21:19:25,其他,D:\Garbage Classification\Garbage_Classification_Organized\dataset\其他\其他_0054.jpg,41.76,134.80,auto,roi_crop,350,65,558,558,558
2026-06-17 21:19:26,其他,D:\Garbage Classification\Garbage_Classification_Organized\dataset\其他\其他_0055.jpg,47.82,134.59,auto,roi_crop,350,65,558,558,558
2026-06-17 21:19:26,其他,D:\Garbage Classification\Garbage_Classification_Organized\dataset\其他\其他_0056.jpg,46.76,134.97,auto,roi_crop,350,65,558,558,558
2026-06-17 21:19:27,其他,D:\Garbage Classification\Garbage_Classification_Organized\dataset\其他\其他_0057.jpg,55.84,136.19,auto,roi_crop,350,65,558,558,558
2026-06-17 21:19:28,其他,D:\Garbage Classification\Garbage_Classification_Organized\dataset\其他\其他_0058.jpg,56.17,137.22,auto,roi_crop,350,65,558,558,558
2026-06-17 21:19:28,其他,D:\Garbage Classification\Garbage_Classification_Organized\dataset\其他\其他_0059.jpg,52.34,136.20,auto,roi_crop,350,65,558,558,558
2026-06-17 21:19:29,其他,D:\Garbage Classification\Garbage_Classification_Organized\dataset\其他\其他_0060.jpg,52.46,136.35,auto,roi_crop,350,65,558,558,558
2026-06-17 21:19:29,其他,D:\Garbage Classification\Garbage_Classification_Organized\dataset\其他\其他_0061.jpg,41.68,134.96,auto,roi_crop,350,65,558,558,558
2026-06-17 21:19:30,其他,D:\Garbage Classification\Garbage_Classification_Organized\dataset\其他\其他_0062.jpg,44.40,135.73,auto,roi_crop,350,65,558,558,558
2026-06-17 21:19:31,其他,D:\Garbage Classification\Garbage_Classification_Organized\dataset\其他\其他_0063.jpg,41.15,136.19,auto,roi_crop,350,65,558,558,558
2026-06-17 21:19:32,其他,D:\Garbage Classification\Garbage_Classification_Organized\dataset\其他\其他_0064.jpg,40.52,136.22,auto,roi_crop,350,65,558,558,558
2026-06-17 21:19:32,其他,D:\Garbage Classification\Garbage_Classification_Organized\dataset\其他\其他_0065.jpg,46.25,138.70,auto,roi_crop,350,65,558,558,558
2026-06-17 21:19:33,其他,D:\Garbage Classification\Garbage_Classification_Organized\dataset\其他\其他_0066.jpg,50.44,139.42,auto,roi_crop,350,65,558,558,558
2026-06-17 21:19:33,其他,D:\Garbage Classification\Garbage_Classification_Organized\dataset\其他\其他_0067.jpg,48.58,139.67,auto,roi_crop,350,65,558,558,558
2026-06-17 21:19:35,其他,D:\Garbage Classification\Garbage_Classification_Organized\dataset\其他\其他_0068.jpg,46.44,143.30,auto,roi_crop,350,65,558,558,558
2026-06-17 21:19:35,其他,D:\Garbage Classification\Garbage_Classification_Organized\dataset\其他\其他_0069.jpg,48.45,144.57,auto,roi_crop,350,65,558,558,558
2026-06-17 21:19:36,其他,D:\Garbage Classification\Garbage_Classification_Organized\dataset\其他\其他_0070.jpg,43.11,141.73,auto,roi_crop,350,65,558,558,558
2026-06-17 21:19:36,其他,D:\Garbage Classification\Garbage_Classification_Organized\dataset\其他\其他_0071.jpg,47.51,141.30,auto,roi_crop,350,65,558,558,558
2026-06-17 21:19:37,其他,D:\Garbage Classification\Garbage_Classification_Organized\dataset\其他\其他_0072.jpg,47.83,141.68,auto,roi_crop,350,65,558,558,558
2026-06-17 21:19:37,其他,D:\Garbage Classification\Garbage_Classification_Organized\dataset\其他\其他_0073.jpg,44.41,140.93,auto,roi_crop,350,65,558,558,558
2026-06-17 21:19:38,其他,D:\Garbage Classification\Garbage_Classification_Organized\dataset\其他\其他_0074.jpg,48.46,142.26,auto,roi_crop,350,65,558,558,558
2026-06-17 21:19:38,其他,D:\Garbage Classification\Garbage_Classification_Organized\dataset\其他\其他_0075.jpg,45.14,139.68,auto,roi_crop,350,65,558,558,558
2026-06-17 21:19:39,其他,D:\Garbage Classification\Garbage_Classification_Organized\dataset\其他\其他_0076.jpg,55.92,141.83,auto,roi_crop,350,65,558,558,558
2026-06-17 21:19:40,其他,D:\Garbage Classification\Garbage_Classification_Organized\dataset\其他\其他_0077.jpg,45.66,141.13,auto,roi_crop,350,65,558,558,558
2026-06-17 21:19:40,其他,D:\Garbage Classification\Garbage_Classification_Organized\dataset\其他\其他_0078.jpg,44.36,140.11,auto,roi_crop,350,65,558,558,558
2026-06-17 21:19:41,其他,D:\Garbage Classification\Garbage_Classification_Organized\dataset\其他\其他_0079.jpg,44.18,138.45,auto,roi_crop,350,65,558,558,558
2026-06-17 21:19:42,其他,D:\Garbage Classification\Garbage_Classification_Organized\dataset\其他\其他_0080.jpg,45.76,140.10,auto,roi_crop,350,65,558,558,558
2026-06-17 21:19:42,其他,D:\Garbage Classification\Garbage_Classification_Organized\dataset\其他\其他_0081.jpg,42.33,140.86,auto,roi_crop,350,65,558,558,558
2026-06-17 21:19:43,其他,D:\Garbage Classification\Garbage_Classification_Organized\dataset\其他\其他_0082.jpg,46.97,140.40,auto,roi_crop,350,65,558,558,558
2026-06-17 21:19:43,其他,D:\Garbage Classification\Garbage_Classification_Organized\dataset\其他\其他_0083.jpg,47.94,142.59,auto,roi_crop,350,65,558,558,558
2026-06-17 21:19:45,其他,D:\Garbage Classification\Garbage_Classification_Organized\dataset\其他\其他_0084.jpg,41.01,136.56,auto,roi_crop,350,65,558,558,558
2026-06-17 21:19:45,其他,D:\Garbage Classification\Garbage_Classification_Organized\dataset\其他\其他_0085.jpg,49.34,139.17,auto,roi_crop,350,65,558,558,558
2026-06-17 21:19:46,其他,D:\Garbage Classification\Garbage_Classification_Organized\dataset\其他\其他_0086.jpg,50.29,139.65,auto,roi_crop,350,65,558,558,558
2026-06-17 21:19:46,其他,D:\Garbage Classification\Garbage_Classification_Organized\dataset\其他\其他_0087.jpg,47.82,142.76,auto,roi_crop,350,65,558,558,558
2026-06-17 21:19:47,其他,D:\Garbage Classification\Garbage_Classification_Organized\dataset\其他\其他_0088.jpg,46.42,140.34,auto,roi_crop,350,65,558,558,558
2026-06-17 21:19:48,其他,D:\Garbage Classification\Garbage_Classification_Organized\dataset\其他\其他_0089.jpg,47.19,142.56,auto,roi_crop,350,65,558,558,558
2026-06-17 21:19:49,其他,D:\Garbage Classification\Garbage_Classification_Organized\dataset\其他\其他_0090.jpg,40.74,139.28,auto,roi_crop,350,65,558,558,558
2026-06-17 21:19:49,其他,D:\Garbage Classification\Garbage_Classification_Organized\dataset\其他\其他_0091.jpg,57.89,143.20,auto,roi_crop,350,65,558,558,558
2026-06-17 21:19:50,其他,D:\Garbage Classification\Garbage_Classification_Organized\dataset\其他\其他_0092.jpg,51.76,139.85,auto,roi_crop,350,65,558,558,558
2026-06-17 21:19:50,其他,D:\Garbage Classification\Garbage_Classification_Organized\dataset\其他\其他_0093.jpg,54.75,138.24,auto,roi_crop,350,65,558,558,558
2026-06-17 21:19:51,其他,D:\Garbage Classification\Garbage_Classification_Organized\dataset\其他\其他_0094.jpg,54.03,139.37,auto,roi_crop,350,65,558,558,558
2026-06-17 21:19:51,其他,D:\Garbage Classification\Garbage_Classification_Organized\dataset\其他\其他_0095.jpg,43.30,137.38,auto,roi_crop,350,65,558,558,558
2026-06-17 21:19:52,其他,D:\Garbage Classification\Garbage_Classification_Organized\dataset\其他\其他_0096.jpg,44.67,141.24,auto,roi_crop,350,65,558,558,558
2026-06-17 21:19:53,其他,D:\Garbage Classification\Garbage_Classification_Organized\dataset\其他\其他_0097.jpg,49.26,142.15,auto,roi_crop,350,65,558,558,558
2026-06-17 21:19:53,其他,D:\Garbage Classification\Garbage_Classification_Organized\dataset\其他\其他_0098.jpg,47.87,141.53,auto,roi_crop,350,65,558,558,558
2026-06-17 21:19:54,其他,D:\Garbage Classification\Garbage_Classification_Organized\dataset\其他\其他_0099.jpg,43.88,140.22,auto,roi_crop,350,65,558,558,558
2026-06-17 21:19:54,其他,D:\Garbage Classification\Garbage_Classification_Organized\dataset\其他\其他_0100.jpg,45.40,141.38,auto,roi_crop,350,65,558,558,558
2026-06-17 21:19:55,其他,D:\Garbage Classification\Garbage_Classification_Organized\dataset\其他\其他_0101.jpg,41.23,138.92,auto,roi_crop,350,65,558,558,558
2026-06-17 21:19:56,其他,D:\Garbage Classification\Garbage_Classification_Organized\dataset\其他\其他_0102.jpg,47.31,139.62,auto,roi_crop,350,65,558,558,558
2026-06-17 21:19:57,其他,D:\Garbage Classification\Garbage_Classification_Organized\dataset\其他\其他_0103.jpg,41.84,135.21,auto,roi_crop,350,65,558,558,558
2026-06-17 21:19:57,其他,D:\Garbage Classification\Garbage_Classification_Organized\dataset\其他\其他_0104.jpg,41.53,136.49,auto,roi_crop,350,65,558,558,558
2026-06-17 21:19:58,其他,D:\Garbage Classification\Garbage_Classification_Organized\dataset\其他\其他_0105.jpg,59.38,138.37,auto,roi_crop,350,65,558,558,558
2026-06-17 21:19:59,其他,D:\Garbage Classification\Garbage_Classification_Organized\dataset\其他\其他_0106.jpg,59.58,140.08,auto,roi_crop,350,65,558,558,558
2026-06-17 21:19:59,其他,D:\Garbage Classification\Garbage_Classification_Organized\dataset\其他\其他_0107.jpg,58.34,139.97,auto,roi_crop,350,65,558,558,558
2026-06-17 21:20:00,其他,D:\Garbage Classification\Garbage_Classification_Organized\dataset\其他\其他_0108.jpg,58.02,139.60,auto,roi_crop,350,65,558,558,558
2026-06-17 21:20:01,其他,D:\Garbage Classification\Garbage_Classification_Organized\dataset\其他\其他_0109.jpg,40.05,137.06,auto,roi_crop,350,65,558,558,558
2026-06-17 21:20:02,其他,D:\Garbage Classification\Garbage_Classification_Organized\dataset\其他\其他_0110.jpg,42.28,141.61,auto,roi_crop,350,65,558,558,558
2026-06-17 21:20:02,其他,D:\Garbage Classification\Garbage_Classification_Organized\dataset\其他\其他_0111.jpg,44.98,143.59,auto,roi_crop,350,65,558,558,558
2026-06-17 21:20:03,其他,D:\Garbage Classification\Garbage_Classification_Organized\dataset\其他\其他_0112.jpg,45.87,139.76,auto,roi_crop,350,65,558,558,558
2026-06-17 21:20:04,其他,D:\Garbage Classification\Garbage_Classification_Organized\dataset\其他\其他_0113.jpg,47.99,140.84,auto,roi_crop,350,65,558,558,558
2026-06-17 21:20:05,其他,D:\Garbage Classification\Garbage_Classification_Organized\dataset\其他\其他_0114.jpg,49.98,136.04,auto,roi_crop,350,65,558,558,558
2026-06-17 21:20:05,其他,D:\Garbage Classification\Garbage_Classification_Organized\dataset\其他\其他_0115.jpg,61.58,136.26,auto,roi_crop,350,65,558,558,558
2026-06-17 21:20:06,其他,D:\Garbage Classification\Garbage_Classification_Organized\dataset\其他\其他_0116.jpg,42.35,138.51,auto,roi_crop,350,65,558,558,558
2026-06-17 21:20:07,其他,D:\Garbage Classification\Garbage_Classification_Organized\dataset\其他\其他_0117.jpg,47.46,140.02,auto,roi_crop,350,65,558,558,558
2026-06-17 21:20:07,其他,D:\Garbage Classification\Garbage_Classification_Organized\dataset\其他\其他_0118.jpg,40.19,140.20,auto,roi_crop,350,65,558,558,558
2026-06-17 21:20:08,其他,D:\Garbage Classification\Garbage_Classification_Organized\dataset\其他\其他_0119.jpg,43.02,139.31,auto,roi_crop,350,65,558,558,558
2026-06-17 21:20:09,其他,D:\Garbage Classification\Garbage_Classification_Organized\dataset\其他\其他_0120.jpg,45.28,141.15,auto,roi_crop,350,65,558,558,558
2026-06-17 21:20:10,其他,D:\Garbage Classification\Garbage_Classification_Organized\dataset\其他\其他_0121.jpg,42.72,139.69,auto,roi_crop,350,65,558,558,558
2026-06-17 21:20:11,其他,D:\Garbage Classification\Garbage_Classification_Organized\dataset\其他\其他_0122.jpg,44.84,142.19,auto,roi_crop,350,65,558,558,558
2026-06-17 21:20:12,其他,D:\Garbage Classification\Garbage_Classification_Organized\dataset\其他\其他_0123.jpg,43.87,143.45,auto,roi_crop,350,65,558,558,558
2026-06-17 21:20:12,其他,D:\Garbage Classification\Garbage_Classification_Organized\dataset\其他\其他_0124.jpg,41.38,140.71,auto,roi_crop,350,65,558,558,558
2026-06-17 21:20:13,其他,D:\Garbage Classification\Garbage_Classification_Organized\dataset\其他\其他_0125.jpg,47.32,139.24,auto,roi_crop,350,65,558,558,558
2026-06-17 21:20:14,其他,D:\Garbage Classification\Garbage_Classification_Organized\dataset\其他\其他_0126.jpg,50.65,139.85,auto,roi_crop,350,65,558,558,558
2026-06-17 21:20:15,其他,D:\Garbage Classification\Garbage_Classification_Organized\dataset\其他\其他_0127.jpg,57.17,139.39,auto,roi_crop,350,65,558,558,558
2026-06-17 21:20:16,其他,D:\Garbage Classification\Garbage_Classification_Organized\dataset\其他\其他_0128.jpg,43.11,139.08,auto,roi_crop,350,65,558,558,558
2026-06-17 21:20:16,其他,D:\Garbage Classification\Garbage_Classification_Organized\dataset\其他\其他_0129.jpg,54.23,142.82,auto,roi_crop,350,65,558,558,558
2026-06-17 21:20:17,其他,D:\Garbage Classification\Garbage_Classification_Organized\dataset\其他\其他_0130.jpg,48.97,140.38,auto,roi_crop,350,65,558,558,558
2026-06-17 21:20:18,其他,D:\Garbage Classification\Garbage_Classification_Organized\dataset\其他\其他_0131.jpg,50.58,143.75,auto,roi_crop,350,65,558,558,558
2026-06-17 21:20:19,其他,D:\Garbage Classification\Garbage_Classification_Organized\dataset\其他\其他_0132.jpg,42.02,135.86,auto,roi_crop,350,65,558,558,558
2026-06-17 21:20:20,其他,D:\Garbage Classification\Garbage_Classification_Organized\dataset\其他\其他_0133.jpg,41.83,137.65,auto,roi_crop,350,65,558,558,558
2026-06-17 21:20:22,其他,D:\Garbage Classification\Garbage_Classification_Organized\dataset\其他\其他_0134.jpg,48.21,139.66,auto,roi_crop,350,65,558,558,558
2026-06-17 21:20:22,其他,D:\Garbage Classification\Garbage_Classification_Organized\dataset\其他\其他_0135.jpg,45.30,143.15,auto,roi_crop,350,65,558,558,558
2026-06-17 21:20:23,其他,D:\Garbage Classification\Garbage_Classification_Organized\dataset\其他\其他_0136.jpg,41.45,140.14,auto,roi_crop,350,65,558,558,558
2026-06-17 21:20:23,其他,D:\Garbage Classification\Garbage_Classification_Organized\dataset\其他\其他_0137.jpg,42.03,139.41,auto,roi_crop,350,65,558,558,558
2026-06-17 21:20:24,其他,D:\Garbage Classification\Garbage_Classification_Organized\dataset\其他\其他_0138.jpg,47.67,135.68,auto,roi_crop,350,65,558,558,558
2026-06-17 21:20:25,其他,D:\Garbage Classification\Garbage_Classification_Organized\dataset\其他\其他_0139.jpg,48.06,135.28,auto,roi_crop,350,65,558,558,558
2026-06-17 21:20:25,其他,D:\Garbage Classification\Garbage_Classification_Organized\dataset\其他\其他_0140.jpg,48.25,136.49,auto,roi_crop,350,65,558,558,558
2026-06-17 21:20:26,其他,D:\Garbage Classification\Garbage_Classification_Organized\dataset\其他\其他_0141.jpg,41.83,138.39,auto,roi_crop,350,65,558,558,558
2026-06-17 21:20:27,其他,D:\Garbage Classification\Garbage_Classification_Organized\dataset\其他\其他_0142.jpg,53.26,137.37,auto,roi_crop,350,65,558,558,558
2026-06-17 21:20:27,其他,D:\Garbage Classification\Garbage_Classification_Organized\dataset\其他\其他_0143.jpg,49.40,138.63,auto,roi_crop,350,65,558,558,558
2026-06-17 21:20:28,其他,D:\Garbage Classification\Garbage_Classification_Organized\dataset\其他\其他_0144.jpg,40.28,142.95,auto,roi_crop,350,65,558,558,558
2026-06-17 21:20:28,其他,D:\Garbage Classification\Garbage_Classification_Organized\dataset\其他\其他_0145.jpg,52.74,136.00,auto,roi_crop,350,65,558,558,558
2026-06-17 21:20:29,其他,D:\Garbage Classification\Garbage_Classification_Organized\dataset\其他\其他_0146.jpg,42.28,141.79,auto,roi_crop,350,65,558,558,558
2026-06-17 21:20:30,其他,D:\Garbage Classification\Garbage_Classification_Organized\dataset\其他\其他_0147.jpg,40.39,135.12,auto,roi_crop,350,65,558,558,558
2026-06-17 21:20:30,其他,D:\Garbage Classification\Garbage_Classification_Organized\dataset\其他\其他_0148.jpg,42.88,138.49,auto,roi_crop,350,65,558,558,558
2026-06-17 21:20:31,其他,D:\Garbage Classification\Garbage_Classification_Organized\dataset\其他\其他_0149.jpg,42.89,135.96,auto,roi_crop,350,65,558,558,558
2026-06-17 21:20:31,其他,D:\Garbage Classification\Garbage_Classification_Organized\dataset\其他\其他_0150.jpg,46.63,135.17,auto,roi_crop,350,65,558,558,558
2026-06-17 21:20:32,其他,D:\Garbage Classification\Garbage_Classification_Organized\dataset\其他\其他_0151.jpg,41.65,134.30,auto,roi_crop,350,65,558,558,558
2026-06-17 21:20:33,其他,D:\Garbage Classification\Garbage_Classification_Organized\dataset\其他\其他_0152.jpg,50.30,137.80,auto,roi_crop,350,65,558,558,558
2026-06-17 21:20:34,其他,D:\Garbage Classification\Garbage_Classification_Organized\dataset\其他\其他_0153.jpg,42.02,135.95,auto,roi_crop,350,65,558,558,558
2026-06-17 21:20:34,其他,D:\Garbage Classification\Garbage_Classification_Organized\dataset\其他\其他_0154.jpg,41.49,136.54,auto,roi_crop,350,65,558,558,558
2026-06-17 21:20:35,其他,D:\Garbage Classification\Garbage_Classification_Organized\dataset\其他\其他_0155.jpg,42.79,137.19,auto,roi_crop,350,65,558,558,558
2026-06-17 21:20:35,其他,D:\Garbage Classification\Garbage_Classification_Organized\dataset\其他\其他_0156.jpg,40.36,135.90,auto,roi_crop,350,65,558,558,558
2026-06-17 21:20:36,其他,D:\Garbage Classification\Garbage_Classification_Organized\dataset\其他\其他_0157.jpg,41.22,137.57,auto,roi_crop,350,65,558,558,558
2026-06-17 21:20:37,其他,D:\Garbage Classification\Garbage_Classification_Organized\dataset\其他\其他_0158.jpg,44.86,136.15,auto,roi_crop,350,65,558,558,558
2026-06-17 21:20:38,其他,D:\Garbage Classification\Garbage_Classification_Organized\dataset\其他\其他_0159.jpg,47.51,138.91,auto,roi_crop,350,65,558,558,558
2026-06-17 21:20:38,其他,D:\Garbage Classification\Garbage_Classification_Organized\dataset\其他\其他_0160.jpg,43.73,139.13,auto,roi_crop,350,65,558,558,558
2026-06-17 21:20:39,其他,D:\Garbage Classification\Garbage_Classification_Organized\dataset\其他\其他_0161.jpg,42.31,140.81,auto,roi_crop,350,65,558,558,558
2026-06-17 21:20:40,其他,D:\Garbage Classification\Garbage_Classification_Organized\dataset\其他\其他_0162.jpg,46.04,138.90,auto,roi_crop,350,65,558,558,558
2026-06-17 21:20:40,其他,D:\Garbage Classification\Garbage_Classification_Organized\dataset\其他\其他_0163.jpg,55.16,141.60,auto,roi_crop,350,65,558,558,558
2026-06-17 21:20:41,其他,D:\Garbage Classification\Garbage_Classification_Organized\dataset\其他\其他_0164.jpg,40.52,133.10,auto,roi_crop,350,65,558,558,558
2026-06-17 21:20:41,其他,D:\Garbage Classification\Garbage_Classification_Organized\dataset\其他\其他_0165.jpg,56.27,131.74,auto,roi_crop,350,65,558,558,558
2026-06-17 21:20:42,其他,D:\Garbage Classification\Garbage_Classification_Organized\dataset\其他\其他_0166.jpg,43.99,132.70,auto,roi_crop,350,65,558,558,558
2026-06-17 21:20:43,其他,D:\Garbage Classification\Garbage_Classification_Organized\dataset\其他\其他_0167.jpg,52.94,136.44,auto,roi_crop,350,65,558,558,558
2026-06-17 21:20:43,其他,D:\Garbage Classification\Garbage_Classification_Organized\dataset\其他\其他_0168.jpg,51.22,135.57,auto,roi_crop,350,65,558,558,558
2026-06-17 21:20:44,其他,D:\Garbage Classification\Garbage_Classification_Organized\dataset\其他\其他_0169.jpg,49.16,137.55,auto,roi_crop,350,65,558,558,558
2026-06-17 21:20:45,其他,D:\Garbage Classification\Garbage_Classification_Organized\dataset\其他\其他_0170.jpg,40.89,136.06,auto,roi_crop,350,65,558,558,558
2026-06-17 21:20:45,其他,D:\Garbage Classification\Garbage_Classification_Organized\dataset\其他\其他_0171.jpg,55.60,138.75,auto,roi_crop,350,65,558,558,558
2026-06-17 21:20:46,其他,D:\Garbage Classification\Garbage_Classification_Organized\dataset\其他\其他_0172.jpg,53.28,137.86,auto,roi_crop,350,65,558,558,558
2026-06-17 21:20:47,其他,D:\Garbage Classification\Garbage_Classification_Organized\dataset\其他\其他_0173.jpg,43.16,138.42,auto,roi_crop,350,65,558,558,558
2026-06-17 21:20:47,其他,D:\Garbage Classification\Garbage_Classification_Organized\dataset\其他\其他_0174.jpg,47.89,139.92,auto,roi_crop,350,65,558,558,558
2026-06-17 21:20:48,其他,D:\Garbage Classification\Garbage_Classification_Organized\dataset\其他\其他_0175.jpg,41.70,131.47,auto,roi_crop,350,65,558,558,558
2026-06-17 21:20:49,其他,D:\Garbage Classification\Garbage_Classification_Organized\dataset\其他\其他_0176.jpg,68.80,134.80,auto,roi_crop,350,65,558,558,558
2026-06-17 21:20:50,其他,D:\Garbage Classification\Garbage_Classification_Organized\dataset\其他\其他_0177.jpg,48.64,139.56,auto,roi_crop,350,65,558,558,558
2026-06-17 21:20:50,其他,D:\Garbage Classification\Garbage_Classification_Organized\dataset\其他\其他_0178.jpg,47.61,140.80,auto,roi_crop,350,65,558,558,558
2026-06-17 21:20:51,其他,D:\Garbage Classification\Garbage_Classification_Organized\dataset\其他\其他_0179.jpg,45.20,140.13,auto,roi_crop,350,65,558,558,558
2026-06-17 21:20:52,其他,D:\Garbage Classification\Garbage_Classification_Organized\dataset\其他\其他_0180.jpg,48.88,138.37,auto,roi_crop,350,65,558,558,558
2026-06-17 21:20:52,其他,D:\Garbage Classification\Garbage_Classification_Organized\dataset\其他\其他_0181.jpg,46.01,137.03,auto,roi_crop,350,65,558,558,558
2026-06-17 21:20:53,其他,D:\Garbage Classification\Garbage_Classification_Organized\dataset\其他\其他_0182.jpg,48.87,137.75,auto,roi_crop,350,65,558,558,558
2026-06-17 21:20:54,其他,D:\Garbage Classification\Garbage_Classification_Organized\dataset\其他\其他_0183.jpg,48.82,133.72,auto,roi_crop,350,65,558,558,558
2026-06-17 21:20:54,其他,D:\Garbage Classification\Garbage_Classification_Organized\dataset\其他\其他_0184.jpg,55.01,134.28,auto,roi_crop,350,65,558,558,558
2026-06-17 21:20:55,其他,D:\Garbage Classification\Garbage_Classification_Organized\dataset\其他\其他_0185.jpg,45.91,134.48,auto,roi_crop,350,65,558,558,558
2026-06-17 21:20:56,其他,D:\Garbage Classification\Garbage_Classification_Organized\dataset\其他\其他_0186.jpg,46.60,137.23,auto,roi_crop,350,65,558,558,558
2026-06-17 21:20:57,其他,D:\Garbage Classification\Garbage_Classification_Organized\dataset\其他\其他_0187.jpg,43.10,138.41,auto,roi_crop,350,65,558,558,558
2026-06-17 21:20:57,其他,D:\Garbage Classification\Garbage_Classification_Organized\dataset\其他\其他_0188.jpg,43.04,138.59,auto,roi_crop,350,65,558,558,558
2026-06-17 21:20:58,其他,D:\Garbage Classification\Garbage_Classification_Organized\dataset\其他\其他_0189.jpg,42.96,135.97,auto,roi_crop,350,65,558,558,558
2026-06-17 21:20:59,其他,D:\Garbage Classification\Garbage_Classification_Organized\dataset\其他\其他_0190.jpg,41.37,138.07,auto,roi_crop,350,65,558,558,558
2026-06-17 21:21:00,其他,D:\Garbage Classification\Garbage_Classification_Organized\dataset\其他\其他_0191.jpg,46.83,137.48,auto,roi_crop,350,65,558,558,558
2026-06-17 21:21:00,其他,D:\Garbage Classification\Garbage_Classification_Organized\dataset\其他\其他_0192.jpg,47.50,138.47,auto,roi_crop,350,65,558,558,558
2026-06-17 21:21:01,其他,D:\Garbage Classification\Garbage_Classification_Organized\dataset\其他\其他_0193.jpg,44.92,136.25,auto,roi_crop,350,65,558,558,558
2026-06-17 21:21:02,其他,D:\Garbage Classification\Garbage_Classification_Organized\dataset\其他\其他_0194.jpg,48.39,138.82,auto,roi_crop,350,65,558,558,558
2026-06-17 21:21:03,其他,D:\Garbage Classification\Garbage_Classification_Organized\dataset\其他\其他_0195.jpg,40.55,140.19,auto,roi_crop,350,65,558,558,558
2026-06-17 21:21:03,其他,D:\Garbage Classification\Garbage_Classification_Organized\dataset\其他\其他_0196.jpg,44.49,138.98,auto,roi_crop,350,65,558,558,558
2026-06-17 21:21:04,其他,D:\Garbage Classification\Garbage_Classification_Organized\dataset\其他\其他_0197.jpg,43.20,137.23,auto,roi_crop,350,65,558,558,558
2026-06-17 21:21:05,其他,D:\Garbage Classification\Garbage_Classification_Organized\dataset\其他\其他_0198.jpg,44.52,138.03,auto,roi_crop,350,65,558,558,558
2026-06-17 21:21:06,其他,D:\Garbage Classification\Garbage_Classification_Organized\dataset\其他\其他_0199.jpg,42.32,140.33,auto,roi_crop,350,65,558,558,558
2026-06-17 21:21:07,其他,D:\Garbage Classification\Garbage_Classification_Organized\dataset\其他\其他_0200.jpg,44.79,140.54,auto,roi_crop,350,65,558,558,558
2026-06-17 21:21:08,其他,D:\Garbage Classification\Garbage_Classification_Organized\dataset\其他\其他_0201.jpg,41.05,138.37,auto,roi_crop,350,65,558,558,558
2026-06-17 21:21:08,其他,D:\Garbage Classification\Garbage_Classification_Organized\dataset\其他\其他_0202.jpg,52.83,140.15,auto,roi_crop,350,65,558,558,558
2026-06-17 21:21:09,其他,D:\Garbage Classification\Garbage_Classification_Organized\dataset\其他\其他_0203.jpg,50.53,139.68,auto,roi_crop,350,65,558,558,558
2026-06-17 21:21:09,其他,D:\Garbage Classification\Garbage_Classification_Organized\dataset\其他\其他_0204.jpg,42.70,139.86,auto,roi_crop,350,65,558,558,558
2026-06-17 21:21:10,其他,D:\Garbage Classification\Garbage_Classification_Organized\dataset\其他\其他_0205.jpg,41.83,138.40,auto,roi_crop,350,65,558,558,558
2026-06-17 21:21:10,其他,D:\Garbage Classification\Garbage_Classification_Organized\dataset\其他\其他_0206.jpg,41.82,142.26,auto,roi_crop,350,65,558,558,558
2026-06-17 21:21:11,其他,D:\Garbage Classification\Garbage_Classification_Organized\dataset\其他\其他_0207.jpg,42.59,135.95,auto,roi_crop,350,65,558,558,558
2026-06-17 21:21:12,其他,D:\Garbage Classification\Garbage_Classification_Organized\dataset\其他\其他_0208.jpg,42.73,141.61,auto,roi_crop,350,65,558,558,558
2026-06-17 21:21:13,其他,D:\Garbage Classification\Garbage_Classification_Organized\dataset\其他\其他_0209.jpg,43.07,138.35,auto,roi_crop,350,65,558,558,558
2026-06-17 21:21:13,其他,D:\Garbage Classification\Garbage_Classification_Organized\dataset\其他\其他_0210.jpg,49.77,141.44,auto,roi_crop,350,65,558,558,558
2026-06-17 21:21:14,其他,D:\Garbage Classification\Garbage_Classification_Organized\dataset\其他\其他_0211.jpg,50.78,143.54,auto,roi_crop,350,65,558,558,558
2026-06-17 21:21:14,其他,D:\Garbage Classification\Garbage_Classification_Organized\dataset\其他\其他_0212.jpg,48.78,143.41,auto,roi_crop,350,65,558,558,558
2026-06-17 21:21:15,其他,D:\Garbage Classification\Garbage_Classification_Organized\dataset\其他\其他_0213.jpg,49.49,141.72,auto,roi_crop,350,65,558,558,558
2026-06-17 21:25:37,有害,D:\Garbage Classification\Garbage_Classification_Organized\dataset\有害\有害_0001.jpg,34.99,136.24,auto,roi_crop,350,65,558,558,558
2026-06-17 21:25:38,有害,D:\Garbage Classification\Garbage_Classification_Organized\dataset\有害\有害_0002.jpg,35.20,135.39,auto,roi_crop,350,65,558,558,558
2026-06-17 21:25:38,有害,D:\Garbage Classification\Garbage_Classification_Organized\dataset\有害\有害_0003.jpg,34.47,132.73,auto,roi_crop,350,65,558,558,558
2026-06-17 21:25:42,有害,D:\Garbage Classification\Garbage_Classification_Organized\dataset\有害\有害_0004.jpg,30.79,132.17,auto,roi_crop,350,65,558,558,558
2026-06-17 21:25:43,有害,D:\Garbage Classification\Garbage_Classification_Organized\dataset\有害\有害_0005.jpg,31.44,132.11,auto,roi_crop,350,65,558,558,558
2026-06-17 21:25:44,有害,D:\Garbage Classification\Garbage_Classification_Organized\dataset\有害\有害_0006.jpg,30.03,134.49,auto,roi_crop,350,65,558,558,558
2026-06-17 21:25:45,有害,D:\Garbage Classification\Garbage_Classification_Organized\dataset\有害\有害_0007.jpg,32.05,131.51,auto,roi_crop,350,65,558,558,558
2026-06-17 21:25:45,有害,D:\Garbage Classification\Garbage_Classification_Organized\dataset\有害\有害_0008.jpg,31.13,134.41,auto,roi_crop,350,65,558,558,558
2026-06-17 21:25:47,有害,D:\Garbage Classification\Garbage_Classification_Organized\dataset\有害\有害_0009.jpg,30.01,135.50,auto,roi_crop,350,65,558,558,558
2026-06-17 21:25:47,有害,D:\Garbage Classification\Garbage_Classification_Organized\dataset\有害\有害_0010.jpg,30.59,134.99,auto,roi_crop,350,65,558,558,558
2026-06-17 21:25:49,有害,D:\Garbage Classification\Garbage_Classification_Organized\dataset\有害\有害_0011.jpg,30.94,132.70,auto,roi_crop,350,65,558,558,558
2026-06-17 21:25:50,有害,D:\Garbage Classification\Garbage_Classification_Organized\dataset\有害\有害_0012.jpg,35.78,133.60,auto,roi_crop,350,65,558,558,558
2026-06-17 21:25:51,有害,D:\Garbage Classification\Garbage_Classification_Organized\dataset\有害\有害_0013.jpg,31.01,131.15,auto,roi_crop,350,65,558,558,558
2026-06-17 21:25:53,有害,D:\Garbage Classification\Garbage_Classification_Organized\dataset\有害\有害_0014.jpg,30.44,133.38,auto,roi_crop,350,65,558,558,558
2026-06-17 21:25:54,有害,D:\Garbage Classification\Garbage_Classification_Organized\dataset\有害\有害_0015.jpg,30.27,132.89,auto,roi_crop,350,65,558,558,558
2026-06-17 21:25:58,有害,D:\Garbage Classification\Garbage_Classification_Organized\dataset\有害\有害_0016.jpg,31.61,135.26,auto,roi_crop,350,65,558,558,558
2026-06-17 21:25:59,有害,D:\Garbage Classification\Garbage_Classification_Organized\dataset\有害\有害_0017.jpg,38.02,136.89,auto,roi_crop,350,65,558,558,558
2026-06-17 21:25:59,有害,D:\Garbage Classification\Garbage_Classification_Organized\dataset\有害\有害_0018.jpg,36.78,135.71,auto,roi_crop,350,65,558,558,558
2026-06-17 21:26:00,有害,D:\Garbage Classification\Garbage_Classification_Organized\dataset\有害\有害_0019.jpg,33.31,134.27,auto,roi_crop,350,65,558,558,558
2026-06-17 21:26:01,有害,D:\Garbage Classification\Garbage_Classification_Organized\dataset\有害\有害_0020.jpg,31.38,131.06,auto,roi_crop,350,65,558,558,558
2026-06-17 21:26:02,有害,D:\Garbage Classification\Garbage_Classification_Organized\dataset\有害\有害_0021.jpg,30.17,134.69,auto,roi_crop,350,65,558,558,558
2026-06-17 21:26:04,有害,D:\Garbage Classification\Garbage_Classification_Organized\dataset\有害\有害_0022.jpg,31.53,133.54,auto,roi_crop,350,65,558,558,558
2026-06-17 21:26:04,有害,D:\Garbage Classification\Garbage_Classification_Organized\dataset\有害\有害_0023.jpg,31.35,132.92,auto,roi_crop,350,65,558,558,558
2026-06-17 21:26:08,有害,D:\Garbage Classification\Garbage_Classification_Organized\dataset\有害\有害_0024.jpg,31.74,126.81,auto,roi_crop,350,65,558,558,558
2026-06-17 21:26:08,有害,D:\Garbage Classification\Garbage_Classification_Organized\dataset\有害\有害_0025.jpg,62.44,131.02,auto,roi_crop,350,65,558,558,558
2026-06-17 21:26:09,有害,D:\Garbage Classification\Garbage_Classification_Organized\dataset\有害\有害_0026.jpg,67.88,135.50,auto,roi_crop,350,65,558,558,558
2026-06-17 21:26:09,有害,D:\Garbage Classification\Garbage_Classification_Organized\dataset\有害\有害_0027.jpg,66.54,134.68,auto,roi_crop,350,65,558,558,558
2026-06-17 21:26:10,有害,D:\Garbage Classification\Garbage_Classification_Organized\dataset\有害\有害_0028.jpg,33.73,136.41,auto,roi_crop,350,65,558,558,558
2026-06-17 21:26:11,有害,D:\Garbage Classification\Garbage_Classification_Organized\dataset\有害\有害_0029.jpg,49.36,134.92,auto,roi_crop,350,65,558,558,558
2026-06-17 21:26:11,有害,D:\Garbage Classification\Garbage_Classification_Organized\dataset\有害\有害_0030.jpg,60.41,134.82,auto,roi_crop,350,65,558,558,558
2026-06-17 21:26:12,有害,D:\Garbage Classification\Garbage_Classification_Organized\dataset\有害\有害_0031.jpg,58.20,133.95,auto,roi_crop,350,65,558,558,558
2026-06-17 21:26:12,有害,D:\Garbage Classification\Garbage_Classification_Organized\dataset\有害\有害_0032.jpg,60.98,133.97,auto,roi_crop,350,65,558,558,558
2026-06-17 21:26:13,有害,D:\Garbage Classification\Garbage_Classification_Organized\dataset\有害\有害_0033.jpg,78.16,127.63,auto,roi_crop,350,65,558,558,558
2026-06-17 21:26:14,有害,D:\Garbage Classification\Garbage_Classification_Organized\dataset\有害\有害_0034.jpg,95.91,131.41,auto,roi_crop,350,65,558,558,558
2026-06-17 21:26:14,有害,D:\Garbage Classification\Garbage_Classification_Organized\dataset\有害\有害_0035.jpg,96.33,131.53,auto,roi_crop,350,65,558,558,558
2026-06-17 21:26:15,有害,D:\Garbage Classification\Garbage_Classification_Organized\dataset\有害\有害_0036.jpg,94.21,131.01,auto,roi_crop,350,65,558,558,558
2026-06-17 21:26:15,有害,D:\Garbage Classification\Garbage_Classification_Organized\dataset\有害\有害_0037.jpg,89.75,125.24,auto,roi_crop,350,65,558,558,558
2026-06-17 21:26:16,有害,D:\Garbage Classification\Garbage_Classification_Organized\dataset\有害\有害_0038.jpg,52.39,133.19,auto,roi_crop,350,65,558,558,558
2026-06-17 21:26:17,有害,D:\Garbage Classification\Garbage_Classification_Organized\dataset\有害\有害_0039.jpg,100.03,138.19,auto,roi_crop,350,65,558,558,558
2026-06-17 21:26:17,有害,D:\Garbage Classification\Garbage_Classification_Organized\dataset\有害\有害_0040.jpg,91.04,137.17,auto,roi_crop,350,65,558,558,558
2026-06-17 21:26:18,有害,D:\Garbage Classification\Garbage_Classification_Organized\dataset\有害\有害_0041.jpg,30.40,133.14,auto,roi_crop,350,65,558,558,558
2026-06-17 21:26:19,有害,D:\Garbage Classification\Garbage_Classification_Organized\dataset\有害\有害_0042.jpg,51.31,136.19,auto,roi_crop,350,65,558,558,558
2026-06-17 21:26:19,有害,D:\Garbage Classification\Garbage_Classification_Organized\dataset\有害\有害_0043.jpg,49.65,133.40,auto,roi_crop,350,65,558,558,558
2026-06-17 21:26:20,有害,D:\Garbage Classification\Garbage_Classification_Organized\dataset\有害\有害_0044.jpg,35.72,132.11,auto,roi_crop,350,65,558,558,558
2026-06-17 21:26:21,有害,D:\Garbage Classification\Garbage_Classification_Organized\dataset\有害\有害_0045.jpg,38.81,133.12,auto,roi_crop,350,65,558,558,558
2026-06-17 21:26:21,有害,D:\Garbage Classification\Garbage_Classification_Organized\dataset\有害\有害_0046.jpg,39.76,132.84,auto,roi_crop,350,65,558,558,558
2026-06-17 21:26:22,有害,D:\Garbage Classification\Garbage_Classification_Organized\dataset\有害\有害_0047.jpg,34.23,126.14,auto,roi_crop,350,65,558,558,558
2026-06-17 21:26:22,有害,D:\Garbage Classification\Garbage_Classification_Organized\dataset\有害\有害_0048.jpg,54.12,133.02,auto,roi_crop,350,65,558,558,558
2026-06-17 21:26:23,有害,D:\Garbage Classification\Garbage_Classification_Organized\dataset\有害\有害_0049.jpg,39.32,133.03,auto,roi_crop,350,65,558,558,558
2026-06-17 21:26:23,有害,D:\Garbage Classification\Garbage_Classification_Organized\dataset\有害\有害_0050.jpg,66.77,130.50,auto,roi_crop,350,65,558,558,558
2026-06-17 21:26:24,有害,D:\Garbage Classification\Garbage_Classification_Organized\dataset\有害\有害_0051.jpg,30.12,132.42,auto,roi_crop,350,65,558,558,558
2026-06-17 21:26:25,有害,D:\Garbage Classification\Garbage_Classification_Organized\dataset\有害\有害_0052.jpg,41.53,134.56,auto,roi_crop,350,65,558,558,558
2026-06-17 21:26:25,有害,D:\Garbage Classification\Garbage_Classification_Organized\dataset\有害\有害_0053.jpg,65.27,135.10,auto,roi_crop,350,65,558,558,558
2026-06-17 21:26:26,有害,D:\Garbage Classification\Garbage_Classification_Organized\dataset\有害\有害_0054.jpg,66.79,134.74,auto,roi_crop,350,65,558,558,558
2026-06-17 21:26:26,有害,D:\Garbage Classification\Garbage_Classification_Organized\dataset\有害\有害_0055.jpg,36.12,130.68,auto,roi_crop,350,65,558,558,558
2026-06-17 21:26:27,有害,D:\Garbage Classification\Garbage_Classification_Organized\dataset\有害\有害_0056.jpg,56.51,134.77,auto,roi_crop,350,65,558,558,558
2026-06-17 21:26:27,有害,D:\Garbage Classification\Garbage_Classification_Organized\dataset\有害\有害_0057.jpg,65.48,132.01,auto,roi_crop,350,65,558,558,558
2026-06-17 21:26:28,有害,D:\Garbage Classification\Garbage_Classification_Organized\dataset\有害\有害_0058.jpg,31.66,136.94,auto,roi_crop,350,65,558,558,558
2026-06-17 21:26:29,有害,D:\Garbage Classification\Garbage_Classification_Organized\dataset\有害\有害_0059.jpg,35.63,140.17,auto,roi_crop,350,65,558,558,558
2026-06-17 21:26:30,有害,D:\Garbage Classification\Garbage_Classification_Organized\dataset\有害\有害_0060.jpg,35.83,140.11,auto,roi_crop,350,65,558,558,558
2026-06-17 21:26:31,有害,D:\Garbage Classification\Garbage_Classification_Organized\dataset\有害\有害_0061.jpg,43.54,123.95,auto,roi_crop,350,65,558,558,558
2026-06-17 21:26:31,有害,D:\Garbage Classification\Garbage_Classification_Organized\dataset\有害\有害_0062.jpg,52.45,132.26,auto,roi_crop,350,65,558,558,558
2026-06-17 21:26:32,有害,D:\Garbage Classification\Garbage_Classification_Organized\dataset\有害\有害_0063.jpg,67.10,133.58,auto,roi_crop,350,65,558,558,558
2026-06-17 21:26:33,有害,D:\Garbage Classification\Garbage_Classification_Organized\dataset\有害\有害_0064.jpg,37.99,131.50,auto,roi_crop,350,65,558,558,558
2026-06-17 21:26:34,有害,D:\Garbage Classification\Garbage_Classification_Organized\dataset\有害\有害_0065.jpg,44.58,131.88,auto,roi_crop,350,65,558,558,558
2026-06-17 21:26:34,有害,D:\Garbage Classification\Garbage_Classification_Organized\dataset\有害\有害_0066.jpg,30.91,125.62,auto,roi_crop,350,65,558,558,558
2026-06-17 21:26:35,有害,D:\Garbage Classification\Garbage_Classification_Organized\dataset\有害\有害_0067.jpg,39.94,129.30,auto,roi_crop,350,65,558,558,558
2026-06-17 21:26:35,有害,D:\Garbage Classification\Garbage_Classification_Organized\dataset\有害\有害_0068.jpg,60.83,133.38,auto,roi_crop,350,65,558,558,558
2026-06-17 21:26:36,有害,D:\Garbage Classification\Garbage_Classification_Organized\dataset\有害\有害_0069.jpg,39.28,132.99,auto,roi_crop,350,65,558,558,558
2026-06-17 21:26:37,有害,D:\Garbage Classification\Garbage_Classification_Organized\dataset\有害\有害_0070.jpg,72.32,133.38,auto,roi_crop,350,65,558,558,558
2026-06-17 21:26:37,有害,D:\Garbage Classification\Garbage_Classification_Organized\dataset\有害\有害_0071.jpg,43.57,113.23,auto,roi_crop,350,65,558,558,558
2026-06-17 21:26:38,有害,D:\Garbage Classification\Garbage_Classification_Organized\dataset\有害\有害_0072.jpg,36.82,138.65,auto,roi_crop,350,65,558,558,558
2026-06-17 21:26:39,有害,D:\Garbage Classification\Garbage_Classification_Organized\dataset\有害\有害_0073.jpg,33.04,141.20,auto,roi_crop,350,65,558,558,558
2026-06-17 21:26:39,有害,D:\Garbage Classification\Garbage_Classification_Organized\dataset\有害\有害_0074.jpg,36.81,140.38,auto,roi_crop,350,65,558,558,558
2026-06-17 21:26:40,有害,D:\Garbage Classification\Garbage_Classification_Organized\dataset\有害\有害_0075.jpg,43.54,130.41,auto,roi_crop,350,65,558,558,558
2026-06-17 21:26:41,有害,D:\Garbage Classification\Garbage_Classification_Organized\dataset\有害\有害_0076.jpg,68.82,134.01,auto,roi_crop,350,65,558,558,558
2026-06-17 21:26:42,有害,D:\Garbage Classification\Garbage_Classification_Organized\dataset\有害\有害_0077.jpg,48.66,132.02,auto,roi_crop,350,65,558,558,558
2026-06-17 21:26:43,有害,D:\Garbage Classification\Garbage_Classification_Organized\dataset\有害\有害_0078.jpg,56.78,135.39,auto,roi_crop,350,65,558,558,558
2026-06-17 21:26:43,有害,D:\Garbage Classification\Garbage_Classification_Organized\dataset\有害\有害_0079.jpg,41.89,136.97,auto,roi_crop,350,65,558,558,558
2026-06-17 21:26:44,有害,D:\Garbage Classification\Garbage_Classification_Organized\dataset\有害\有害_0080.jpg,66.02,133.66,auto,roi_crop,350,65,558,558,558
2026-06-17 21:26:45,有害,D:\Garbage Classification\Garbage_Classification_Organized\dataset\有害\有害_0081.jpg,35.93,116.60,auto,roi_crop,350,65,558,558,558
2026-06-17 21:26:46,有害,D:\Garbage Classification\Garbage_Classification_Organized\dataset\有害\有害_0082.jpg,35.58,133.45,auto,roi_crop,350,65,558,558,558
2026-06-17 21:26:46,有害,D:\Garbage Classification\Garbage_Classification_Organized\dataset\有害\有害_0083.jpg,32.95,132.37,auto,roi_crop,350,65,558,558,558
2026-06-17 21:26:47,有害,D:\Garbage Classification\Garbage_Classification_Organized\dataset\有害\有害_0084.jpg,40.33,132.93,auto,roi_crop,350,65,558,558,558
2026-06-17 21:26:48,有害,D:\Garbage Classification\Garbage_Classification_Organized\dataset\有害\有害_0085.jpg,50.78,136.07,auto,roi_crop,350,65,558,558,558
2026-06-17 21:26:49,有害,D:\Garbage Classification\Garbage_Classification_Organized\dataset\有害\有害_0086.jpg,34.97,131.94,auto,roi_crop,350,65,558,558,558
2026-06-17 21:26:49,有害,D:\Garbage Classification\Garbage_Classification_Organized\dataset\有害\有害_0087.jpg,45.94,136.43,auto,roi_crop,350,65,558,558,558
2026-06-17 21:26:50,有害,D:\Garbage Classification\Garbage_Classification_Organized\dataset\有害\有害_0088.jpg,37.87,133.11,auto,roi_crop,350,65,558,558,558
2026-06-17 21:26:51,有害,D:\Garbage Classification\Garbage_Classification_Organized\dataset\有害\有害_0089.jpg,36.86,137.77,auto,roi_crop,350,65,558,558,558
2026-06-17 21:26:51,有害,D:\Garbage Classification\Garbage_Classification_Organized\dataset\有害\有害_0090.jpg,38.04,140.93,auto,roi_crop,350,65,558,558,558
2026-06-17 21:26:53,有害,D:\Garbage Classification\Garbage_Classification_Organized\dataset\有害\有害_0091.jpg,35.12,133.64,auto,roi_crop,350,65,558,558,558
2026-06-17 21:26:54,有害,D:\Garbage Classification\Garbage_Classification_Organized\dataset\有害\有害_0092.jpg,45.06,135.35,auto,roi_crop,350,65,558,558,558
2026-06-17 21:26:55,有害,D:\Garbage Classification\Garbage_Classification_Organized\dataset\有害\有害_0093.jpg,42.07,136.35,auto,roi_crop,350,65,558,558,558
2026-06-17 21:26:56,有害,D:\Garbage Classification\Garbage_Classification_Organized\dataset\有害\有害_0094.jpg,33.92,136.22,auto,roi_crop,350,65,558,558,558
2026-06-17 21:26:56,有害,D:\Garbage Classification\Garbage_Classification_Organized\dataset\有害\有害_0095.jpg,41.99,138.69,auto,roi_crop,350,65,558,558,558
2026-06-17 21:26:57,有害,D:\Garbage Classification\Garbage_Classification_Organized\dataset\有害\有害_0096.jpg,39.65,135.08,auto,roi_crop,350,65,558,558,558
2026-06-17 21:26:58,有害,D:\Garbage Classification\Garbage_Classification_Organized\dataset\有害\有害_0097.jpg,33.59,130.96,auto,roi_crop,350,65,558,558,558
2026-06-17 21:26:58,有害,D:\Garbage Classification\Garbage_Classification_Organized\dataset\有害\有害_0098.jpg,38.07,134.81,auto,roi_crop,350,65,558,558,558
2026-06-17 21:27:00,有害,D:\Garbage Classification\Garbage_Classification_Organized\dataset\有害\有害_0099.jpg,37.71,128.90,auto,roi_crop,350,65,558,558,558
2026-06-17 21:27:00,有害,D:\Garbage Classification\Garbage_Classification_Organized\dataset\有害\有害_0100.jpg,47.69,134.78,auto,roi_crop,350,65,558,558,558
2026-06-17 21:27:01,有害,D:\Garbage Classification\Garbage_Classification_Organized\dataset\有害\有害_0101.jpg,47.68,133.90,auto,roi_crop,350,65,558,558,558
2026-06-17 21:27:02,有害,D:\Garbage Classification\Garbage_Classification_Organized\dataset\有害\有害_0102.jpg,43.07,133.53,auto,roi_crop,350,65,558,558,558
2026-06-17 21:27:02,有害,D:\Garbage Classification\Garbage_Classification_Organized\dataset\有害\有害_0103.jpg,45.46,135.95,auto,roi_crop,350,65,558,558,558
2026-06-17 21:27:03,有害,D:\Garbage Classification\Garbage_Classification_Organized\dataset\有害\有害_0104.jpg,40.70,133.06,auto,roi_crop,350,65,558,558,558
2026-06-17 21:27:03,有害,D:\Garbage Classification\Garbage_Classification_Organized\dataset\有害\有害_0105.jpg,33.94,133.15,auto,roi_crop,350,65,558,558,558
2026-06-17 21:27:04,有害,D:\Garbage Classification\Garbage_Classification_Organized\dataset\有害\有害_0106.jpg,50.68,135.60,auto,roi_crop,350,65,558,558,558
2026-06-17 21:27:05,有害,D:\Garbage Classification\Garbage_Classification_Organized\dataset\有害\有害_0107.jpg,33.78,132.35,auto,roi_crop,350,65,558,558,558
2026-06-17 21:27:06,有害,D:\Garbage Classification\Garbage_Classification_Organized\dataset\有害\有害_0108.jpg,43.84,135.88,auto,roi_crop,350,65,558,558,558
2026-06-17 21:27:06,有害,D:\Garbage Classification\Garbage_Classification_Organized\dataset\有害\有害_0109.jpg,41.60,134.71,auto,roi_crop,350,65,558,558,558
2026-06-17 21:27:07,有害,D:\Garbage Classification\Garbage_Classification_Organized\dataset\有害\有害_0110.jpg,49.72,132.57,auto,roi_crop,350,65,558,558,558
2026-06-17 21:27:08,有害,D:\Garbage Classification\Garbage_Classification_Organized\dataset\有害\有害_0111.jpg,57.97,136.87,auto,roi_crop,350,65,558,558,558
2026-06-17 21:27:09,有害,D:\Garbage Classification\Garbage_Classification_Organized\dataset\有害\有害_0112.jpg,37.60,134.04,auto,roi_crop,350,65,558,558,558
2026-06-17 21:27:09,有害,D:\Garbage Classification\Garbage_Classification_Organized\dataset\有害\有害_0113.jpg,41.96,137.75,auto,roi_crop,350,65,558,558,558
2026-06-17 21:27:10,有害,D:\Garbage Classification\Garbage_Classification_Organized\dataset\有害\有害_0114.jpg,39.91,137.39,auto,roi_crop,350,65,558,558,558
2026-06-17 21:27:11,有害,D:\Garbage Classification\Garbage_Classification_Organized\dataset\有害\有害_0115.jpg,42.82,132.84,auto,roi_crop,350,65,558,558,558
2026-06-17 21:27:12,有害,D:\Garbage Classification\Garbage_Classification_Organized\dataset\有害\有害_0116.jpg,37.24,133.44,auto,roi_crop,350,65,558,558,558
2026-06-17 21:27:13,有害,D:\Garbage Classification\Garbage_Classification_Organized\dataset\有害\有害_0117.jpg,36.86,133.58,auto,roi_crop,350,65,558,558,558
2026-06-17 21:27:13,有害,D:\Garbage Classification\Garbage_Classification_Organized\dataset\有害\有害_0118.jpg,41.59,135.10,auto,roi_crop,350,65,558,558,558
2026-06-17 21:27:14,有害,D:\Garbage Classification\Garbage_Classification_Organized\dataset\有害\有害_0119.jpg,38.16,134.46,auto,roi_crop,350,65,558,558,558
2026-06-17 21:27:15,有害,D:\Garbage Classification\Garbage_Classification_Organized\dataset\有害\有害_0120.jpg,44.89,136.74,auto,roi_crop,350,65,558,558,558
2026-06-17 21:27:16,有害,D:\Garbage Classification\Garbage_Classification_Organized\dataset\有害\有害_0121.jpg,34.71,132.30,auto,roi_crop,350,65,558,558,558
2026-06-17 21:27:17,有害,D:\Garbage Classification\Garbage_Classification_Organized\dataset\有害\有害_0122.jpg,45.02,137.47,auto,roi_crop,350,65,558,558,558
2026-06-17 21:27:17,有害,D:\Garbage Classification\Garbage_Classification_Organized\dataset\有害\有害_0123.jpg,45.06,138.45,auto,roi_crop,350,65,558,558,558
2026-06-17 21:27:18,有害,D:\Garbage Classification\Garbage_Classification_Organized\dataset\有害\有害_0124.jpg,33.87,136.12,auto,roi_crop,350,65,558,558,558
2026-06-17 21:27:19,有害,D:\Garbage Classification\Garbage_Classification_Organized\dataset\有害\有害_0125.jpg,45.26,138.09,auto,roi_crop,350,65,558,558,558
2026-06-17 21:27:19,有害,D:\Garbage Classification\Garbage_Classification_Organized\dataset\有害\有害_0126.jpg,36.96,134.05,auto,roi_crop,350,65,558,558,558
2026-06-17 21:27:20,有害,D:\Garbage Classification\Garbage_Classification_Organized\dataset\有害\有害_0127.jpg,31.37,131.65,auto,roi_crop,350,65,558,558,558
2026-06-17 21:27:21,有害,D:\Garbage Classification\Garbage_Classification_Organized\dataset\有害\有害_0128.jpg,50.10,136.99,auto,roi_crop,350,65,558,558,558
2026-06-17 21:27:22,有害,D:\Garbage Classification\Garbage_Classification_Organized\dataset\有害\有害_0129.jpg,42.67,134.16,auto,roi_crop,350,65,558,558,558
2026-06-17 21:27:23,有害,D:\Garbage Classification\Garbage_Classification_Organized\dataset\有害\有害_0130.jpg,43.70,138.04,auto,roi_crop,350,65,558,558,558
2026-06-17 21:27:23,有害,D:\Garbage Classification\Garbage_Classification_Organized\dataset\有害\有害_0131.jpg,42.09,136.76,auto,roi_crop,350,65,558,558,558
2026-06-17 21:27:24,有害,D:\Garbage Classification\Garbage_Classification_Organized\dataset\有害\有害_0132.jpg,37.92,131.48,auto,roi_crop,350,65,558,558,558
2026-06-17 21:27:25,有害,D:\Garbage Classification\Garbage_Classification_Organized\dataset\有害\有害_0133.jpg,48.28,137.61,auto,roi_crop,350,65,558,558,558
2026-06-17 21:27:25,有害,D:\Garbage Classification\Garbage_Classification_Organized\dataset\有害\有害_0134.jpg,48.01,136.44,auto,roi_crop,350,65,558,558,558
2026-06-17 21:27:26,有害,D:\Garbage Classification\Garbage_Classification_Organized\dataset\有害\有害_0135.jpg,41.07,136.87,auto,roi_crop,350,65,558,558,558
2026-06-17 21:27:27,有害,D:\Garbage Classification\Garbage_Classification_Organized\dataset\有害\有害_0136.jpg,41.12,138.02,auto,roi_crop,350,65,558,558,558
2026-06-17 21:27:28,有害,D:\Garbage Classification\Garbage_Classification_Organized\dataset\有害\有害_0137.jpg,43.84,134.66,auto,roi_crop,350,65,558,558,558
2026-06-17 21:27:28,有害,D:\Garbage Classification\Garbage_Classification_Organized\dataset\有害\有害_0138.jpg,50.23,138.20,auto,roi_crop,350,65,558,558,558
2026-06-17 21:27:29,有害,D:\Garbage Classification\Garbage_Classification_Organized\dataset\有害\有害_0139.jpg,46.97,135.06,auto,roi_crop,350,65,558,558,558
2026-06-17 21:27:29,有害,D:\Garbage Classification\Garbage_Classification_Organized\dataset\有害\有害_0140.jpg,33.28,133.34,auto,roi_crop,350,65,558,558,558
2026-06-17 21:27:30,有害,D:\Garbage Classification\Garbage_Classification_Organized\dataset\有害\有害_0141.jpg,47.50,136.67,auto,roi_crop,350,65,558,558,558
2026-06-17 21:27:31,有害,D:\Garbage Classification\Garbage_Classification_Organized\dataset\有害\有害_0142.jpg,49.58,137.69,auto,roi_crop,350,65,558,558,558
2026-06-17 21:27:33,有害,D:\Garbage Classification\Garbage_Classification_Organized\dataset\有害\有害_0143.jpg,30.43,137.56,auto,roi_crop,350,65,558,558,558
2026-06-17 21:27:33,有害,D:\Garbage Classification\Garbage_Classification_Organized\dataset\有害\有害_0144.jpg,38.18,159.33,auto,roi_crop,350,65,558,558,558
2026-06-17 21:27:34,有害,D:\Garbage Classification\Garbage_Classification_Organized\dataset\有害\有害_0145.jpg,80.42,151.18,auto,roi_crop,350,65,558,558,558
2026-06-17 21:27:34,有害,D:\Garbage Classification\Garbage_Classification_Organized\dataset\有害\有害_0146.jpg,81.10,149.63,auto,roi_crop,350,65,558,558,558
2026-06-17 21:27:35,有害,D:\Garbage Classification\Garbage_Classification_Organized\dataset\有害\有害_0147.jpg,40.12,130.72,auto,roi_crop,350,65,558,558,558
2026-06-17 21:27:35,有害,D:\Garbage Classification\Garbage_Classification_Organized\dataset\有害\有害_0148.jpg,93.79,145.01,auto,roi_crop,350,65,558,558,558
2026-06-17 21:27:36,有害,D:\Garbage Classification\Garbage_Classification_Organized\dataset\有害\有害_0149.jpg,60.64,130.59,auto,roi_crop,350,65,558,558,558
2026-06-17 21:27:37,有害,D:\Garbage Classification\Garbage_Classification_Organized\dataset\有害\有害_0150.jpg,73.82,142.36,auto,roi_crop,350,65,558,558,558
2026-06-17 21:27:37,有害,D:\Garbage Classification\Garbage_Classification_Organized\dataset\有害\有害_0151.jpg,68.89,143.65,auto,roi_crop,350,65,558,558,558
2026-06-17 21:27:38,有害,D:\Garbage Classification\Garbage_Classification_Organized\dataset\有害\有害_0152.jpg,38.30,134.96,auto,roi_crop,350,65,558,558,558
2026-06-17 21:27:39,有害,D:\Garbage Classification\Garbage_Classification_Organized\dataset\有害\有害_0153.jpg,69.61,144.97,auto,roi_crop,350,65,558,558,558
2026-06-17 21:27:39,有害,D:\Garbage Classification\Garbage_Classification_Organized\dataset\有害\有害_0154.jpg,71.08,143.76,auto,roi_crop,350,65,558,558,558
2026-06-17 21:27:39,有害,D:\Garbage Classification\Garbage_Classification_Organized\dataset\有害\有害_0155.jpg,92.14,143.82,auto,roi_crop,350,65,558,558,558
2026-06-17 21:27:40,有害,D:\Garbage Classification\Garbage_Classification_Organized\dataset\有害\有害_0156.jpg,90.84,142.87,auto,roi_crop,350,65,558,558,558
2026-06-17 21:27:40,有害,D:\Garbage Classification\Garbage_Classification_Organized\dataset\有害\有害_0157.jpg,70.28,127.45,auto,roi_crop,350,65,558,558,558
2026-06-17 21:27:41,有害,D:\Garbage Classification\Garbage_Classification_Organized\dataset\有害\有害_0158.jpg,75.62,143.17,auto,roi_crop,350,65,558,558,558
2026-06-17 21:27:42,有害,D:\Garbage Classification\Garbage_Classification_Organized\dataset\有害\有害_0159.jpg,76.66,144.46,auto,roi_crop,350,65,558,558,558
2026-06-17 21:27:42,有害,D:\Garbage Classification\Garbage_Classification_Organized\dataset\有害\有害_0160.jpg,52.81,127.46,auto,roi_crop,350,65,558,558,558
2026-06-17 21:27:43,有害,D:\Garbage Classification\Garbage_Classification_Organized\dataset\有害\有害_0161.jpg,114.07,153.29,auto,roi_crop,350,65,558,558,558
2026-06-17 21:27:43,有害,D:\Garbage Classification\Garbage_Classification_Organized\dataset\有害\有害_0162.jpg,116.68,151.17,auto,roi_crop,350,65,558,558,558
2026-06-17 21:27:44,有害,D:\Garbage Classification\Garbage_Classification_Organized\dataset\有害\有害_0163.jpg,54.32,143.22,auto,roi_crop,350,65,558,558,558
2026-06-17 21:27:44,有害,D:\Garbage Classification\Garbage_Classification_Organized\dataset\有害\有害_0164.jpg,120.19,146.03,auto,roi_crop,350,65,558,558,558
2026-06-17 21:27:45,有害,D:\Garbage Classification\Garbage_Classification_Organized\dataset\有害\有害_0165.jpg,126.76,148.42,auto,roi_crop,350,65,558,558,558
2026-06-17 21:27:45,有害,D:\Garbage Classification\Garbage_Classification_Organized\dataset\有害\有害_0166.jpg,67.32,146.69,auto,roi_crop,350,65,558,558,558
2026-06-17 21:27:46,有害,D:\Garbage Classification\Garbage_Classification_Organized\dataset\有害\有害_0167.jpg,122.92,147.67,auto,roi_crop,350,65,558,558,558
2026-06-17 21:27:46,有害,D:\Garbage Classification\Garbage_Classification_Organized\dataset\有害\有害_0168.jpg,124.91,144.97,auto,roi_crop,350,65,558,558,558
2026-06-17 21:27:47,有害,D:\Garbage Classification\Garbage_Classification_Organized\dataset\有害\有害_0169.jpg,60.74,142.92,auto,roi_crop,350,65,558,558,558
2026-06-17 21:27:47,有害,D:\Garbage Classification\Garbage_Classification_Organized\dataset\有害\有害_0170.jpg,160.00,146.25,auto,roi_crop,350,65,558,558,558
2026-06-17 21:27:48,有害,D:\Garbage Classification\Garbage_Classification_Organized\dataset\有害\有害_0171.jpg,160.41,145.28,auto,roi_crop,350,65,558,558,558
2026-06-17 21:27:49,有害,D:\Garbage Classification\Garbage_Classification_Organized\dataset\有害\有害_0172.jpg,85.83,141.57,auto,roi_crop,350,65,558,558,558
2026-06-17 21:27:49,有害,D:\Garbage Classification\Garbage_Classification_Organized\dataset\有害\有害_0173.jpg,91.43,144.92,auto,roi_crop,350,65,558,558,558
2026-06-17 21:27:50,有害,D:\Garbage Classification\Garbage_Classification_Organized\dataset\有害\有害_0174.jpg,89.96,142.96,auto,roi_crop,350,65,558,558,558
2026-06-17 21:27:50,有害,D:\Garbage Classification\Garbage_Classification_Organized\dataset\有害\有害_0175.jpg,95.69,137.61,auto,roi_crop,350,65,558,558,558
2026-06-17 21:27:51,有害,D:\Garbage Classification\Garbage_Classification_Organized\dataset\有害\有害_0176.jpg,116.36,142.05,auto,roi_crop,350,65,558,558,558
2026-06-17 21:27:51,有害,D:\Garbage Classification\Garbage_Classification_Organized\dataset\有害\有害_0177.jpg,112.96,142.10,auto,roi_crop,350,65,558,558,558
2026-06-17 21:27:52,有害,D:\Garbage Classification\Garbage_Classification_Organized\dataset\有害\有害_0178.jpg,148.16,131.54,auto,roi_crop,350,65,558,558,558
2026-06-17 21:27:53,有害,D:\Garbage Classification\Garbage_Classification_Organized\dataset\有害\有害_0179.jpg,179.53,140.44,auto,roi_crop,350,65,558,558,558
2026-06-17 21:27:53,有害,D:\Garbage Classification\Garbage_Classification_Organized\dataset\有害\有害_0180.jpg,33.00,137.71,auto,roi_crop,350,65,558,558,558
2026-06-17 21:27:54,有害,D:\Garbage Classification\Garbage_Classification_Organized\dataset\有害\有害_0181.jpg,106.05,139.41,auto,roi_crop,350,65,558,558,558
2026-06-17 21:27:54,有害,D:\Garbage Classification\Garbage_Classification_Organized\dataset\有害\有害_0182.jpg,93.17,136.44,auto,roi_crop,350,65,558,558,558
2026-06-17 21:27:55,有害,D:\Garbage Classification\Garbage_Classification_Organized\dataset\有害\有害_0183.jpg,118.26,139.08,auto,roi_crop,350,65,558,558,558
2026-06-17 21:27:55,有害,D:\Garbage Classification\Garbage_Classification_Organized\dataset\有害\有害_0184.jpg,119.56,139.23,auto,roi_crop,350,65,558,558,558
2026-06-17 21:27:56,有害,D:\Garbage Classification\Garbage_Classification_Organized\dataset\有害\有害_0185.jpg,62.06,129.27,auto,roi_crop,350,65,558,558,558
2026-06-17 21:27:56,有害,D:\Garbage Classification\Garbage_Classification_Organized\dataset\有害\有害_0186.jpg,177.76,141.44,auto,roi_crop,350,65,558,558,558
2026-06-17 21:27:57,有害,D:\Garbage Classification\Garbage_Classification_Organized\dataset\有害\有害_0187.jpg,172.33,142.17,auto,roi_crop,350,65,558,558,558
2026-06-17 21:27:57,有害,D:\Garbage Classification\Garbage_Classification_Organized\dataset\有害\有害_0188.jpg,43.92,133.49,auto,roi_crop,350,65,558,558,558
2026-06-17 21:27:58,有害,D:\Garbage Classification\Garbage_Classification_Organized\dataset\有害\有害_0189.jpg,120.85,143.77,auto,roi_crop,350,65,558,558,558
2026-06-17 21:27:58,有害,D:\Garbage Classification\Garbage_Classification_Organized\dataset\有害\有害_0190.jpg,118.48,143.32,auto,roi_crop,350,65,558,558,558
2026-06-17 21:27:59,有害,D:\Garbage Classification\Garbage_Classification_Organized\dataset\有害\有害_0191.jpg,107.49,140.34,auto,roi_crop,350,65,558,558,558
2026-06-17 21:27:59,有害,D:\Garbage Classification\Garbage_Classification_Organized\dataset\有害\有害_0192.jpg,107.64,142.50,auto,roi_crop,350,65,558,558,558
2026-06-17 21:28:00,有害,D:\Garbage Classification\Garbage_Classification_Organized\dataset\有害\有害_0193.jpg,107.44,139.24,auto,roi_crop,350,65,558,558,558
2026-06-17 21:28:01,有害,D:\Garbage Classification\Garbage_Classification_Organized\dataset\有害\有害_0194.jpg,92.94,130.61,auto,roi_crop,350,65,558,558,558
2026-06-17 21:28:01,有害,D:\Garbage Classification\Garbage_Classification_Organized\dataset\有害\有害_0195.jpg,54.75,138.56,auto,roi_crop,350,65,558,558,558
2026-06-17 21:28:02,有害,D:\Garbage Classification\Garbage_Classification_Organized\dataset\有害\有害_0196.jpg,125.75,140.62,auto,roi_crop,350,65,558,558,558
2026-06-17 21:28:02,有害,D:\Garbage Classification\Garbage_Classification_Organized\dataset\有害\有害_0197.jpg,113.19,135.72,auto,roi_crop,350,65,558,558,558
2026-06-17 21:28:03,有害,D:\Garbage Classification\Garbage_Classification_Organized\dataset\有害\有害_0198.jpg,108.18,151.59,auto,roi_crop,350,65,558,558,558
2026-06-17 21:28:03,有害,D:\Garbage Classification\Garbage_Classification_Organized\dataset\有害\有害_0199.jpg,105.07,150.54,auto,roi_crop,350,65,558,558,558
2026-06-17 21:28:04,有害,D:\Garbage Classification\Garbage_Classification_Organized\dataset\有害\有害_0200.jpg,82.42,130.70,auto,roi_crop,350,65,558,558,558
2026-06-17 21:28:04,有害,D:\Garbage Classification\Garbage_Classification_Organized\dataset\有害\有害_0201.jpg,162.07,144.35,auto,roi_crop,350,65,558,558,558
2026-06-17 21:28:05,有害,D:\Garbage Classification\Garbage_Classification_Organized\dataset\有害\有害_0202.jpg,164.21,142.92,auto,roi_crop,350,65,558,558,558
2026-06-17 21:28:05,有害,D:\Garbage Classification\Garbage_Classification_Organized\dataset\有害\有害_0203.jpg,112.75,142.55,auto,roi_crop,350,65,558,558,558
2026-06-17 21:28:06,有害,D:\Garbage Classification\Garbage_Classification_Organized\dataset\有害\有害_0204.jpg,118.09,145.06,auto,roi_crop,350,65,558,558,558
2026-06-17 21:28:07,有害,D:\Garbage Classification\Garbage_Classification_Organized\dataset\有害\有害_0205.jpg,117.54,145.17,auto,roi_crop,350,65,558,558,558
2026-06-17 21:28:07,有害,D:\Garbage Classification\Garbage_Classification_Organized\dataset\有害\有害_0206.jpg,113.07,145.18,auto,roi_crop,350,65,558,558,558
2026-06-17 21:28:08,有害,D:\Garbage Classification\Garbage_Classification_Organized\dataset\有害\有害_0207.jpg,46.58,142.29,auto,roi_crop,350,65,558,558,558
2026-06-17 21:28:08,有害,D:\Garbage Classification\Garbage_Classification_Organized\dataset\有害\有害_0208.jpg,117.81,141.16,auto,roi_crop,350,65,558,558,558
2026-06-17 21:28:09,有害,D:\Garbage Classification\Garbage_Classification_Organized\dataset\有害\有害_0209.jpg,84.37,133.39,auto,roi_crop,350,65,558,558,558
2026-06-17 21:28:10,有害,D:\Garbage Classification\Garbage_Classification_Organized\dataset\有害\有害_0210.jpg,130.34,145.86,auto,roi_crop,350,65,558,558,558
2026-06-17 21:28:10,有害,D:\Garbage Classification\Garbage_Classification_Organized\dataset\有害\有害_0211.jpg,147.64,144.19,auto,roi_crop,350,65,558,558,558
2026-06-17 21:28:10,有害,D:\Garbage Classification\Garbage_Classification_Organized\dataset\有害\有害_0212.jpg,114.68,142.06,auto,roi_crop,350,65,558,558,558
2026-06-17 21:28:11,有害,D:\Garbage Classification\Garbage_Classification_Organized\dataset\有害\有害_0213.jpg,127.55,142.68,auto,roi_crop,350,65,558,558,558
2026-06-17 21:28:12,有害,D:\Garbage Classification\Garbage_Classification_Organized\dataset\有害\有害_0214.jpg,90.68,144.42,auto,roi_crop,350,65,558,558,558
2026-06-17 21:28:12,有害,D:\Garbage Classification\Garbage_Classification_Organized\dataset\有害\有害_0215.jpg,107.46,144.81,auto,roi_crop,350,65,558,558,558
2026-06-17 21:28:13,有害,D:\Garbage Classification\Garbage_Classification_Organized\dataset\有害\有害_0216.jpg,31.68,154.23,auto,roi_crop,350,65,558,558,558
2026-06-17 21:28:14,有害,D:\Garbage Classification\Garbage_Classification_Organized\dataset\有害\有害_0217.jpg,155.26,145.39,auto,roi_crop,350,65,558,558,558
2026-06-17 21:28:14,有害,D:\Garbage Classification\Garbage_Classification_Organized\dataset\有害\有害_0218.jpg,143.75,145.37,auto,roi_crop,350,65,558,558,558
2026-06-17 21:28:15,有害,D:\Garbage Classification\Garbage_Classification_Organized\dataset\有害\有害_0219.jpg,58.86,144.71,auto,roi_crop,350,65,558,558,558
2026-06-17 21:28:15,有害,D:\Garbage Classification\Garbage_Classification_Organized\dataset\有害\有害_0220.jpg,131.44,149.36,auto,roi_crop,350,65,558,558,558
2026-06-17 21:28:16,有害,D:\Garbage Classification\Garbage_Classification_Organized\dataset\有害\有害_0221.jpg,144.99,141.02,auto,roi_crop,350,65,558,558,558
2026-06-17 21:28:16,有害,D:\Garbage Classification\Garbage_Classification_Organized\dataset\有害\有害_0222.jpg,106.03,139.32,auto,roi_crop,350,65,558,558,558
2026-06-17 21:28:17,有害,D:\Garbage Classification\Garbage_Classification_Organized\dataset\有害\有害_0223.jpg,162.26,141.98,auto,roi_crop,350,65,558,558,558
2026-06-17 21:28:17,有害,D:\Garbage Classification\Garbage_Classification_Organized\dataset\有害\有害_0224.jpg,161.92,140.29,auto,roi_crop,350,65,558,558,558
2026-06-17 21:28:18,有害,D:\Garbage Classification\Garbage_Classification_Organized\dataset\有害\有害_0225.jpg,200.22,136.96,auto,roi_crop,350,65,558,558,558
2026-06-17 21:28:18,有害,D:\Garbage Classification\Garbage_Classification_Organized\dataset\有害\有害_0226.jpg,192.25,136.81,auto,roi_crop,350,65,558,558,558
2026-06-17 21:28:19,有害,D:\Garbage Classification\Garbage_Classification_Organized\dataset\有害\有害_0227.jpg,152.45,143.83,auto,roi_crop,350,65,558,558,558
2026-06-17 21:28:20,有害,D:\Garbage Classification\Garbage_Classification_Organized\dataset\有害\有害_0228.jpg,146.36,144.67,auto,roi_crop,350,65,558,558,558
2026-06-17 21:28:20,有害,D:\Garbage Classification\Garbage_Classification_Organized\dataset\有害\有害_0229.jpg,81.05,146.21,auto,roi_crop,350,65,558,558,558
2026-06-17 21:28:21,有害,D:\Garbage Classification\Garbage_Classification_Organized\dataset\有害\有害_0230.jpg,166.94,144.69,auto,roi_crop,350,65,558,558,558
2026-06-17 21:28:21,有害,D:\Garbage Classification\Garbage_Classification_Organized\dataset\有害\有害_0231.jpg,155.62,138.71,auto,roi_crop,350,65,558,558,558
2026-06-17 21:28:22,有害,D:\Garbage Classification\Garbage_Classification_Organized\dataset\有害\有害_0232.jpg,189.13,141.53,auto,roi_crop,350,65,558,558,558
2026-06-17 21:28:22,有害,D:\Garbage Classification\Garbage_Classification_Organized\dataset\有害\有害_0233.jpg,194.68,141.19,auto,roi_crop,350,65,558,558,558
2026-06-17 21:28:23,有害,D:\Garbage Classification\Garbage_Classification_Organized\dataset\有害\有害_0234.jpg,143.45,131.73,auto,roi_crop,350,65,558,558,558
2026-06-17 21:28:24,有害,D:\Garbage Classification\Garbage_Classification_Organized\dataset\有害\有害_0235.jpg,160.60,137.72,auto,roi_crop,350,65,558,558,558
2026-06-17 21:28:24,有害,D:\Garbage Classification\Garbage_Classification_Organized\dataset\有害\有害_0236.jpg,30.06,141.69,auto,roi_crop,350,65,558,558,558
2026-06-17 21:28:25,有害,D:\Garbage Classification\Garbage_Classification_Organized\dataset\有害\有害_0237.jpg,207.90,140.95,auto,roi_crop,350,65,558,558,558
2026-06-17 21:28:26,有害,D:\Garbage Classification\Garbage_Classification_Organized\dataset\有害\有害_0238.jpg,33.09,143.84,auto,roi_crop,350,65,558,558,558
2026-06-17 21:28:26,有害,D:\Garbage Classification\Garbage_Classification_Organized\dataset\有害\有害_0239.jpg,129.55,144.76,auto,roi_crop,350,65,558,558,558
2026-06-17 21:28:28,有害,D:\Garbage Classification\Garbage_Classification_Organized\dataset\有害\有害_0240.jpg,101.37,145.04,auto,roi_crop,350,65,558,558,558
2026-06-17 21:28:28,有害,D:\Garbage Classification\Garbage_Classification_Organized\dataset\有害\有害_0241.jpg,216.99,149.40,auto,roi_crop,350,65,558,558,558
2026-06-17 21:28:29,有害,D:\Garbage Classification\Garbage_Classification_Organized\dataset\有害\有害_0242.jpg,222.10,145.49,auto,roi_crop,350,65,558,558,558
2026-06-17 21:28:30,有害,D:\Garbage Classification\Garbage_Classification_Organized\dataset\有害\有害_0243.jpg,129.63,145.61,auto,roi_crop,350,65,558,558,558
2026-06-17 21:28:30,有害,D:\Garbage Classification\Garbage_Classification_Organized\dataset\有害\有害_0244.jpg,129.35,146.70,auto,roi_crop,350,65,558,558,558
2026-06-17 21:28:31,有害,D:\Garbage Classification\Garbage_Classification_Organized\dataset\有害\有害_0245.jpg,149.07,145.00,auto,roi_crop,350,65,558,558,558
2026-06-17 21:28:31,有害,D:\Garbage Classification\Garbage_Classification_Organized\dataset\有害\有害_0246.jpg,168.34,145.03,auto,roi_crop,350,65,558,558,558
2026-06-17 21:28:32,有害,D:\Garbage Classification\Garbage_Classification_Organized\dataset\有害\有害_0247.jpg,38.61,142.77,auto,roi_crop,350,65,558,558,558
2026-06-17 21:28:32,有害,D:\Garbage Classification\Garbage_Classification_Organized\dataset\有害\有害_0248.jpg,141.18,144.01,auto,roi_crop,350,65,558,558,558
2026-06-17 21:28:33,有害,D:\Garbage Classification\Garbage_Classification_Organized\dataset\有害\有害_0249.jpg,46.62,145.41,auto,roi_crop,350,65,558,558,558
2026-06-17 21:28:34,有害,D:\Garbage Classification\Garbage_Classification_Organized\dataset\有害\有害_0250.jpg,67.94,149.84,auto,roi_crop,350,65,558,558,558
2026-06-17 21:28:34,有害,D:\Garbage Classification\Garbage_Classification_Organized\dataset\有害\有害_0251.jpg,38.31,139.56,auto,roi_crop,350,65,558,558,558
2026-06-17 21:28:35,有害,D:\Garbage Classification\Garbage_Classification_Organized\dataset\有害\有害_0252.jpg,58.00,147.25,auto,roi_crop,350,65,558,558,558
2026-06-17 21:28:36,有害,D:\Garbage Classification\Garbage_Classification_Organized\dataset\有害\有害_0253.jpg,58.82,147.23,auto,roi_crop,350,65,558,558,558
2026-06-17 21:28:36,有害,D:\Garbage Classification\Garbage_Classification_Organized\dataset\有害\有害_0254.jpg,30.73,142.37,auto,roi_crop,350,65,558,558,558
2026-06-17 21:28:37,有害,D:\Garbage Classification\Garbage_Classification_Organized\dataset\有害\有害_0255.jpg,53.13,145.06,auto,roi_crop,350,65,558,558,558
2026-06-17 21:28:37,有害,D:\Garbage Classification\Garbage_Classification_Organized\dataset\有害\有害_0256.jpg,45.32,141.90,auto,roi_crop,350,65,558,558,558
2026-06-17 21:28:38,有害,D:\Garbage Classification\Garbage_Classification_Organized\dataset\有害\有害_0257.jpg,44.55,144.51,auto,roi_crop,350,65,558,558,558
2026-06-17 21:28:39,有害,D:\Garbage Classification\Garbage_Classification_Organized\dataset\有害\有害_0258.jpg,31.31,136.25,auto,roi_crop,350,65,558,558,558
2026-06-17 21:28:39,有害,D:\Garbage Classification\Garbage_Classification_Organized\dataset\有害\有害_0259.jpg,63.86,143.83,auto,roi_crop,350,65,558,558,558
2026-06-17 21:28:40,有害,D:\Garbage Classification\Garbage_Classification_Organized\dataset\有害\有害_0260.jpg,70.26,141.86,auto,roi_crop,350,65,558,558,558
2026-06-17 21:28:41,有害,D:\Garbage Classification\Garbage_Classification_Organized\dataset\有害\有害_0261.jpg,72.12,141.73,auto,roi_crop,350,65,558,558,558
2026-06-17 21:28:41,有害,D:\Garbage Classification\Garbage_Classification_Organized\dataset\有害\有害_0262.jpg,71.39,142.27,auto,roi_crop,350,65,558,558,558
2026-06-17 21:28:42,有害,D:\Garbage Classification\Garbage_Classification_Organized\dataset\有害\有害_0263.jpg,56.76,139.14,auto,roi_crop,350,65,558,558,558
2026-06-17 21:28:42,有害,D:\Garbage Classification\Garbage_Classification_Organized\dataset\有害\有害_0264.jpg,52.71,144.29,auto,roi_crop,350,65,558,558,558
2026-06-17 21:28:43,有害,D:\Garbage Classification\Garbage_Classification_Organized\dataset\有害\有害_0265.jpg,54.02,142.37,auto,roi_crop,350,65,558,558,558
2026-06-17 21:28:43,有害,D:\Garbage Classification\Garbage_Classification_Organized\dataset\有害\有害_0266.jpg,35.22,139.89,auto,roi_crop,350,65,558,558,558
2026-06-17 21:28:44,有害,D:\Garbage Classification\Garbage_Classification_Organized\dataset\有害\有害_0267.jpg,54.34,142.55,auto,roi_crop,350,65,558,558,558
2026-06-17 21:28:44,有害,D:\Garbage Classification\Garbage_Classification_Organized\dataset\有害\有害_0268.jpg,49.93,140.07,auto,roi_crop,350,65,558,558,558
2026-06-17 21:28:45,有害,D:\Garbage Classification\Garbage_Classification_Organized\dataset\有害\有害_0269.jpg,68.16,140.30,auto,roi_crop,350,65,558,558,558
2026-06-17 21:28:45,有害,D:\Garbage Classification\Garbage_Classification_Organized\dataset\有害\有害_0270.jpg,67.50,142.09,auto,roi_crop,350,65,558,558,558
2026-06-17 21:28:46,有害,D:\Garbage Classification\Garbage_Classification_Organized\dataset\有害\有害_0271.jpg,71.09,138.93,auto,roi_crop,350,65,558,558,558
2026-06-17 21:28:47,有害,D:\Garbage Classification\Garbage_Classification_Organized\dataset\有害\有害_0272.jpg,58.74,138.88,auto,roi_crop,350,65,558,558,558
2026-06-17 21:28:47,有害,D:\Garbage Classification\Garbage_Classification_Organized\dataset\有害\有害_0273.jpg,59.59,138.21,auto,roi_crop,350,65,558,558,558
2026-06-17 21:28:48,有害,D:\Garbage Classification\Garbage_Classification_Organized\dataset\有害\有害_0274.jpg,57.10,135.51,auto,roi_crop,350,65,558,558,558
2026-06-17 21:28:48,有害,D:\Garbage Classification\Garbage_Classification_Organized\dataset\有害\有害_0275.jpg,60.21,136.72,auto,roi_crop,350,65,558,558,558
2026-06-17 21:28:49,有害,D:\Garbage Classification\Garbage_Classification_Organized\dataset\有害\有害_0276.jpg,57.82,141.06,auto,roi_crop,350,65,558,558,558
2026-06-17 21:28:49,有害,D:\Garbage Classification\Garbage_Classification_Organized\dataset\有害\有害_0277.jpg,53.92,134.64,auto,roi_crop,350,65,558,558,558
2026-06-17 21:28:50,有害,D:\Garbage Classification\Garbage_Classification_Organized\dataset\有害\有害_0278.jpg,55.75,139.94,auto,roi_crop,350,65,558,558,558
2026-06-17 21:28:50,有害,D:\Garbage Classification\Garbage_Classification_Organized\dataset\有害\有害_0279.jpg,54.91,142.14,auto,roi_crop,350,65,558,558,558
2026-06-17 21:28:51,有害,D:\Garbage Classification\Garbage_Classification_Organized\dataset\有害\有害_0280.jpg,35.57,133.25,auto,roi_crop,350,65,558,558,558
2026-06-17 21:28:51,有害,D:\Garbage Classification\Garbage_Classification_Organized\dataset\有害\有害_0281.jpg,47.67,142.84,auto,roi_crop,350,65,558,558,558
2026-06-17 21:28:52,有害,D:\Garbage Classification\Garbage_Classification_Organized\dataset\有害\有害_0282.jpg,41.59,140.82,auto,roi_crop,350,65,558,558,558
2026-06-17 21:28:53,有害,D:\Garbage Classification\Garbage_Classification_Organized\dataset\有害\有害_0283.jpg,39.97,142.36,auto,roi_crop,350,65,558,558,558
2026-06-17 21:28:53,有害,D:\Garbage Classification\Garbage_Classification_Organized\dataset\有害\有害_0284.jpg,41.26,142.43,auto,roi_crop,350,65,558,558,558
2026-06-17 21:28:54,有害,D:\Garbage Classification\Garbage_Classification_Organized\dataset\有害\有害_0285.jpg,41.56,140.54,auto,roi_crop,350,65,558,558,558
2026-06-17 21:28:55,有害,D:\Garbage Classification\Garbage_Classification_Organized\dataset\有害\有害_0286.jpg,42.75,142.44,auto,roi_crop,350,65,558,558,558
2026-06-17 21:28:55,有害,D:\Garbage Classification\Garbage_Classification_Organized\dataset\有害\有害_0287.jpg,36.33,137.12,auto,roi_crop,350,65,558,558,558
2026-06-17 21:28:56,有害,D:\Garbage Classification\Garbage_Classification_Organized\dataset\有害\有害_0288.jpg,46.65,142.00,auto,roi_crop,350,65,558,558,558
2026-06-17 21:28:56,有害,D:\Garbage Classification\Garbage_Classification_Organized\dataset\有害\有害_0289.jpg,42.32,139.24,auto,roi_crop,350,65,558,558,558
2026-06-17 21:28:57,有害,D:\Garbage Classification\Garbage_Classification_Organized\dataset\有害\有害_0290.jpg,67.23,138.58,auto,roi_crop,350,65,558,558,558
2026-06-17 21:28:57,有害,D:\Garbage Classification\Garbage_Classification_Organized\dataset\有害\有害_0291.jpg,67.16,142.15,auto,roi_crop,350,65,558,558,558
2026-06-17 21:28:58,有害,D:\Garbage Classification\Garbage_Classification_Organized\dataset\有害\有害_0292.jpg,41.50,133.26,auto,roi_crop,350,65,558,558,558
2026-06-17 21:28:58,有害,D:\Garbage Classification\Garbage_Classification_Organized\dataset\有害\有害_0293.jpg,39.24,141.03,auto,roi_crop,350,65,558,558,558
2026-06-17 21:28:59,有害,D:\Garbage Classification\Garbage_Classification_Organized\dataset\有害\有害_0294.jpg,41.42,141.10,auto,roi_crop,350,65,558,558,558
2026-06-17 21:28:59,有害,D:\Garbage Classification\Garbage_Classification_Organized\dataset\有害\有害_0295.jpg,44.17,141.21,auto,roi_crop,350,65,558,558,558
2026-06-17 21:29:00,有害,D:\Garbage Classification\Garbage_Classification_Organized\dataset\有害\有害_0296.jpg,44.78,142.53,auto,roi_crop,350,65,558,558,558
2026-06-17 21:29:01,有害,D:\Garbage Classification\Garbage_Classification_Organized\dataset\有害\有害_0297.jpg,34.01,140.83,auto,roi_crop,350,65,558,558,558
2026-06-17 21:29:01,有害,D:\Garbage Classification\Garbage_Classification_Organized\dataset\有害\有害_0298.jpg,47.21,142.76,auto,roi_crop,350,65,558,558,558
2026-06-17 21:29:02,有害,D:\Garbage Classification\Garbage_Classification_Organized\dataset\有害\有害_0299.jpg,55.44,143.18,auto,roi_crop,350,65,558,558,558
2026-06-17 21:29:02,有害,D:\Garbage Classification\Garbage_Classification_Organized\dataset\有害\有害_0300.jpg,58.58,140.46,auto,roi_crop,350,65,558,558,558
2026-06-17 21:29:03,有害,D:\Garbage Classification\Garbage_Classification_Organized\dataset\有害\有害_0301.jpg,63.17,141.86,auto,roi_crop,350,65,558,558,558
2026-06-17 21:29:03,有害,D:\Garbage Classification\Garbage_Classification_Organized\dataset\有害\有害_0302.jpg,56.71,140.75,auto,roi_crop,350,65,558,558,558
2026-06-17 21:29:04,有害,D:\Garbage Classification\Garbage_Classification_Organized\dataset\有害\有害_0303.jpg,51.80,141.13,auto,roi_crop,350,65,558,558,558
2026-06-17 21:29:04,有害,D:\Garbage Classification\Garbage_Classification_Organized\dataset\有害\有害_0304.jpg,42.60,136.78,auto,roi_crop,350,65,558,558,558
2026-06-17 21:29:05,有害,D:\Garbage Classification\Garbage_Classification_Organized\dataset\有害\有害_0305.jpg,34.37,140.31,auto,roi_crop,350,65,558,558,558
2026-06-17 21:29:06,有害,D:\Garbage Classification\Garbage_Classification_Organized\dataset\有害\有害_0306.jpg,32.79,141.90,auto,roi_crop,350,65,558,558,558
2026-06-17 21:29:06,有害,D:\Garbage Classification\Garbage_Classification_Organized\dataset\有害\有害_0307.jpg,33.31,142.08,auto,roi_crop,350,65,558,558,558
2026-06-17 21:29:07,有害,D:\Garbage Classification\Garbage_Classification_Organized\dataset\有害\有害_0308.jpg,40.12,141.40,auto,roi_crop,350,65,558,558,558
2026-06-17 21:29:08,有害,D:\Garbage Classification\Garbage_Classification_Organized\dataset\有害\有害_0309.jpg,53.18,140.19,auto,roi_crop,350,65,558,558,558
2026-06-17 21:29:09,有害,D:\Garbage Classification\Garbage_Classification_Organized\dataset\有害\有害_0310.jpg,40.04,141.85,auto,roi_crop,350,65,558,558,558
2026-06-17 21:29:09,有害,D:\Garbage Classification\Garbage_Classification_Organized\dataset\有害\有害_0311.jpg,43.05,142.35,auto,roi_crop,350,65,558,558,558
2026-06-17 21:29:10,有害,D:\Garbage Classification\Garbage_Classification_Organized\dataset\有害\有害_0312.jpg,41.10,142.42,auto,roi_crop,350,65,558,558,558
2026-06-17 21:29:10,有害,D:\Garbage Classification\Garbage_Classification_Organized\dataset\有害\有害_0313.jpg,33.92,138.75,auto,roi_crop,350,65,558,558,558
2026-06-17 21:29:11,有害,D:\Garbage Classification\Garbage_Classification_Organized\dataset\有害\有害_0314.jpg,51.23,139.38,auto,roi_crop,350,65,558,558,558
2026-06-17 21:29:12,有害,D:\Garbage Classification\Garbage_Classification_Organized\dataset\有害\有害_0315.jpg,31.31,139.75,auto,roi_crop,350,65,558,558,558
2026-06-17 21:29:12,有害,D:\Garbage Classification\Garbage_Classification_Organized\dataset\有害\有害_0316.jpg,31.47,140.94,auto,roi_crop,350,65,558,558,558
2026-06-17 21:29:14,有害,D:\Garbage Classification\Garbage_Classification_Organized\dataset\有害\有害_0317.jpg,32.59,142.09,auto,roi_crop,350,65,558,558,558
2026-06-17 21:29:14,有害,D:\Garbage Classification\Garbage_Classification_Organized\dataset\有害\有害_0318.jpg,36.43,138.02,auto,roi_crop,350,65,558,558,558
2026-06-17 21:29:15,有害,D:\Garbage Classification\Garbage_Classification_Organized\dataset\有害\有害_0319.jpg,39.37,140.89,auto,roi_crop,350,65,558,558,558
2026-06-17 21:29:16,有害,D:\Garbage Classification\Garbage_Classification_Organized\dataset\有害\有害_0320.jpg,30.40,138.96,auto,roi_crop,350,65,558,558,558
2026-06-17 21:29:17,有害,D:\Garbage Classification\Garbage_Classification_Organized\dataset\有害\有害_0321.jpg,39.40,141.43,auto,roi_crop,350,65,558,558,558
2026-06-17 21:29:17,有害,D:\Garbage Classification\Garbage_Classification_Organized\dataset\有害\有害_0322.jpg,34.23,139.73,auto,roi_crop,350,65,558,558,558
2026-06-17 21:29:18,有害,D:\Garbage Classification\Garbage_Classification_Organized\dataset\有害\有害_0323.jpg,32.52,139.28,auto,roi_crop,350,65,558,558,558
2026-06-17 21:29:18,有害,D:\Garbage Classification\Garbage_Classification_Organized\dataset\有害\有害_0324.jpg,30.70,140.06,auto,roi_crop,350,65,558,558,558
2026-06-17 21:29:19,有害,D:\Garbage Classification\Garbage_Classification_Organized\dataset\有害\有害_0325.jpg,32.13,138.33,auto,roi_crop,350,65,558,558,558
2026-06-17 21:29:20,有害,D:\Garbage Classification\Garbage_Classification_Organized\dataset\有害\有害_0326.jpg,33.05,139.69,auto,roi_crop,350,65,558,558,558
2026-06-17 21:29:21,有害,D:\Garbage Classification\Garbage_Classification_Organized\dataset\有害\有害_0327.jpg,32.11,139.50,auto,roi_crop,350,65,558,558,558
2026-06-17 21:29:21,有害,D:\Garbage Classification\Garbage_Classification_Organized\dataset\有害\有害_0328.jpg,33.11,140.53,auto,roi_crop,350,65,558,558,558
2026-06-17 21:29:22,有害,D:\Garbage Classification\Garbage_Classification_Organized\dataset\有害\有害_0329.jpg,31.80,140.84,auto,roi_crop,350,65,558,558,558
2026-06-17 21:29:22,有害,D:\Garbage Classification\Garbage_Classification_Organized\dataset\有害\有害_0330.jpg,30.72,142.94,auto,roi_crop,350,65,558,558,558
2026-06-17 21:29:23,有害,D:\Garbage Classification\Garbage_Classification_Organized\dataset\有害\有害_0331.jpg,31.10,140.47,auto,roi_crop,350,65,558,558,558
2026-06-17 21:29:24,有害,D:\Garbage Classification\Garbage_Classification_Organized\dataset\有害\有害_0332.jpg,34.32,141.57,auto,roi_crop,350,65,558,558,558
2026-06-17 21:29:25,有害,D:\Garbage Classification\Garbage_Classification_Organized\dataset\有害\有害_0333.jpg,37.99,139.40,auto,roi_crop,350,65,558,558,558
2026-06-17 21:29:27,有害,D:\Garbage Classification\Garbage_Classification_Organized\dataset\有害\有害_0334.jpg,33.36,140.62,auto,roi_crop,350,65,558,558,558
2026-06-17 21:29:28,有害,D:\Garbage Classification\Garbage_Classification_Organized\dataset\有害\有害_0335.jpg,33.01,141.82,auto,roi_crop,350,65,558,558,558
2026-06-17 21:29:29,有害,D:\Garbage Classification\Garbage_Classification_Organized\dataset\有害\有害_0336.jpg,33.40,138.48,auto,roi_crop,350,65,558,558,558
2026-06-17 21:29:29,有害,D:\Garbage Classification\Garbage_Classification_Organized\dataset\有害\有害_0337.jpg,35.68,141.62,auto,roi_crop,350,65,558,558,558
2026-06-17 21:29:31,有害,D:\Garbage Classification\Garbage_Classification_Organized\dataset\有害\有害_0338.jpg,30.83,140.89,auto,roi_crop,350,65,558,558,558
2026-06-17 21:29:31,有害,D:\Garbage Classification\Garbage_Classification_Organized\dataset\有害\有害_0339.jpg,30.73,138.29,auto,roi_crop,350,65,558,558,558
2026-06-17 21:29:32,有害,D:\Garbage Classification\Garbage_Classification_Organized\dataset\有害\有害_0340.jpg,30.75,140.56,auto,roi_crop,350,65,558,558,558
2026-06-17 21:29:33,有害,D:\Garbage Classification\Garbage_Classification_Organized\dataset\有害\有害_0341.jpg,32.40,139.39,auto,roi_crop,350,65,558,558,558
2026-06-17 21:29:34,有害,D:\Garbage Classification\Garbage_Classification_Organized\dataset\有害\有害_0342.jpg,38.69,140.82,auto,roi_crop,350,65,558,558,558
2026-06-17 21:29:35,有害,D:\Garbage Classification\Garbage_Classification_Organized\dataset\有害\有害_0343.jpg,37.34,139.02,auto,roi_crop,350,65,558,558,558
2026-06-17 21:29:35,有害,D:\Garbage Classification\Garbage_Classification_Organized\dataset\有害\有害_0344.jpg,40.40,140.86,auto,roi_crop,350,65,558,558,558
2026-06-17 21:29:36,有害,D:\Garbage Classification\Garbage_Classification_Organized\dataset\有害\有害_0345.jpg,30.52,141.23,auto,roi_crop,350,65,558,558,558
2026-06-17 21:29:37,有害,D:\Garbage Classification\Garbage_Classification_Organized\dataset\有害\有害_0346.jpg,31.76,141.53,auto,roi_crop,350,65,558,558,558
2026-06-17 21:29:37,有害,D:\Garbage Classification\Garbage_Classification_Organized\dataset\有害\有害_0347.jpg,34.55,139.53,auto,roi_crop,350,65,558,558,558
2026-06-17 21:29:38,有害,D:\Garbage Classification\Garbage_Classification_Organized\dataset\有害\有害_0348.jpg,36.32,140.56,auto,roi_crop,350,65,558,558,558
2026-06-17 21:29:38,有害,D:\Garbage Classification\Garbage_Classification_Organized\dataset\有害\有害_0349.jpg,38.43,142.67,auto,roi_crop,350,65,558,558,558
2026-06-17 21:34:49,待分拣,D:\Garbage Classification\Garbage_Classification_Organized\dataset\待分拣\待分拣_0001.jpg,20.34,130.66,auto,roi_crop,350,65,558,558,558
2026-06-17 21:34:50,待分拣,D:\Garbage Classification\Garbage_Classification_Organized\dataset\待分拣\待分拣_0002.jpg,20.72,131.88,auto,roi_crop,350,65,558,558,558
2026-06-17 21:34:53,待分拣,D:\Garbage Classification\Garbage_Classification_Organized\dataset\待分拣\待分拣_0003.jpg,32.13,151.21,auto,roi_crop,350,65,558,558,558
2026-06-17 21:34:54,待分拣,D:\Garbage Classification\Garbage_Classification_Organized\dataset\待分拣\待分拣_0004.jpg,27.49,139.70,auto,roi_crop,350,65,558,558,558
2026-06-17 21:34:54,待分拣,D:\Garbage Classification\Garbage_Classification_Organized\dataset\待分拣\待分拣_0005.jpg,28.45,139.87,auto,roi_crop,350,65,558,558,558
2026-06-17 21:34:56,待分拣,D:\Garbage Classification\Garbage_Classification_Organized\dataset\待分拣\待分拣_0006.jpg,22.71,142.67,auto,roi_crop,350,65,558,558,558
2026-06-17 21:34:56,待分拣,D:\Garbage Classification\Garbage_Classification_Organized\dataset\待分拣\待分拣_0007.jpg,21.13,124.05,auto,roi_crop,350,65,558,558,558
2026-06-17 21:34:57,待分拣,D:\Garbage Classification\Garbage_Classification_Organized\dataset\待分拣\待分拣_0008.jpg,20.89,106.49,auto,roi_crop,350,65,558,558,558
2026-06-17 21:35:03,待分拣,D:\Garbage Classification\Garbage_Classification_Organized\dataset\待分拣\待分拣_0009.jpg,12.83,130.65,auto,roi_crop,350,65,558,558,558
2026-06-17 21:35:04,待分拣,D:\Garbage Classification\Garbage_Classification_Organized\dataset\待分拣\待分拣_0010.jpg,19.65,135.07,auto,roi_crop,350,65,558,558,558
2026-06-17 21:35:06,待分拣,D:\Garbage Classification\Garbage_Classification_Organized\dataset\待分拣\待分拣_0011.jpg,11.96,129.83,auto,roi_crop,350,65,558,558,558
2026-06-17 21:35:06,待分拣,D:\Garbage Classification\Garbage_Classification_Organized\dataset\待分拣\待分拣_0012.jpg,19.87,151.52,auto,roi_crop,350,65,558,558,558
2026-06-17 21:35:07,待分拣,D:\Garbage Classification\Garbage_Classification_Organized\dataset\待分拣\待分拣_0013.jpg,13.08,116.33,auto,roi_crop,350,65,558,558,558
2026-06-17 21:35:08,待分拣,D:\Garbage Classification\Garbage_Classification_Organized\dataset\待分拣\待分拣_0014.jpg,11.41,129.18,auto,roi_crop,350,65,558,558,558
2026-06-17 21:35:09,待分拣,D:\Garbage Classification\Garbage_Classification_Organized\dataset\待分拣\待分拣_0015.jpg,16.61,126.64,auto,roi_crop,350,65,558,558,558
2026-06-17 21:35:10,待分拣,D:\Garbage Classification\Garbage_Classification_Organized\dataset\待分拣\待分拣_0016.jpg,14.66,124.44,auto,roi_crop,350,65,558,558,558
2026-06-17 21:35:11,待分拣,D:\Garbage Classification\Garbage_Classification_Organized\dataset\待分拣\待分拣_0017.jpg,16.68,154.24,auto,roi_crop,350,65,558,558,558
2026-06-17 21:35:11,待分拣,D:\Garbage Classification\Garbage_Classification_Organized\dataset\待分拣\待分拣_0018.jpg,14.32,126.37,auto,roi_crop,350,65,558,558,558
2026-06-17 21:35:12,待分拣,D:\Garbage Classification\Garbage_Classification_Organized\dataset\待分拣\待分拣_0019.jpg,12.72,116.00,auto,roi_crop,350,65,558,558,558
2026-06-17 21:35:13,待分拣,D:\Garbage Classification\Garbage_Classification_Organized\dataset\待分拣\待分拣_0020.jpg,16.66,125.97,auto,roi_crop,350,65,558,558,558
2026-06-17 21:35:14,待分拣,D:\Garbage Classification\Garbage_Classification_Organized\dataset\待分拣\待分拣_0021.jpg,11.80,148.97,auto,roi_crop,350,65,558,558,558
2026-06-17 21:35:14,待分拣,D:\Garbage Classification\Garbage_Classification_Organized\dataset\待分拣\待分拣_0022.jpg,10.42,116.29,auto,roi_crop,350,65,558,558,558
2026-06-17 21:35:15,待分拣,D:\Garbage Classification\Garbage_Classification_Organized\dataset\待分拣\待分拣_0023.jpg,23.08,134.38,auto,roi_crop,350,65,558,558,558
2026-06-17 21:35:15,待分拣,D:\Garbage Classification\Garbage_Classification_Organized\dataset\待分拣\待分拣_0024.jpg,11.71,123.34,auto,roi_crop,350,65,558,558,558
2026-06-17 21:35:16,待分拣,D:\Garbage Classification\Garbage_Classification_Organized\dataset\待分拣\待分拣_0025.jpg,17.63,136.97,auto,roi_crop,350,65,558,558,558
2026-06-17 21:35:17,待分拣,D:\Garbage Classification\Garbage_Classification_Organized\dataset\待分拣\待分拣_0026.jpg,13.87,142.51,auto,roi_crop,350,65,558,558,558
2026-06-17 21:35:17,待分拣,D:\Garbage Classification\Garbage_Classification_Organized\dataset\待分拣\待分拣_0027.jpg,13.96,142.32,auto,roi_crop,350,65,558,558,558
2026-06-17 21:35:18,待分拣,D:\Garbage Classification\Garbage_Classification_Organized\dataset\待分拣\待分拣_0028.jpg,10.10,131.46,auto,roi_crop,350,65,558,558,558
2026-06-17 21:35:18,待分拣,D:\Garbage Classification\Garbage_Classification_Organized\dataset\待分拣\待分拣_0029.jpg,10.28,132.75,auto,roi_crop,350,65,558,558,558
2026-06-17 21:35:19,待分拣,D:\Garbage Classification\Garbage_Classification_Organized\dataset\待分拣\待分拣_0030.jpg,13.51,150.55,auto,roi_crop,350,65,558,558,558
2026-06-17 21:35:19,待分拣,D:\Garbage Classification\Garbage_Classification_Organized\dataset\待分拣\待分拣_0031.jpg,12.01,136.29,auto,roi_crop,350,65,558,558,558
2026-06-17 21:35:20,待分拣,D:\Garbage Classification\Garbage_Classification_Organized\dataset\待分拣\待分拣_0032.jpg,11.67,122.04,auto,roi_crop,350,65,558,558,558
2026-06-17 21:35:21,待分拣,D:\Garbage Classification\Garbage_Classification_Organized\dataset\待分拣\待分拣_0033.jpg,10.87,136.88,auto,roi_crop,350,65,558,558,558
2026-06-17 21:35:21,待分拣,D:\Garbage Classification\Garbage_Classification_Organized\dataset\待分拣\待分拣_0034.jpg,18.38,133.57,auto,roi_crop,350,65,558,558,558
2026-06-17 21:35:22,待分拣,D:\Garbage Classification\Garbage_Classification_Organized\dataset\待分拣\待分拣_0035.jpg,22.46,131.43,auto,roi_crop,350,65,558,558,558
2026-06-17 21:35:22,待分拣,D:\Garbage Classification\Garbage_Classification_Organized\dataset\待分拣\待分拣_0036.jpg,10.02,128.28,auto,roi_crop,350,65,558,558,558
2026-06-17 21:35:23,待分拣,D:\Garbage Classification\Garbage_Classification_Organized\dataset\待分拣\待分拣_0037.jpg,15.17,127.09,auto,roi_crop,350,65,558,558,558
2026-06-17 21:35:23,待分拣,D:\Garbage Classification\Garbage_Classification_Organized\dataset\待分拣\待分拣_0038.jpg,23.02,127.54,auto,roi_crop,350,65,558,558,558
2026-06-17 21:35:24,待分拣,D:\Garbage Classification\Garbage_Classification_Organized\dataset\待分拣\待分拣_0039.jpg,18.42,132.08,auto,roi_crop,350,65,558,558,558
2026-06-17 21:35:24,待分拣,D:\Garbage Classification\Garbage_Classification_Organized\dataset\待分拣\待分拣_0040.jpg,21.56,142.49,auto,roi_crop,350,65,558,558,558
2026-06-17 21:35:25,待分拣,D:\Garbage Classification\Garbage_Classification_Organized\dataset\待分拣\待分拣_0041.jpg,11.77,134.13,auto,roi_crop,350,65,558,558,558
2026-06-17 21:35:26,待分拣,D:\Garbage Classification\Garbage_Classification_Organized\dataset\待分拣\待分拣_0042.jpg,12.80,133.37,auto,roi_crop,350,65,558,558,558
2026-06-17 21:35:26,待分拣,D:\Garbage Classification\Garbage_Classification_Organized\dataset\待分拣\待分拣_0043.jpg,18.17,122.73,auto,roi_crop,350,65,558,558,558
2026-06-17 21:35:27,待分拣,D:\Garbage Classification\Garbage_Classification_Organized\dataset\待分拣\待分拣_0044.jpg,15.22,133.09,auto,roi_crop,350,65,558,558,558
2026-06-17 21:35:27,待分拣,D:\Garbage Classification\Garbage_Classification_Organized\dataset\待分拣\待分拣_0045.jpg,14.23,134.53,auto,roi_crop,350,65,558,558,558
2026-06-17 21:35:28,待分拣,D:\Garbage Classification\Garbage_Classification_Organized\dataset\待分拣\待分拣_0046.jpg,16.26,135.09,auto,roi_crop,350,65,558,558,558
2026-06-17 21:35:28,待分拣,D:\Garbage Classification\Garbage_Classification_Organized\dataset\待分拣\待分拣_0047.jpg,15.37,134.09,auto,roi_crop,350,65,558,558,558
2026-06-17 21:35:29,待分拣,D:\Garbage Classification\Garbage_Classification_Organized\dataset\待分拣\待分拣_0048.jpg,19.26,134.27,auto,roi_crop,350,65,558,558,558
2026-06-17 21:35:30,待分拣,D:\Garbage Classification\Garbage_Classification_Organized\dataset\待分拣\待分拣_0049.jpg,21.75,140.93,auto,roi_crop,350,65,558,558,558
2026-06-17 21:35:30,待分拣,D:\Garbage Classification\Garbage_Classification_Organized\dataset\待分拣\待分拣_0050.jpg,25.81,134.95,auto,roi_crop,350,65,558,558,558
2026-06-17 21:35:31,待分拣,D:\Garbage Classification\Garbage_Classification_Organized\dataset\待分拣\待分拣_0051.jpg,24.61,136.91,auto,roi_crop,350,65,558,558,558
2026-06-17 21:35:31,待分拣,D:\Garbage Classification\Garbage_Classification_Organized\dataset\待分拣\待分拣_0052.jpg,19.25,145.29,auto,roi_crop,350,65,558,558,558
2026-06-17 21:35:32,待分拣,D:\Garbage Classification\Garbage_Classification_Organized\dataset\待分拣\待分拣_0053.jpg,16.89,136.84,auto,roi_crop,350,65,558,558,558
2026-06-17 21:35:32,待分拣,D:\Garbage Classification\Garbage_Classification_Organized\dataset\待分拣\待分拣_0054.jpg,12.02,129.64,auto,roi_crop,350,65,558,558,558
2026-06-17 21:35:33,待分拣,D:\Garbage Classification\Garbage_Classification_Organized\dataset\待分拣\待分拣_0055.jpg,11.88,125.42,auto,roi_crop,350,65,558,558,558
2026-06-17 21:35:33,待分拣,D:\Garbage Classification\Garbage_Classification_Organized\dataset\待分拣\待分拣_0056.jpg,10.15,121.36,auto,roi_crop,350,65,558,558,558
2026-06-17 21:35:34,待分拣,D:\Garbage Classification\Garbage_Classification_Organized\dataset\待分拣\待分拣_0057.jpg,11.00,124.51,auto,roi_crop,350,65,558,558,558
2026-06-17 21:35:35,待分拣,D:\Garbage Classification\Garbage_Classification_Organized\dataset\待分拣\待分拣_0058.jpg,12.87,125.51,auto,roi_crop,350,65,558,558,558
2026-06-17 21:35:35,待分拣,D:\Garbage Classification\Garbage_Classification_Organized\dataset\待分拣\待分拣_0059.jpg,10.04,125.79,auto,roi_crop,350,65,558,558,558
2026-06-17 21:35:36,待分拣,D:\Garbage Classification\Garbage_Classification_Organized\dataset\待分拣\待分拣_0060.jpg,11.15,128.35,auto,roi_crop,350,65,558,558,558
2026-06-17 21:35:37,待分拣,D:\Garbage Classification\Garbage_Classification_Organized\dataset\待分拣\待分拣_0061.jpg,10.37,120.78,auto,roi_crop,350,65,558,558,558
2026-06-17 21:35:37,待分拣,D:\Garbage Classification\Garbage_Classification_Organized\dataset\待分拣\待分拣_0062.jpg,11.15,121.69,auto,roi_crop,350,65,558,558,558
2026-06-17 21:35:37,待分拣,D:\Garbage Classification\Garbage_Classification_Organized\dataset\待分拣\待分拣_0063.jpg,11.75,123.67,auto,roi_crop,350,65,558,558,558
2026-06-17 21:35:38,待分拣,D:\Garbage Classification\Garbage_Classification_Organized\dataset\待分拣\待分拣_0064.jpg,14.64,126.38,auto,roi_crop,350,65,558,558,558
2026-06-17 21:35:39,待分拣,D:\Garbage Classification\Garbage_Classification_Organized\dataset\待分拣\待分拣_0065.jpg,17.48,115.43,auto,roi_crop,350,65,558,558,558
2026-06-17 21:35:39,待分拣,D:\Garbage Classification\Garbage_Classification_Organized\dataset\待分拣\待分拣_0066.jpg,21.50,137.91,auto,roi_crop,350,65,558,558,558
2026-06-17 21:35:40,待分拣,D:\Garbage Classification\Garbage_Classification_Organized\dataset\待分拣\待分拣_0067.jpg,12.17,129.86,auto,roi_crop,350,65,558,558,558
2026-06-17 21:35:40,待分拣,D:\Garbage Classification\Garbage_Classification_Organized\dataset\待分拣\待分拣_0068.jpg,12.80,126.89,auto,roi_crop,350,65,558,558,558
2026-06-17 21:35:41,待分拣,D:\Garbage Classification\Garbage_Classification_Organized\dataset\待分拣\待分拣_0069.jpg,29.62,136.73,auto,roi_crop,350,65,558,558,558
2026-06-17 21:35:42,待分拣,D:\Garbage Classification\Garbage_Classification_Organized\dataset\待分拣\待分拣_0070.jpg,15.49,136.40,auto,roi_crop,350,65,558,558,558
2026-06-17 21:35:42,待分拣,D:\Garbage Classification\Garbage_Classification_Organized\dataset\待分拣\待分拣_0071.jpg,13.84,142.37,auto,roi_crop,350,65,558,558,558
2026-06-17 21:35:43,待分拣,D:\Garbage Classification\Garbage_Classification_Organized\dataset\待分拣\待分拣_0072.jpg,10.94,123.03,auto,roi_crop,350,65,558,558,558
2026-06-17 21:35:44,待分拣,D:\Garbage Classification\Garbage_Classification_Organized\dataset\待分拣\待分拣_0073.jpg,12.91,132.14,auto,roi_crop,350,65,558,558,558
2026-06-17 21:35:44,待分拣,D:\Garbage Classification\Garbage_Classification_Organized\dataset\待分拣\待分拣_0074.jpg,11.13,125.09,auto,roi_crop,350,65,558,558,558
2026-06-17 21:35:45,待分拣,D:\Garbage Classification\Garbage_Classification_Organized\dataset\待分拣\待分拣_0075.jpg,23.72,135.93,auto,roi_crop,350,65,558,558,558
2026-06-17 21:35:45,待分拣,D:\Garbage Classification\Garbage_Classification_Organized\dataset\待分拣\待分拣_0076.jpg,11.65,129.23,auto,roi_crop,350,65,558,558,558
2026-06-17 21:35:46,待分拣,D:\Garbage Classification\Garbage_Classification_Organized\dataset\待分拣\待分拣_0077.jpg,11.81,134.04,auto,roi_crop,350,65,558,558,558
2026-06-17 21:35:46,待分拣,D:\Garbage Classification\Garbage_Classification_Organized\dataset\待分拣\待分拣_0078.jpg,12.40,129.21,auto,roi_crop,350,65,558,558,558
2026-06-17 21:35:47,待分拣,D:\Garbage Classification\Garbage_Classification_Organized\dataset\待分拣\待分拣_0079.jpg,12.01,134.34,auto,roi_crop,350,65,558,558,558
2026-06-17 21:35:47,待分拣,D:\Garbage Classification\Garbage_Classification_Organized\dataset\待分拣\待分拣_0080.jpg,12.55,130.22,auto,roi_crop,350,65,558,558,558
2026-06-17 21:35:48,待分拣,D:\Garbage Classification\Garbage_Classification_Organized\dataset\待分拣\待分拣_0081.jpg,18.04,133.49,auto,roi_crop,350,65,558,558,558
2026-06-17 21:35:48,待分拣,D:\Garbage Classification\Garbage_Classification_Organized\dataset\待分拣\待分拣_0082.jpg,19.66,133.13,auto,roi_crop,350,65,558,558,558
2026-06-17 21:35:49,待分拣,D:\Garbage Classification\Garbage_Classification_Organized\dataset\待分拣\待分拣_0083.jpg,17.48,132.56,auto,roi_crop,350,65,558,558,558
2026-06-17 21:35:50,待分拣,D:\Garbage Classification\Garbage_Classification_Organized\dataset\待分拣\待分拣_0084.jpg,11.77,133.61,auto,roi_crop,350,65,558,558,558
2026-06-17 21:35:51,待分拣,D:\Garbage Classification\Garbage_Classification_Organized\dataset\待分拣\待分拣_0085.jpg,11.08,137.35,auto,roi_crop,350,65,558,558,558
2026-06-17 21:35:52,待分拣,D:\Garbage Classification\Garbage_Classification_Organized\dataset\待分拣\待分拣_0086.jpg,12.28,135.82,auto,roi_crop,350,65,558,558,558
2026-06-17 21:35:53,待分拣,D:\Garbage Classification\Garbage_Classification_Organized\dataset\待分拣\待分拣_0087.jpg,16.54,135.25,auto,roi_crop,350,65,558,558,558
2026-06-17 21:35:54,待分拣,D:\Garbage Classification\Garbage_Classification_Organized\dataset\待分拣\待分拣_0088.jpg,11.25,131.40,auto,roi_crop,350,65,558,558,558
2026-06-17 21:35:54,待分拣,D:\Garbage Classification\Garbage_Classification_Organized\dataset\待分拣\待分拣_0089.jpg,10.15,126.98,auto,roi_crop,350,65,558,558,558
2026-06-17 21:35:55,待分拣,D:\Garbage Classification\Garbage_Classification_Organized\dataset\待分拣\待分拣_0090.jpg,20.43,142.55,auto,roi_crop,350,65,558,558,558
2026-06-17 21:35:55,待分拣,D:\Garbage Classification\Garbage_Classification_Organized\dataset\待分拣\待分拣_0091.jpg,23.87,137.58,auto,roi_crop,350,65,558,558,558
2026-06-17 21:35:56,待分拣,D:\Garbage Classification\Garbage_Classification_Organized\dataset\待分拣\待分拣_0092.jpg,17.99,132.12,auto,roi_crop,350,65,558,558,558
2026-06-17 21:35:56,待分拣,D:\Garbage Classification\Garbage_Classification_Organized\dataset\待分拣\待分拣_0093.jpg,10.03,131.13,auto,roi_crop,350,65,558,558,558
2026-06-17 21:35:57,待分拣,D:\Garbage Classification\Garbage_Classification_Organized\dataset\待分拣\待分拣_0094.jpg,12.84,143.42,auto,roi_crop,350,65,558,558,558
2026-06-17 21:35:58,待分拣,D:\Garbage Classification\Garbage_Classification_Organized\dataset\待分拣\待分拣_0095.jpg,10.77,130.91,auto,roi_crop,350,65,558,558,558
2026-06-17 21:35:59,待分拣,D:\Garbage Classification\Garbage_Classification_Organized\dataset\待分拣\待分拣_0096.jpg,11.54,123.86,auto,roi_crop,350,65,558,558,558
2026-06-17 21:35:59,待分拣,D:\Garbage Classification\Garbage_Classification_Organized\dataset\待分拣\待分拣_0097.jpg,20.18,133.78,auto,roi_crop,350,65,558,558,558
2026-06-17 21:36:00,待分拣,D:\Garbage Classification\Garbage_Classification_Organized\dataset\待分拣\待分拣_0098.jpg,20.39,133.34,auto,roi_crop,350,65,558,558,558
2026-06-17 21:36:00,待分拣,D:\Garbage Classification\Garbage_Classification_Organized\dataset\待分拣\待分拣_0099.jpg,19.88,135.50,auto,roi_crop,350,65,558,558,558
2026-06-17 21:36:01,待分拣,D:\Garbage Classification\Garbage_Classification_Organized\dataset\待分拣\待分拣_0100.jpg,18.91,133.10,auto,roi_crop,350,65,558,558,558
2026-06-17 21:36:02,待分拣,D:\Garbage Classification\Garbage_Classification_Organized\dataset\待分拣\待分拣_0101.jpg,19.93,133.45,auto,roi_crop,350,65,558,558,558
2026-06-17 21:36:02,待分拣,D:\Garbage Classification\Garbage_Classification_Organized\dataset\待分拣\待分拣_0102.jpg,20.28,133.45,auto,roi_crop,350,65,558,558,558
2026-06-17 21:36:03,待分拣,D:\Garbage Classification\Garbage_Classification_Organized\dataset\待分拣\待分拣_0103.jpg,21.06,134.48,auto,roi_crop,350,65,558,558,558
2026-06-17 21:36:03,待分拣,D:\Garbage Classification\Garbage_Classification_Organized\dataset\待分拣\待分拣_0104.jpg,20.02,135.45,auto,roi_crop,350,65,558,558,558
2026-06-17 21:36:04,待分拣,D:\Garbage Classification\Garbage_Classification_Organized\dataset\待分拣\待分拣_0105.jpg,11.35,133.09,auto,roi_crop,350,65,558,558,558
2026-06-17 21:36:04,待分拣,D:\Garbage Classification\Garbage_Classification_Organized\dataset\待分拣\待分拣_0106.jpg,15.37,140.85,auto,roi_crop,350,65,558,558,558
2026-06-17 21:36:05,待分拣,D:\Garbage Classification\Garbage_Classification_Organized\dataset\待分拣\待分拣_0107.jpg,24.95,135.69,auto,roi_crop,350,65,558,558,558
2026-06-17 21:36:05,待分拣,D:\Garbage Classification\Garbage_Classification_Organized\dataset\待分拣\待分拣_0108.jpg,20.86,135.13,auto,roi_crop,350,65,558,558,558
2026-06-17 21:36:06,待分拣,D:\Garbage Classification\Garbage_Classification_Organized\dataset\待分拣\待分拣_0109.jpg,23.19,137.26,auto,roi_crop,350,65,558,558,558
2026-06-17 21:36:06,待分拣,D:\Garbage Classification\Garbage_Classification_Organized\dataset\待分拣\待分拣_0110.jpg,26.09,146.79,auto,roi_crop,350,65,558,558,558
2026-06-17 21:36:07,待分拣,D:\Garbage Classification\Garbage_Classification_Organized\dataset\待分拣\待分拣_0111.jpg,24.16,136.98,auto,roi_crop,350,65,558,558,558
2026-06-17 21:36:07,待分拣,D:\Garbage Classification\Garbage_Classification_Organized\dataset\待分拣\待分拣_0112.jpg,20.69,139.96,auto,roi_crop,350,65,558,558,558
2026-06-17 21:36:08,待分拣,D:\Garbage Classification\Garbage_Classification_Organized\dataset\待分拣\待分拣_0113.jpg,23.07,143.17,auto,roi_crop,350,65,558,558,558
2026-06-17 21:36:08,待分拣,D:\Garbage Classification\Garbage_Classification_Organized\dataset\待分拣\待分拣_0114.jpg,21.40,134.63,auto,roi_crop,350,65,558,558,558
2026-06-17 21:36:09,待分拣,D:\Garbage Classification\Garbage_Classification_Organized\dataset\待分拣\待分拣_0115.jpg,25.16,140.99,auto,roi_crop,350,65,558,558,558
2026-06-17 21:36:09,待分拣,D:\Garbage Classification\Garbage_Classification_Organized\dataset\待分拣\待分拣_0116.jpg,23.09,143.91,auto,roi_crop,350,65,558,558,558
2026-06-17 21:36:10,待分拣,D:\Garbage Classification\Garbage_Classification_Organized\dataset\待分拣\待分拣_0117.jpg,26.04,137.49,auto,roi_crop,350,65,558,558,558
2026-06-17 21:36:11,待分拣,D:\Garbage Classification\Garbage_Classification_Organized\dataset\待分拣\待分拣_0118.jpg,26.07,144.41,auto,roi_crop,350,65,558,558,558
2026-06-17 21:36:11,待分拣,D:\Garbage Classification\Garbage_Classification_Organized\dataset\待分拣\待分拣_0119.jpg,24.75,143.64,auto,roi_crop,350,65,558,558,558
2026-06-17 21:36:12,待分拣,D:\Garbage Classification\Garbage_Classification_Organized\dataset\待分拣\待分拣_0120.jpg,20.20,137.26,auto,roi_crop,350,65,558,558,558
2026-06-17 21:36:12,待分拣,D:\Garbage Classification\Garbage_Classification_Organized\dataset\待分拣\待分拣_0121.jpg,21.91,143.22,auto,roi_crop,350,65,558,558,558
2026-06-17 21:36:13,待分拣,D:\Garbage Classification\Garbage_Classification_Organized\dataset\待分拣\待分拣_0122.jpg,22.91,143.02,auto,roi_crop,350,65,558,558,558
2026-06-17 21:36:13,待分拣,D:\Garbage Classification\Garbage_Classification_Organized\dataset\待分拣\待分拣_0123.jpg,23.44,142.93,auto,roi_crop,350,65,558,558,558
2026-06-17 21:36:14,待分拣,D:\Garbage Classification\Garbage_Classification_Organized\dataset\待分拣\待分拣_0124.jpg,25.76,142.89,auto,roi_crop,350,65,558,558,558
2026-06-17 21:36:14,待分拣,D:\Garbage Classification\Garbage_Classification_Organized\dataset\待分拣\待分拣_0125.jpg,20.86,142.99,auto,roi_crop,350,65,558,558,558
2026-06-17 21:36:15,待分拣,D:\Garbage Classification\Garbage_Classification_Organized\dataset\待分拣\待分拣_0126.jpg,21.31,142.99,auto,roi_crop,350,65,558,558,558
2026-06-17 21:36:15,待分拣,D:\Garbage Classification\Garbage_Classification_Organized\dataset\待分拣\待分拣_0127.jpg,24.20,142.98,auto,roi_crop,350,65,558,558,558
2026-06-17 21:36:16,待分拣,D:\Garbage Classification\Garbage_Classification_Organized\dataset\待分拣\待分拣_0128.jpg,22.60,142.99,auto,roi_crop,350,65,558,558,558
2026-06-17 21:36:16,待分拣,D:\Garbage Classification\Garbage_Classification_Organized\dataset\待分拣\待分拣_0129.jpg,23.00,142.99,auto,roi_crop,350,65,558,558,558
2026-06-17 21:36:17,待分拣,D:\Garbage Classification\Garbage_Classification_Organized\dataset\待分拣\待分拣_0130.jpg,22.38,143.01,auto,roi_crop,350,65,558,558,558
2026-06-17 21:36:17,待分拣,D:\Garbage Classification\Garbage_Classification_Organized\dataset\待分拣\待分拣_0131.jpg,23.88,143.00,auto,roi_crop,350,65,558,558,558
2026-06-17 21:36:18,待分拣,D:\Garbage Classification\Garbage_Classification_Organized\dataset\待分拣\待分拣_0132.jpg,23.15,143.00,auto,roi_crop,350,65,558,558,558
2026-06-17 21:36:18,待分拣,D:\Garbage Classification\Garbage_Classification_Organized\dataset\待分拣\待分拣_0133.jpg,23.04,143.04,auto,roi_crop,350,65,558,558,558
2026-06-17 21:36:19,待分拣,D:\Garbage Classification\Garbage_Classification_Organized\dataset\待分拣\待分拣_0134.jpg,24.86,143.00,auto,roi_crop,350,65,558,558,558
2026-06-17 21:36:19,待分拣,D:\Garbage Classification\Garbage_Classification_Organized\dataset\待分拣\待分拣_0135.jpg,24.32,143.02,auto,roi_crop,350,65,558,558,558
2026-06-17 21:36:20,待分拣,D:\Garbage Classification\Garbage_Classification_Organized\dataset\待分拣\待分拣_0136.jpg,23.58,142.99,auto,roi_crop,350,65,558,558,558
2026-06-17 21:36:21,待分拣,D:\Garbage Classification\Garbage_Classification_Organized\dataset\待分拣\待分拣_0137.jpg,23.17,143.02,auto,roi_crop,350,65,558,558,558
2026-06-17 21:36:21,待分拣,D:\Garbage Classification\Garbage_Classification_Organized\dataset\待分拣\待分拣_0138.jpg,24.45,142.98,auto,roi_crop,350,65,558,558,558
2026-06-17 21:36:22,待分拣,D:\Garbage Classification\Garbage_Classification_Organized\dataset\待分拣\待分拣_0139.jpg,23.74,142.95,auto,roi_crop,350,65,558,558,558
2026-06-17 21:36:22,待分拣,D:\Garbage Classification\Garbage_Classification_Organized\dataset\待分拣\待分拣_0140.jpg,23.58,142.92,auto,roi_crop,350,65,558,558,558
2026-06-17 21:36:23,待分拣,D:\Garbage Classification\Garbage_Classification_Organized\dataset\待分拣\待分拣_0141.jpg,23.31,142.89,auto,roi_crop,350,65,558,558,558
2026-06-17 21:36:23,待分拣,D:\Garbage Classification\Garbage_Classification_Organized\dataset\待分拣\待分拣_0142.jpg,23.46,142.62,auto,roi_crop,350,65,558,558,558
2026-06-17 21:36:24,待分拣,D:\Garbage Classification\Garbage_Classification_Organized\dataset\待分拣\待分拣_0143.jpg,23.44,142.89,auto,roi_crop,350,65,558,558,558
2026-06-17 21:36:24,待分拣,D:\Garbage Classification\Garbage_Classification_Organized\dataset\待分拣\待分拣_0144.jpg,21.94,142.26,auto,roi_crop,350,65,558,558,558
2026-06-17 21:36:25,待分拣,D:\Garbage Classification\Garbage_Classification_Organized\dataset\待分拣\待分拣_0145.jpg,18.00,105.57,auto,roi_crop,350,65,558,558,558
2026-06-17 21:36:26,待分拣,D:\Garbage Classification\Garbage_Classification_Organized\dataset\待分拣\待分拣_0146.jpg,10.82,141.21,auto,roi_crop,350,65,558,558,558
2026-06-17 21:36:26,待分拣,D:\Garbage Classification\Garbage_Classification_Organized\dataset\待分拣\待分拣_0147.jpg,30.94,141.54,auto,roi_crop,350,65,558,558,558
2026-06-17 21:36:27,待分拣,D:\Garbage Classification\Garbage_Classification_Organized\dataset\待分拣\待分拣_0148.jpg,21.30,152.80,auto,roi_crop,350,65,558,558,558
2026-06-17 21:36:27,待分拣,D:\Garbage Classification\Garbage_Classification_Organized\dataset\待分拣\待分拣_0149.jpg,21.33,139.76,auto,roi_crop,350,65,558,558,558
2026-06-17 21:36:28,待分拣,D:\Garbage Classification\Garbage_Classification_Organized\dataset\待分拣\待分拣_0150.jpg,18.11,131.89,auto,roi_crop,350,65,558,558,558
2026-06-17 21:36:28,待分拣,D:\Garbage Classification\Garbage_Classification_Organized\dataset\待分拣\待分拣_0151.jpg,16.02,130.48,auto,roi_crop,350,65,558,558,558
2026-06-17 21:36:29,待分拣,D:\Garbage Classification\Garbage_Classification_Organized\dataset\待分拣\待分拣_0152.jpg,10.14,134.05,auto,roi_crop,350,65,558,558,558
2026-06-17 21:36:29,待分拣,D:\Garbage Classification\Garbage_Classification_Organized\dataset\待分拣\待分拣_0153.jpg,10.32,131.09,auto,roi_crop,350,65,558,558,558
2026-06-17 21:36:30,待分拣,D:\Garbage Classification\Garbage_Classification_Organized\dataset\待分拣\待分拣_0154.jpg,13.26,146.44,auto,roi_crop,350,65,558,558,558
2026-06-17 21:36:30,待分拣,D:\Garbage Classification\Garbage_Classification_Organized\dataset\待分拣\待分拣_0155.jpg,19.89,141.67,auto,roi_crop,350,65,558,558,558
2026-06-17 21:36:31,待分拣,D:\Garbage Classification\Garbage_Classification_Organized\dataset\待分拣\待分拣_0156.jpg,11.90,141.87,auto,roi_crop,350,65,558,558,558
2026-06-17 21:36:32,待分拣,D:\Garbage Classification\Garbage_Classification_Organized\dataset\待分拣\待分拣_0157.jpg,23.06,131.22,auto,roi_crop,350,65,558,558,558
2026-06-17 21:36:32,待分拣,D:\Garbage Classification\Garbage_Classification_Organized\dataset\待分拣\待分拣_0158.jpg,22.72,129.21,auto,roi_crop,350,65,558,558,558
2026-06-17 21:36:33,待分拣,D:\Garbage Classification\Garbage_Classification_Organized\dataset\待分拣\待分拣_0159.jpg,19.46,127.22,auto,roi_crop,350,65,558,558,558
2026-06-17 21:36:33,待分拣,D:\Garbage Classification\Garbage_Classification_Organized\dataset\待分拣\待分拣_0160.jpg,12.74,139.55,auto,roi_crop,350,65,558,558,558
2026-06-17 21:36:34,待分拣,D:\Garbage Classification\Garbage_Classification_Organized\dataset\待分拣\待分拣_0161.jpg,19.76,130.01,auto,roi_crop,350,65,558,558,558
2026-06-17 21:36:34,待分拣,D:\Garbage Classification\Garbage_Classification_Organized\dataset\待分拣\待分拣_0162.jpg,18.08,146.66,auto,roi_crop,350,65,558,558,558
2026-06-17 21:36:35,待分拣,D:\Garbage Classification\Garbage_Classification_Organized\dataset\待分拣\待分拣_0163.jpg,12.72,137.76,auto,roi_crop,350,65,558,558,558
2026-06-17 21:36:35,待分拣,D:\Garbage Classification\Garbage_Classification_Organized\dataset\待分拣\待分拣_0164.jpg,15.80,133.89,auto,roi_crop,350,65,558,558,558
2026-06-17 21:36:36,待分拣,D:\Garbage Classification\Garbage_Classification_Organized\dataset\待分拣\待分拣_0165.jpg,22.71,129.89,auto,roi_crop,350,65,558,558,558
2026-06-17 21:36:36,待分拣,D:\Garbage Classification\Garbage_Classification_Organized\dataset\待分拣\待分拣_0166.jpg,13.48,135.73,auto,roi_crop,350,65,558,558,558
2026-06-17 21:36:37,待分拣,D:\Garbage Classification\Garbage_Classification_Organized\dataset\待分拣\待分拣_0167.jpg,19.51,126.89,auto,roi_crop,350,65,558,558,558
2026-06-17 21:36:37,待分拣,D:\Garbage Classification\Garbage_Classification_Organized\dataset\待分拣\待分拣_0168.jpg,19.84,140.04,auto,roi_crop,350,65,558,558,558
2026-06-17 21:36:38,待分拣,D:\Garbage Classification\Garbage_Classification_Organized\dataset\待分拣\待分拣_0169.jpg,14.38,124.11,auto,roi_crop,350,65,558,558,558
2026-06-17 21:36:39,待分拣,D:\Garbage Classification\Garbage_Classification_Organized\dataset\待分拣\待分拣_0170.jpg,10.77,124.76,auto,roi_crop,350,65,558,558,558
2026-06-17 21:36:40,待分拣,D:\Garbage Classification\Garbage_Classification_Organized\dataset\待分拣\待分拣_0171.jpg,19.40,128.52,auto,roi_crop,350,65,558,558,558
2026-06-17 21:36:40,待分拣,D:\Garbage Classification\Garbage_Classification_Organized\dataset\待分拣\待分拣_0172.jpg,11.35,124.74,auto,roi_crop,350,65,558,558,558
2026-06-17 21:36:41,待分拣,D:\Garbage Classification\Garbage_Classification_Organized\dataset\待分拣\待分拣_0173.jpg,17.75,126.15,auto,roi_crop,350,65,558,558,558
2026-06-17 21:36:41,待分拣,D:\Garbage Classification\Garbage_Classification_Organized\dataset\待分拣\待分拣_0174.jpg,18.80,132.78,auto,roi_crop,350,65,558,558,558
2026-06-17 21:36:42,待分拣,D:\Garbage Classification\Garbage_Classification_Organized\dataset\待分拣\待分拣_0175.jpg,18.30,132.54,auto,roi_crop,350,65,558,558,558
2026-06-17 21:36:42,待分拣,D:\Garbage Classification\Garbage_Classification_Organized\dataset\待分拣\待分拣_0176.jpg,13.54,145.43,auto,roi_crop,350,65,558,558,558
2026-06-17 21:36:43,待分拣,D:\Garbage Classification\Garbage_Classification_Organized\dataset\待分拣\待分拣_0177.jpg,10.94,121.98,auto,roi_crop,350,65,558,558,558
2026-06-17 21:36:44,待分拣,D:\Garbage Classification\Garbage_Classification_Organized\dataset\待分拣\待分拣_0178.jpg,22.58,131.59,auto,roi_crop,350,65,558,558,558
2026-06-17 21:36:44,待分拣,D:\Garbage Classification\Garbage_Classification_Organized\dataset\待分拣\待分拣_0179.jpg,14.07,135.02,auto,roi_crop,350,65,558,558,558
2026-06-17 21:36:45,待分拣,D:\Garbage Classification\Garbage_Classification_Organized\dataset\待分拣\待分拣_0180.jpg,10.75,142.19,auto,roi_crop,350,65,558,558,558
2026-06-17 21:36:45,待分拣,D:\Garbage Classification\Garbage_Classification_Organized\dataset\待分拣\待分拣_0181.jpg,21.75,128.63,auto,roi_crop,350,65,558,558,558
2026-06-17 21:36:46,待分拣,D:\Garbage Classification\Garbage_Classification_Organized\dataset\待分拣\待分拣_0182.jpg,22.34,130.69,auto,roi_crop,350,65,558,558,558
2026-06-17 21:36:46,待分拣,D:\Garbage Classification\Garbage_Classification_Organized\dataset\待分拣\待分拣_0183.jpg,12.75,132.64,auto,roi_crop,350,65,558,558,558
2026-06-17 21:36:47,待分拣,D:\Garbage Classification\Garbage_Classification_Organized\dataset\待分拣\待分拣_0184.jpg,13.20,130.51,auto,roi_crop,350,65,558,558,558
2026-06-17 21:36:47,待分拣,D:\Garbage Classification\Garbage_Classification_Organized\dataset\待分拣\待分拣_0185.jpg,16.43,128.18,auto,roi_crop,350,65,558,558,558
2026-06-17 21:36:48,待分拣,D:\Garbage Classification\Garbage_Classification_Organized\dataset\待分拣\待分拣_0186.jpg,18.38,128.58,auto,roi_crop,350,65,558,558,558
2026-06-17 21:36:48,待分拣,D:\Garbage Classification\Garbage_Classification_Organized\dataset\待分拣\待分拣_0187.jpg,18.80,128.08,auto,roi_crop,350,65,558,558,558
2026-06-17 21:36:49,待分拣,D:\Garbage Classification\Garbage_Classification_Organized\dataset\待分拣\待分拣_0188.jpg,14.77,128.02,auto,roi_crop,350,65,558,558,558
2026-06-17 21:36:49,待分拣,D:\Garbage Classification\Garbage_Classification_Organized\dataset\待分拣\待分拣_0189.jpg,17.05,126.84,auto,roi_crop,350,65,558,558,558
2026-06-17 21:36:50,待分拣,D:\Garbage Classification\Garbage_Classification_Organized\dataset\待分拣\待分拣_0190.jpg,15.36,129.45,auto,roi_crop,350,65,558,558,558
2026-06-17 21:36:50,待分拣,D:\Garbage Classification\Garbage_Classification_Organized\dataset\待分拣\待分拣_0191.jpg,23.13,129.18,auto,roi_crop,350,65,558,558,558
2026-06-17 21:36:51,待分拣,D:\Garbage Classification\Garbage_Classification_Organized\dataset\待分拣\待分拣_0192.jpg,12.65,128.24,auto,roi_crop,350,65,558,558,558
2026-06-17 21:36:52,待分拣,D:\Garbage Classification\Garbage_Classification_Organized\dataset\待分拣\待分拣_0193.jpg,13.79,127.88,auto,roi_crop,350,65,558,558,558
2026-06-17 21:36:52,待分拣,D:\Garbage Classification\Garbage_Classification_Organized\dataset\待分拣\待分拣_0194.jpg,18.14,128.27,auto,roi_crop,350,65,558,558,558
2026-06-17 21:36:53,待分拣,D:\Garbage Classification\Garbage_Classification_Organized\dataset\待分拣\待分拣_0195.jpg,12.31,138.54,auto,roi_crop,350,65,558,558,558
2026-06-17 21:36:53,待分拣,D:\Garbage Classification\Garbage_Classification_Organized\dataset\待分拣\待分拣_0196.jpg,22.79,139.91,auto,roi_crop,350,65,558,558,558
2026-06-17 21:36:54,待分拣,D:\Garbage Classification\Garbage_Classification_Organized\dataset\待分拣\待分拣_0197.jpg,21.42,129.75,auto,roi_crop,350,65,558,558,558
2026-06-17 21:36:54,待分拣,D:\Garbage Classification\Garbage_Classification_Organized\dataset\待分拣\待分拣_0198.jpg,26.86,127.32,auto,roi_crop,350,65,558,558,558
2026-06-17 21:36:55,待分拣,D:\Garbage Classification\Garbage_Classification_Organized\dataset\待分拣\待分拣_0199.jpg,23.81,128.01,auto,roi_crop,350,65,558,558,558
2026-06-17 21:36:55,待分拣,D:\Garbage Classification\Garbage_Classification_Organized\dataset\待分拣\待分拣_0200.jpg,22.88,132.78,auto,roi_crop,350,65,558,558,558
2026-06-17 21:36:56,待分拣,D:\Garbage Classification\Garbage_Classification_Organized\dataset\待分拣\待分拣_0201.jpg,24.13,132.48,auto,roi_crop,350,65,558,558,558
2026-06-17 21:36:56,待分拣,D:\Garbage Classification\Garbage_Classification_Organized\dataset\待分拣\待分拣_0202.jpg,23.18,130.79,auto,roi_crop,350,65,558,558,558
2026-06-17 21:36:57,待分拣,D:\Garbage Classification\Garbage_Classification_Organized\dataset\待分拣\待分拣_0203.jpg,15.76,128.13,auto,roi_crop,350,65,558,558,558
2026-06-17 21:36:57,待分拣,D:\Garbage Classification\Garbage_Classification_Organized\dataset\待分拣\待分拣_0204.jpg,15.68,127.23,auto,roi_crop,350,65,558,558,558
2026-06-17 21:36:58,待分拣,D:\Garbage Classification\Garbage_Classification_Organized\dataset\待分拣\待分拣_0205.jpg,10.56,121.23,auto,roi_crop,350,65,558,558,558
2026-06-17 21:36:59,待分拣,D:\Garbage Classification\Garbage_Classification_Organized\dataset\待分拣\待分拣_0206.jpg,10.98,120.70,auto,roi_crop,350,65,558,558,558
2026-06-17 21:36:59,待分拣,D:\Garbage Classification\Garbage_Classification_Organized\dataset\待分拣\待分拣_0207.jpg,18.40,129.84,auto,roi_crop,350,65,558,558,558
2026-06-17 21:37:00,待分拣,D:\Garbage Classification\Garbage_Classification_Organized\dataset\待分拣\待分拣_0208.jpg,19.00,144.22,auto,roi_crop,350,65,558,558,558
2026-06-17 21:37:00,待分拣,D:\Garbage Classification\Garbage_Classification_Organized\dataset\待分拣\待分拣_0209.jpg,10.01,132.88,auto,roi_crop,350,65,558,558,558
2026-06-17 21:37:01,待分拣,D:\Garbage Classification\Garbage_Classification_Organized\dataset\待分拣\待分拣_0210.jpg,11.05,123.53,auto,roi_crop,350,65,558,558,558
2026-06-17 21:37:01,待分拣,D:\Garbage Classification\Garbage_Classification_Organized\dataset\待分拣\待分拣_0211.jpg,12.33,122.10,auto,roi_crop,350,65,558,558,558
2026-06-24 11:01:55,可回收,D:\Garbage Classification\Garbage_Classification_Organized\dataset\可回收\可回收_0001.jpg,44.46,127.08,auto,roi_crop,350,65,558,558,558
2026-06-24 11:01:57,可回收,D:\Garbage Classification\Garbage_Classification_Organized\dataset\可回收\可回收_0002.jpg,45.04,141.24,auto,roi_crop,350,65,558,558,558
2026-06-24 11:01:58,可回收,D:\Garbage Classification\Garbage_Classification_Organized\dataset\可回收\可回收_0003.jpg,32.12,134.65,auto,roi_crop,350,65,558,558,558
2026-06-24 11:01:59,可回收,D:\Garbage Classification\Garbage_Classification_Organized\dataset\可回收\可回收_0004.jpg,38.47,139.98,auto,roi_crop,350,65,558,558,558
2026-06-24 11:02:00,可回收,D:\Garbage Classification\Garbage_Classification_Organized\dataset\可回收\可回收_0005.jpg,57.27,139.33,auto,roi_crop,350,65,558,558,558
2026-06-24 11:02:01,可回收,D:\Garbage Classification\Garbage_Classification_Organized\dataset\可回收\可回收_0006.jpg,39.49,131.41,auto,roi_crop,350,65,558,558,558
2026-06-24 11:02:02,可回收,D:\Garbage Classification\Garbage_Classification_Organized\dataset\可回收\可回收_0007.jpg,52.56,137.29,auto,roi_crop,350,65,558,558,558
2026-06-24 11:02:03,可回收,D:\Garbage Classification\Garbage_Classification_Organized\dataset\可回收\可回收_0008.jpg,55.30,135.71,auto,roi_crop,350,65,558,558,558
2026-06-24 11:02:04,可回收,D:\Garbage Classification\Garbage_Classification_Organized\dataset\可回收\可回收_0009.jpg,33.54,150.31,auto,roi_crop,350,65,558,558,558
2026-06-24 11:02:05,可回收,D:\Garbage Classification\Garbage_Classification_Organized\dataset\可回收\可回收_0010.jpg,30.06,139.67,auto,roi_crop,350,65,558,558,558
2026-06-24 11:02:06,可回收,D:\Garbage Classification\Garbage_Classification_Organized\dataset\可回收\可回收_0011.jpg,52.15,139.93,auto,roi_crop,350,65,558,558,558
2026-06-24 11:02:07,可回收,D:\Garbage Classification\Garbage_Classification_Organized\dataset\可回收\可回收_0012.jpg,54.82,140.25,auto,roi_crop,350,65,558,558,558
2026-06-24 11:02:08,可回收,D:\Garbage Classification\Garbage_Classification_Organized\dataset\可回收\可回收_0013.jpg,53.35,140.43,auto,roi_crop,350,65,558,558,558
2026-06-24 11:02:10,可回收,D:\Garbage Classification\Garbage_Classification_Organized\dataset\可回收\可回收_0014.jpg,37.84,127.03,auto,roi_crop,350,65,558,558,558
2026-06-24 11:02:12,可回收,D:\Garbage Classification\Garbage_Classification_Organized\dataset\可回收\可回收_0015.jpg,33.70,138.98,auto,roi_crop,350,65,558,558,558
2026-06-24 11:02:13,可回收,D:\Garbage Classification\Garbage_Classification_Organized\dataset\可回收\可回收_0016.jpg,57.45,134.57,auto,roi_crop,350,65,558,558,558
2026-06-24 11:02:14,可回收,D:\Garbage Classification\Garbage_Classification_Organized\dataset\可回收\可回收_0017.jpg,57.90,133.16,auto,roi_crop,350,65,558,558,558
2026-06-24 11:02:15,可回收,D:\Garbage Classification\Garbage_Classification_Organized\dataset\可回收\可回收_0018.jpg,62.00,134.66,auto,roi_crop,350,65,558,558,558
2026-06-24 11:02:16,可回收,D:\Garbage Classification\Garbage_Classification_Organized\dataset\可回收\可回收_0019.jpg,60.43,134.89,auto,roi_crop,350,65,558,558,558
2026-06-24 11:02:17,可回收,D:\Garbage Classification\Garbage_Classification_Organized\dataset\可回收\可回收_0020.jpg,62.69,135.91,auto,roi_crop,350,65,558,558,558
2026-06-24 11:02:18,可回收,D:\Garbage Classification\Garbage_Classification_Organized\dataset\可回收\可回收_0021.jpg,58.50,133.23,auto,roi_crop,350,65,558,558,558
2026-06-24 11:02:20,可回收,D:\Garbage Classification\Garbage_Classification_Organized\dataset\可回收\可回收_0022.jpg,34.43,136.05,auto,roi_crop,350,65,558,558,558
2026-06-24 11:02:21,可回收,D:\Garbage Classification\Garbage_Classification_Organized\dataset\可回收\可回收_0023.jpg,62.97,136.03,auto,roi_crop,350,65,558,558,558
2026-06-24 11:02:22,可回收,D:\Garbage Classification\Garbage_Classification_Organized\dataset\可回收\可回收_0024.jpg,53.57,136.84,auto,roi_crop,350,65,558,558,558
2026-06-24 11:02:23,可回收,D:\Garbage Classification\Garbage_Classification_Organized\dataset\可回收\可回收_0025.jpg,42.19,123.60,auto,roi_crop,350,65,558,558,558
2026-06-24 11:02:24,可回收,D:\Garbage Classification\Garbage_Classification_Organized\dataset\可回收\可回收_0026.jpg,55.55,138.70,auto,roi_crop,350,65,558,558,558
2026-06-24 11:02:26,可回收,D:\Garbage Classification\Garbage_Classification_Organized\dataset\可回收\可回收_0027.jpg,42.37,136.11,auto,roi_crop,350,65,558,558,558
2026-06-24 11:02:27,可回收,D:\Garbage Classification\Garbage_Classification_Organized\dataset\可回收\可回收_0028.jpg,36.66,136.90,auto,roi_crop,350,65,558,558,558
2026-06-24 11:02:28,可回收,D:\Garbage Classification\Garbage_Classification_Organized\dataset\可回收\可回收_0029.jpg,32.08,130.71,auto,roi_crop,350,65,558,558,558
2026-06-24 11:02:29,可回收,D:\Garbage Classification\Garbage_Classification_Organized\dataset\可回收\可回收_0030.jpg,58.04,137.10,auto,roi_crop,350,65,558,558,558
2026-06-24 11:02:30,可回收,D:\Garbage Classification\Garbage_Classification_Organized\dataset\可回收\可回收_0031.jpg,61.83,136.89,auto,roi_crop,350,65,558,558,558
2026-06-24 11:02:31,可回收,D:\Garbage Classification\Garbage_Classification_Organized\dataset\可回收\可回收_0032.jpg,49.47,131.71,auto,roi_crop,350,65,558,558,558
2026-06-24 11:02:32,可回收,D:\Garbage Classification\Garbage_Classification_Organized\dataset\可回收\可回收_0033.jpg,51.53,142.99,auto,roi_crop,350,65,558,558,558
2026-06-24 11:02:33,可回收,D:\Garbage Classification\Garbage_Classification_Organized\dataset\可回收\可回收_0034.jpg,31.33,120.85,auto,roi_crop,350,65,558,558,558
2026-06-24 11:02:34,可回收,D:\Garbage Classification\Garbage_Classification_Organized\dataset\可回收\可回收_0035.jpg,57.98,134.36,auto,roi_crop,350,65,558,558,558
2026-06-24 11:02:40,可回收,D:\Garbage Classification\Garbage_Classification_Organized\dataset\可回收\可回收_0036.jpg,36.20,154.23,auto,roi_crop,350,65,558,558,558
2026-06-24 11:02:41,可回收,D:\Garbage Classification\Garbage_Classification_Organized\dataset\可回收\可回收_0037.jpg,51.16,136.88,auto,roi_crop,350,65,558,558,558
2026-06-24 11:02:43,可回收,D:\Garbage Classification\Garbage_Classification_Organized\dataset\可回收\可回收_0038.jpg,33.78,144.60,auto,roi_crop,350,65,558,558,558
2026-06-24 11:02:44,可回收,D:\Garbage Classification\Garbage_Classification_Organized\dataset\可回收\可回收_0039.jpg,61.03,144.85,auto,roi_crop,350,65,558,558,558
2026-06-24 11:02:45,可回收,D:\Garbage Classification\Garbage_Classification_Organized\dataset\可回收\可回收_0040.jpg,30.32,128.22,auto,roi_crop,350,65,558,558,558
2026-06-24 11:02:46,可回收,D:\Garbage Classification\Garbage_Classification_Organized\dataset\可回收\可回收_0041.jpg,52.33,136.93,auto,roi_crop,350,65,558,558,558
2026-06-24 11:02:47,可回收,D:\Garbage Classification\Garbage_Classification_Organized\dataset\可回收\可回收_0042.jpg,52.24,136.93,auto,roi_crop,350,65,558,558,558
2026-06-24 11:02:48,可回收,D:\Garbage Classification\Garbage_Classification_Organized\dataset\可回收\可回收_0043.jpg,44.75,133.78,auto,roi_crop,350,65,558,558,558
2026-06-24 11:02:49,可回收,D:\Garbage Classification\Garbage_Classification_Organized\dataset\可回收\可回收_0044.jpg,42.47,124.21,auto,roi_crop,350,65,558,558,558
2026-06-24 11:02:50,可回收,D:\Garbage Classification\Garbage_Classification_Organized\dataset\可回收\可回收_0045.jpg,59.20,137.70,auto,roi_crop,350,65,558,558,558
2026-06-24 11:02:51,可回收,D:\Garbage Classification\Garbage_Classification_Organized\dataset\可回收\可回收_0046.jpg,52.29,140.24,auto,roi_crop,350,65,558,558,558
2026-06-24 11:02:52,可回收,D:\Garbage Classification\Garbage_Classification_Organized\dataset\可回收\可回收_0047.jpg,56.07,139.93,auto,roi_crop,350,65,558,558,558
2026-06-24 11:02:53,可回收,D:\Garbage Classification\Garbage_Classification_Organized\dataset\可回收\可回收_0048.jpg,34.54,135.57,auto,roi_crop,350,65,558,558,558
2026-06-24 11:02:54,可回收,D:\Garbage Classification\Garbage_Classification_Organized\dataset\可回收\可回收_0049.jpg,55.75,143.76,auto,roi_crop,350,65,558,558,558
2026-06-24 11:02:55,可回收,D:\Garbage Classification\Garbage_Classification_Organized\dataset\可回收\可回收_0050.jpg,50.02,129.56,auto,roi_crop,350,65,558,558,558
2026-06-24 11:02:56,可回收,D:\Garbage Classification\Garbage_Classification_Organized\dataset\可回收\可回收_0051.jpg,38.47,135.32,auto,roi_crop,350,65,558,558,558
2026-06-24 11:02:57,可回收,D:\Garbage Classification\Garbage_Classification_Organized\dataset\可回收\可回收_0052.jpg,59.71,137.48,auto,roi_crop,350,65,558,558,558
2026-06-24 11:02:58,可回收,D:\Garbage Classification\Garbage_Classification_Organized\dataset\可回收\可回收_0053.jpg,57.63,137.83,auto,roi_crop,350,65,558,558,558
2026-06-24 11:02:59,可回收,D:\Garbage Classification\Garbage_Classification_Organized\dataset\可回收\可回收_0054.jpg,61.58,136.73,auto,roi_crop,350,65,558,558,558
2026-06-24 11:03:01,可回收,D:\Garbage Classification\Garbage_Classification_Organized\dataset\可回收\可回收_0055.jpg,31.93,148.49,auto,roi_crop,350,65,558,558,558
2026-06-24 11:03:02,可回收,D:\Garbage Classification\Garbage_Classification_Organized\dataset\可回收\可回收_0056.jpg,50.85,143.78,auto,roi_crop,350,65,558,558,558
2026-06-24 11:03:03,可回收,D:\Garbage Classification\Garbage_Classification_Organized\dataset\可回收\可回收_0057.jpg,30.70,148.51,auto,roi_crop,350,65,558,558,558
2026-06-24 11:03:04,可回收,D:\Garbage Classification\Garbage_Classification_Organized\dataset\可回收\可回收_0058.jpg,63.22,140.60,auto,roi_crop,350,65,558,558,558
2026-06-24 11:03:05,可回收,D:\Garbage Classification\Garbage_Classification_Organized\dataset\可回收\可回收_0059.jpg,68.66,152.67,auto,roi_crop,350,65,558,558,558
2026-06-24 11:03:06,可回收,D:\Garbage Classification\Garbage_Classification_Organized\dataset\可回收\可回收_0060.jpg,30.37,120.04,auto,roi_crop,350,65,558,558,558
2026-06-24 11:03:07,可回收,D:\Garbage Classification\Garbage_Classification_Organized\dataset\可回收\可回收_0061.jpg,57.04,139.60,auto,roi_crop,350,65,558,558,558
2026-06-24 11:03:08,可回收,D:\Garbage Classification\Garbage_Classification_Organized\dataset\可回收\可回收_0062.jpg,49.80,127.37,auto,roi_crop,350,65,558,558,558
2026-06-24 11:03:09,可回收,D:\Garbage Classification\Garbage_Classification_Organized\dataset\可回收\可回收_0063.jpg,60.48,134.66,auto,roi_crop,350,65,558,558,558
2026-06-24 11:03:10,可回收,D:\Garbage Classification\Garbage_Classification_Organized\dataset\可回收\可回收_0064.jpg,63.35,134.23,auto,roi_crop,350,65,558,558,558
2026-06-24 11:03:11,可回收,D:\Garbage Classification\Garbage_Classification_Organized\dataset\可回收\可回收_0065.jpg,36.31,126.40,auto,roi_crop,350,65,558,558,558
2026-06-24 11:03:12,可回收,D:\Garbage Classification\Garbage_Classification_Organized\dataset\可回收\可回收_0066.jpg,52.94,136.75,auto,roi_crop,350,65,558,558,558
2026-06-24 11:03:13,可回收,D:\Garbage Classification\Garbage_Classification_Organized\dataset\可回收\可回收_0067.jpg,52.73,126.64,auto,roi_crop,350,65,558,558,558
2026-06-24 11:03:15,可回收,D:\Garbage Classification\Garbage_Classification_Organized\dataset\可回收\可回收_0068.jpg,50.43,134.58,auto,roi_crop,350,65,558,558,558
2026-06-24 11:03:16,可回收,D:\Garbage Classification\Garbage_Classification_Organized\dataset\可回收\可回收_0069.jpg,60.49,129.40,auto,roi_crop,350,65,558,558,558
2026-06-24 11:03:17,可回收,D:\Garbage Classification\Garbage_Classification_Organized\dataset\可回收\可回收_0070.jpg,63.09,135.00,auto,roi_crop,350,65,558,558,558
2026-06-24 11:03:18,可回收,D:\Garbage Classification\Garbage_Classification_Organized\dataset\可回收\可回收_0071.jpg,61.57,133.25,auto,roi_crop,350,65,558,558,558
2026-06-24 11:03:19,可回收,D:\Garbage Classification\Garbage_Classification_Organized\dataset\可回收\可回收_0072.jpg,66.91,137.47,auto,roi_crop,350,65,558,558,558
2026-06-24 11:03:20,可回收,D:\Garbage Classification\Garbage_Classification_Organized\dataset\可回收\可回收_0073.jpg,62.49,131.24,auto,roi_crop,350,65,558,558,558
2026-06-24 11:03:21,可回收,D:\Garbage Classification\Garbage_Classification_Organized\dataset\可回收\可回收_0074.jpg,62.28,131.21,auto,roi_crop,350,65,558,558,558
2026-06-24 11:03:22,可回收,D:\Garbage Classification\Garbage_Classification_Organized\dataset\可回收\可回收_0075.jpg,62.86,139.19,auto,roi_crop,350,65,558,558,558
2026-06-24 11:03:23,可回收,D:\Garbage Classification\Garbage_Classification_Organized\dataset\可回收\可回收_0076.jpg,38.35,119.21,auto,roi_crop,350,65,558,558,558
2026-06-24 11:03:24,可回收,D:\Garbage Classification\Garbage_Classification_Organized\dataset\可回收\可回收_0077.jpg,48.14,135.59,auto,roi_crop,350,65,558,558,558
2026-06-24 11:03:25,可回收,D:\Garbage Classification\Garbage_Classification_Organized\dataset\可回收\可回收_0078.jpg,65.97,143.94,auto,roi_crop,350,65,558,558,558
2026-06-24 11:03:26,可回收,D:\Garbage Classification\Garbage_Classification_Organized\dataset\可回收\可回收_0079.jpg,58.76,137.96,auto,roi_crop,350,65,558,558,558
2026-06-24 11:03:27,可回收,D:\Garbage Classification\Garbage_Classification_Organized\dataset\可回收\可回收_0080.jpg,67.33,148.12,auto,roi_crop,350,65,558,558,558
2026-06-24 11:03:28,可回收,D:\Garbage Classification\Garbage_Classification_Organized\dataset\可回收\可回收_0081.jpg,31.13,133.47,auto,roi_crop,350,65,558,558,558
2026-06-24 11:03:29,可回收,D:\Garbage Classification\Garbage_Classification_Organized\dataset\可回收\可回收_0082.jpg,48.19,138.24,auto,roi_crop,350,65,558,558,558
2026-06-24 11:03:31,可回收,D:\Garbage Classification\Garbage_Classification_Organized\dataset\可回收\可回收_0083.jpg,34.90,141.74,auto,roi_crop,350,65,558,558,558
2026-06-24 11:03:32,可回收,D:\Garbage Classification\Garbage_Classification_Organized\dataset\可回收\可回收_0084.jpg,67.29,139.77,auto,roi_crop,350,65,558,558,558
2026-06-24 11:03:33,可回收,D:\Garbage Classification\Garbage_Classification_Organized\dataset\可回收\可回收_0085.jpg,30.45,135.75,auto,roi_crop,350,65,558,558,558
2026-06-24 11:03:34,可回收,D:\Garbage Classification\Garbage_Classification_Organized\dataset\可回收\可回收_0086.jpg,53.23,141.26,auto,roi_crop,350,65,558,558,558
2026-06-24 11:03:35,可回收,D:\Garbage Classification\Garbage_Classification_Organized\dataset\可回收\可回收_0087.jpg,54.16,139.25,auto,roi_crop,350,65,558,558,558
2026-06-24 11:03:37,可回收,D:\Garbage Classification\Garbage_Classification_Organized\dataset\可回收\可回收_0088.jpg,34.06,128.12,auto,roi_crop,350,65,558,558,558
2026-06-24 11:03:38,可回收,D:\Garbage Classification\Garbage_Classification_Organized\dataset\可回收\可回收_0089.jpg,58.10,138.50,auto,roi_crop,350,65,558,558,558
2026-06-24 11:03:39,可回收,D:\Garbage Classification\Garbage_Classification_Organized\dataset\可回收\可回收_0090.jpg,37.18,139.70,auto,roi_crop,350,65,558,558,558
2026-06-24 11:03:40,可回收,D:\Garbage Classification\Garbage_Classification_Organized\dataset\可回收\可回收_0091.jpg,50.52,138.57,auto,roi_crop,350,65,558,558,558
2026-06-24 11:03:41,可回收,D:\Garbage Classification\Garbage_Classification_Organized\dataset\可回收\可回收_0092.jpg,49.98,138.35,auto,roi_crop,350,65,558,558,558
2026-06-24 11:03:42,可回收,D:\Garbage Classification\Garbage_Classification_Organized\dataset\可回收\可回收_0093.jpg,47.96,148.24,auto,roi_crop,350,65,558,558,558
2026-06-24 11:03:43,可回收,D:\Garbage Classification\Garbage_Classification_Organized\dataset\可回收\可回收_0094.jpg,52.30,141.78,auto,roi_crop,350,65,558,558,558
2026-06-24 11:03:44,可回收,D:\Garbage Classification\Garbage_Classification_Organized\dataset\可回收\可回收_0095.jpg,64.09,145.66,auto,roi_crop,350,65,558,558,558
2026-06-24 11:03:45,可回收,D:\Garbage Classification\Garbage_Classification_Organized\dataset\可回收\可回收_0096.jpg,55.93,139.86,auto,roi_crop,350,65,558,558,558
2026-06-24 11:03:46,可回收,D:\Garbage Classification\Garbage_Classification_Organized\dataset\可回收\可回收_0097.jpg,46.69,139.44,auto,roi_crop,350,65,558,558,558
2026-06-24 11:03:47,可回收,D:\Garbage Classification\Garbage_Classification_Organized\dataset\可回收\可回收_0098.jpg,45.33,137.12,auto,roi_crop,350,65,558,558,558
2026-06-24 11:03:49,可回收,D:\Garbage Classification\Garbage_Classification_Organized\dataset\可回收\可回收_0099.jpg,46.25,151.56,auto,roi_crop,350,65,558,558,558
2026-06-24 11:03:50,可回收,D:\Garbage Classification\Garbage_Classification_Organized\dataset\可回收\可回收_0100.jpg,48.16,141.72,auto,roi_crop,350,65,558,558,558
2026-06-24 11:03:51,可回收,D:\Garbage Classification\Garbage_Classification_Organized\dataset\可回收\可回收_0101.jpg,41.82,124.86,auto,roi_crop,350,65,558,558,558
2026-06-24 11:03:52,可回收,D:\Garbage Classification\Garbage_Classification_Organized\dataset\可回收\可回收_0102.jpg,52.98,117.31,auto,roi_crop,350,65,558,558,558
2026-06-24 11:03:53,可回收,D:\Garbage Classification\Garbage_Classification_Organized\dataset\可回收\可回收_0103.jpg,48.31,126.07,auto,roi_crop,350,65,558,558,558
2026-06-24 11:03:54,可回收,D:\Garbage Classification\Garbage_Classification_Organized\dataset\可回收\可回收_0104.jpg,50.27,134.67,auto,roi_crop,350,65,558,558,558
2026-06-24 11:03:55,可回收,D:\Garbage Classification\Garbage_Classification_Organized\dataset\可回收\可回收_0105.jpg,53.06,134.69,auto,roi_crop,350,65,558,558,558
2026-06-24 11:03:56,可回收,D:\Garbage Classification\Garbage_Classification_Organized\dataset\可回收\可回收_0106.jpg,36.31,136.89,auto,roi_crop,350,65,558,558,558
2026-06-24 11:03:58,可回收,D:\Garbage Classification\Garbage_Classification_Organized\dataset\可回收\可回收_0107.jpg,61.32,132.64,auto,roi_crop,350,65,558,558,558
2026-06-24 11:03:59,可回收,D:\Garbage Classification\Garbage_Classification_Organized\dataset\可回收\可回收_0108.jpg,46.94,133.30,auto,roi_crop,350,65,558,558,558
2026-06-24 11:04:00,可回收,D:\Garbage Classification\Garbage_Classification_Organized\dataset\可回收\可回收_0109.jpg,43.12,127.74,auto,roi_crop,350,65,558,558,558
2026-06-24 11:04:01,可回收,D:\Garbage Classification\Garbage_Classification_Organized\dataset\可回收\可回收_0110.jpg,65.84,134.32,auto,roi_crop,350,65,558,558,558
2026-06-24 11:04:02,可回收,D:\Garbage Classification\Garbage_Classification_Organized\dataset\可回收\可回收_0111.jpg,51.50,133.70,auto,roi_crop,350,65,558,558,558
2026-06-24 11:04:03,可回收,D:\Garbage Classification\Garbage_Classification_Organized\dataset\可回收\可回收_0112.jpg,50.70,134.88,auto,roi_crop,350,65,558,558,558
2026-06-24 11:04:04,可回收,D:\Garbage Classification\Garbage_Classification_Organized\dataset\可回收\可回收_0113.jpg,53.78,136.66,auto,roi_crop,350,65,558,558,558
2026-06-24 11:04:06,可回收,D:\Garbage Classification\Garbage_Classification_Organized\dataset\可回收\可回收_0114.jpg,48.47,134.09,auto,roi_crop,350,65,558,558,558
2026-06-24 11:04:07,可回收,D:\Garbage Classification\Garbage_Classification_Organized\dataset\可回收\可回收_0115.jpg,54.50,133.78,auto,roi_crop,350,65,558,558,558
2026-06-24 11:04:08,可回收,D:\Garbage Classification\Garbage_Classification_Organized\dataset\可回收\可回收_0116.jpg,58.50,124.76,auto,roi_crop,350,65,558,558,558
2026-06-24 11:04:09,可回收,D:\Garbage Classification\Garbage_Classification_Organized\dataset\可回收\可回收_0117.jpg,54.30,129.54,auto,roi_crop,350,65,558,558,558
2026-06-24 12:04:30,其他,D:\Garbage Classification\Garbage_Classification_Organized\dataset\其他\其他_0214.jpg,54.01,130.84,auto,roi_crop,350,65,558,558,558
2026-06-24 12:04:31,其他,D:\Garbage Classification\Garbage_Classification_Organized\dataset\其他\其他_0215.jpg,53.28,130.83,auto,roi_crop,350,65,558,558,558
2026-06-24 12:04:31,其他,D:\Garbage Classification\Garbage_Classification_Organized\dataset\其他\其他_0216.jpg,53.85,130.39,auto,roi_crop,350,65,558,558,558
2026-06-24 12:04:32,其他,D:\Garbage Classification\Garbage_Classification_Organized\dataset\其他\其他_0217.jpg,52.62,130.44,auto,roi_crop,350,65,558,558,558
2026-06-24 12:04:32,其他,D:\Garbage Classification\Garbage_Classification_Organized\dataset\其他\其他_0218.jpg,54.87,130.09,auto,roi_crop,350,65,558,558,558
2026-06-24 12:04:33,其他,D:\Garbage Classification\Garbage_Classification_Organized\dataset\其他\其他_0219.jpg,30.04,116.27,auto,roi_crop,350,65,558,558,558
2026-06-24 12:04:33,其他,D:\Garbage Classification\Garbage_Classification_Organized\dataset\其他\其他_0220.jpg,62.30,129.13,auto,roi_crop,350,65,558,558,558
2026-06-24 12:04:34,其他,D:\Garbage Classification\Garbage_Classification_Organized\dataset\其他\其他_0221.jpg,59.41,129.40,auto,roi_crop,350,65,558,558,558
2026-06-24 12:04:34,其他,D:\Garbage Classification\Garbage_Classification_Organized\dataset\其他\其他_0222.jpg,47.19,124.84,auto,roi_crop,350,65,558,558,558
2026-06-24 12:04:35,其他,D:\Garbage Classification\Garbage_Classification_Organized\dataset\其他\其他_0223.jpg,32.88,125.48,auto,roi_crop,350,65,558,558,558
2026-06-24 12:04:36,其他,D:\Garbage Classification\Garbage_Classification_Organized\dataset\其他\其他_0224.jpg,33.01,127.63,auto,roi_crop,350,65,558,558,558
2026-06-24 12:04:36,其他,D:\Garbage Classification\Garbage_Classification_Organized\dataset\其他\其他_0225.jpg,31.58,124.70,auto,roi_crop,350,65,558,558,558
2026-06-24 12:04:37,其他,D:\Garbage Classification\Garbage_Classification_Organized\dataset\其他\其他_0226.jpg,50.88,136.32,auto,roi_crop,350,65,558,558,558
2026-06-24 12:04:37,其他,D:\Garbage Classification\Garbage_Classification_Organized\dataset\其他\其他_0227.jpg,53.82,137.64,auto,roi_crop,350,65,558,558,558
2026-06-24 12:04:38,其他,D:\Garbage Classification\Garbage_Classification_Organized\dataset\其他\其他_0228.jpg,36.41,129.03,auto,roi_crop,350,65,558,558,558
2026-06-24 12:04:38,其他,D:\Garbage Classification\Garbage_Classification_Organized\dataset\其他\其他_0229.jpg,32.19,134.85,auto,roi_crop,350,65,558,558,558
2026-06-24 12:04:39,其他,D:\Garbage Classification\Garbage_Classification_Organized\dataset\其他\其他_0230.jpg,50.32,140.54,auto,roi_crop,350,65,558,558,558
2026-06-24 12:04:40,其他,D:\Garbage Classification\Garbage_Classification_Organized\dataset\其他\其他_0231.jpg,48.77,133.48,auto,roi_crop,350,65,558,558,558
2026-06-24 12:04:40,其他,D:\Garbage Classification\Garbage_Classification_Organized\dataset\其他\其他_0232.jpg,30.04,135.76,auto,roi_crop,350,65,558,558,558
2026-06-24 12:04:41,其他,D:\Garbage Classification\Garbage_Classification_Organized\dataset\其他\其他_0233.jpg,52.43,135.47,auto,roi_crop,350,65,558,558,558
2026-06-24 12:04:41,其他,D:\Garbage Classification\Garbage_Classification_Organized\dataset\其他\其他_0234.jpg,40.99,137.84,auto,roi_crop,350,65,558,558,558
2026-06-24 12:04:42,其他,D:\Garbage Classification\Garbage_Classification_Organized\dataset\其他\其他_0235.jpg,48.52,135.16,auto,roi_crop,350,65,558,558,558
2026-06-24 12:04:42,其他,D:\Garbage Classification\Garbage_Classification_Organized\dataset\其他\其他_0236.jpg,54.01,134.66,auto,roi_crop,350,65,558,558,558
2026-06-24 12:04:43,其他,D:\Garbage Classification\Garbage_Classification_Organized\dataset\其他\其他_0237.jpg,56.74,139.28,auto,roi_crop,350,65,558,558,558
2026-06-24 12:04:43,其他,D:\Garbage Classification\Garbage_Classification_Organized\dataset\其他\其他_0238.jpg,43.53,135.80,auto,roi_crop,350,65,558,558,558
2026-06-24 12:04:44,其他,D:\Garbage Classification\Garbage_Classification_Organized\dataset\其他\其他_0239.jpg,69.74,137.40,auto,roi_crop,350,65,558,558,558
2026-06-24 12:04:44,其他,D:\Garbage Classification\Garbage_Classification_Organized\dataset\其他\其他_0240.jpg,71.62,138.43,auto,roi_crop,350,65,558,558,558
2026-06-24 12:04:45,其他,D:\Garbage Classification\Garbage_Classification_Organized\dataset\其他\其他_0241.jpg,54.35,135.11,auto,roi_crop,350,65,558,558,558
2026-06-24 12:04:45,其他,D:\Garbage Classification\Garbage_Classification_Organized\dataset\其他\其他_0242.jpg,64.98,137.91,auto,roi_crop,350,65,558,558,558
2026-06-24 12:04:46,其他,D:\Garbage Classification\Garbage_Classification_Organized\dataset\其他\其他_0243.jpg,62.95,133.05,auto,roi_crop,350,65,558,558,558
2026-06-24 12:04:47,其他,D:\Garbage Classification\Garbage_Classification_Organized\dataset\其他\其他_0244.jpg,66.37,131.78,auto,roi_crop,350,65,558,558,558
2026-06-24 12:04:47,其他,D:\Garbage Classification\Garbage_Classification_Organized\dataset\其他\其他_0245.jpg,65.23,129.86,auto,roi_crop,350,65,558,558,558
2026-06-24 12:04:48,其他,D:\Garbage Classification\Garbage_Classification_Organized\dataset\其他\其他_0246.jpg,51.82,131.45,auto,roi_crop,350,65,558,558,558
2026-06-24 12:04:48,其他,D:\Garbage Classification\Garbage_Classification_Organized\dataset\其他\其他_0247.jpg,55.45,134.12,auto,roi_crop,350,65,558,558,558
2026-06-24 12:04:49,其他,D:\Garbage Classification\Garbage_Classification_Organized\dataset\其他\其他_0248.jpg,59.04,141.90,auto,roi_crop,350,65,558,558,558
2026-06-24 12:04:49,其他,D:\Garbage Classification\Garbage_Classification_Organized\dataset\其他\其他_0249.jpg,50.77,135.33,auto,roi_crop,350,65,558,558,558
2026-06-24 12:04:50,其他,D:\Garbage Classification\Garbage_Classification_Organized\dataset\其他\其他_0250.jpg,54.53,130.90,auto,roi_crop,350,65,558,558,558
2026-06-24 12:04:50,其他,D:\Garbage Classification\Garbage_Classification_Organized\dataset\其他\其他_0251.jpg,59.86,138.72,auto,roi_crop,350,65,558,558,558
2026-06-24 12:04:51,其他,D:\Garbage Classification\Garbage_Classification_Organized\dataset\其他\其他_0252.jpg,41.56,133.45,auto,roi_crop,350,65,558,558,558
2026-06-24 12:04:51,其他,D:\Garbage Classification\Garbage_Classification_Organized\dataset\其他\其他_0253.jpg,56.19,136.49,auto,roi_crop,350,65,558,558,558
2026-06-24 12:04:52,其他,D:\Garbage Classification\Garbage_Classification_Organized\dataset\其他\其他_0254.jpg,45.31,129.77,auto,roi_crop,350,65,558,558,558
2026-06-24 12:04:52,其他,D:\Garbage Classification\Garbage_Classification_Organized\dataset\其他\其他_0255.jpg,48.54,128.32,auto,roi_crop,350,65,558,558,558
2026-06-24 12:04:53,其他,D:\Garbage Classification\Garbage_Classification_Organized\dataset\其他\其他_0256.jpg,50.27,136.02,auto,roi_crop,350,65,558,558,558
2026-06-24 12:04:54,其他,D:\Garbage Classification\Garbage_Classification_Organized\dataset\其他\其他_0257.jpg,30.74,126.94,auto,roi_crop,350,65,558,558,558
2026-06-24 12:04:54,其他,D:\Garbage Classification\Garbage_Classification_Organized\dataset\其他\其他_0258.jpg,43.85,129.65,auto,roi_crop,350,65,558,558,558
2026-06-24 12:04:55,其他,D:\Garbage Classification\Garbage_Classification_Organized\dataset\其他\其他_0259.jpg,51.22,137.64,auto,roi_crop,350,65,558,558,558
2026-06-24 12:04:55,其他,D:\Garbage Classification\Garbage_Classification_Organized\dataset\其他\其他_0260.jpg,45.55,132.27,auto,roi_crop,350,65,558,558,558
2026-06-24 12:04:56,其他,D:\Garbage Classification\Garbage_Classification_Organized\dataset\其他\其他_0261.jpg,50.51,134.89,auto,roi_crop,350,65,558,558,558
2026-06-24 12:04:56,其他,D:\Garbage Classification\Garbage_Classification_Organized\dataset\其他\其他_0262.jpg,46.92,138.94,auto,roi_crop,350,65,558,558,558
2026-06-24 12:04:57,其他,D:\Garbage Classification\Garbage_Classification_Organized\dataset\其他\其他_0263.jpg,50.14,139.11,auto,roi_crop,350,65,558,558,558
2026-06-24 12:04:57,其他,D:\Garbage Classification\Garbage_Classification_Organized\dataset\其他\其他_0264.jpg,43.65,130.82,auto,roi_crop,350,65,558,558,558
2026-06-24 12:04:58,其他,D:\Garbage Classification\Garbage_Classification_Organized\dataset\其他\其他_0265.jpg,41.93,136.09,auto,roi_crop,350,65,558,558,558
2026-06-24 12:04:58,其他,D:\Garbage Classification\Garbage_Classification_Organized\dataset\其他\其他_0266.jpg,52.03,133.94,auto,roi_crop,350,65,558,558,558
2026-06-24 12:04:59,其他,D:\Garbage Classification\Garbage_Classification_Organized\dataset\其他\其他_0267.jpg,44.50,130.91,auto,roi_crop,350,65,558,558,558
2026-06-24 12:04:59,其他,D:\Garbage Classification\Garbage_Classification_Organized\dataset\其他\其他_0268.jpg,57.32,136.09,auto,roi_crop,350,65,558,558,558
2026-06-24 12:05:00,其他,D:\Garbage Classification\Garbage_Classification_Organized\dataset\其他\其他_0269.jpg,43.56,128.62,auto,roi_crop,350,65,558,558,558
2026-06-24 12:05:00,其他,D:\Garbage Classification\Garbage_Classification_Organized\dataset\其他\其他_0270.jpg,53.90,135.68,auto,roi_crop,350,65,558,558,558
2026-06-24 12:05:01,其他,D:\Garbage Classification\Garbage_Classification_Organized\dataset\其他\其他_0271.jpg,43.82,131.07,auto,roi_crop,350,65,558,558,558
2026-06-24 12:05:02,其他,D:\Garbage Classification\Garbage_Classification_Organized\dataset\其他\其他_0272.jpg,57.89,129.09,auto,roi_crop,350,65,558,558,558
2026-06-24 12:05:02,其他,D:\Garbage Classification\Garbage_Classification_Organized\dataset\其他\其他_0273.jpg,42.18,127.92,auto,roi_crop,350,65,558,558,558
2026-06-24 12:05:03,其他,D:\Garbage Classification\Garbage_Classification_Organized\dataset\其他\其他_0274.jpg,48.97,129.64,auto,roi_crop,350,65,558,558,558
2026-06-24 12:05:03,其他,D:\Garbage Classification\Garbage_Classification_Organized\dataset\其他\其他_0275.jpg,53.10,131.46,auto,roi_crop,350,65,558,558,558
2026-06-24 12:05:04,其他,D:\Garbage Classification\Garbage_Classification_Organized\dataset\其他\其他_0276.jpg,33.16,124.86,auto,roi_crop,350,65,558,558,558
2026-06-24 12:05:04,其他,D:\Garbage Classification\Garbage_Classification_Organized\dataset\其他\其他_0277.jpg,40.80,136.25,auto,roi_crop,350,65,558,558,558
2026-06-24 12:05:05,其他,D:\Garbage Classification\Garbage_Classification_Organized\dataset\其他\其他_0278.jpg,32.87,127.57,auto,roi_crop,350,65,558,558,558
2026-06-24 12:05:05,其他,D:\Garbage Classification\Garbage_Classification_Organized\dataset\其他\其他_0279.jpg,41.31,137.22,auto,roi_crop,350,65,558,558,558
2026-06-24 12:05:06,其他,D:\Garbage Classification\Garbage_Classification_Organized\dataset\其他\其他_0280.jpg,34.96,131.45,auto,roi_crop,350,65,558,558,558
2026-06-24 12:05:07,其他,D:\Garbage Classification\Garbage_Classification_Organized\dataset\其他\其他_0281.jpg,48.46,135.46,auto,roi_crop,350,65,558,558,558
2026-06-24 12:05:07,其他,D:\Garbage Classification\Garbage_Classification_Organized\dataset\其他\其他_0282.jpg,46.87,137.02,auto,roi_crop,350,65,558,558,558
2026-06-24 12:05:08,其他,D:\Garbage Classification\Garbage_Classification_Organized\dataset\其他\其他_0283.jpg,33.42,132.05,auto,roi_crop,350,65,558,558,558
2026-06-24 12:05:08,其他,D:\Garbage Classification\Garbage_Classification_Organized\dataset\其他\其他_0284.jpg,45.01,139.61,auto,roi_crop,350,65,558,558,558
2026-06-24 12:05:09,其他,D:\Garbage Classification\Garbage_Classification_Organized\dataset\其他\其他_0285.jpg,40.39,130.64,auto,roi_crop,350,65,558,558,558
2026-06-24 12:05:09,其他,D:\Garbage Classification\Garbage_Classification_Organized\dataset\其他\其他_0286.jpg,61.55,139.48,auto,roi_crop,350,65,558,558,558
2026-06-24 12:05:10,其他,D:\Garbage Classification\Garbage_Classification_Organized\dataset\其他\其他_0287.jpg,30.68,129.38,auto,roi_crop,350,65,558,558,558
2026-06-24 12:05:10,其他,D:\Garbage Classification\Garbage_Classification_Organized\dataset\其他\其他_0288.jpg,50.24,136.93,auto,roi_crop,350,65,558,558,558
2026-06-24 12:05:11,其他,D:\Garbage Classification\Garbage_Classification_Organized\dataset\其他\其他_0289.jpg,51.67,138.11,auto,roi_crop,350,65,558,558,558
2026-06-24 12:05:12,其他,D:\Garbage Classification\Garbage_Classification_Organized\dataset\其他\其他_0290.jpg,47.08,140.38,auto,roi_crop,350,65,558,558,558
2026-06-24 12:05:13,其他,D:\Garbage Classification\Garbage_Classification_Organized\dataset\其他\其他_0291.jpg,46.81,140.20,auto,roi_crop,350,65,558,558,558
2026-06-24 12:05:13,其他,D:\Garbage Classification\Garbage_Classification_Organized\dataset\其他\其他_0292.jpg,49.66,139.37,auto,roi_crop,350,65,558,558,558
2026-06-24 12:05:14,其他,D:\Garbage Classification\Garbage_Classification_Organized\dataset\其他\其他_0293.jpg,46.63,137.91,auto,roi_crop,350,65,558,558,558
2026-06-24 12:05:14,其他,D:\Garbage Classification\Garbage_Classification_Organized\dataset\其他\其他_0294.jpg,48.85,135.64,auto,roi_crop,350,65,558,558,558
2026-06-24 12:05:15,其他,D:\Garbage Classification\Garbage_Classification_Organized\dataset\其他\其他_0295.jpg,49.96,142.93,auto,roi_crop,350,65,558,558,558
2026-06-24 12:05:15,其他,D:\Garbage Classification\Garbage_Classification_Organized\dataset\其他\其他_0296.jpg,54.05,142.49,auto,roi_crop,350,65,558,558,558
2026-06-24 12:05:16,其他,D:\Garbage Classification\Garbage_Classification_Organized\dataset\其他\其他_0297.jpg,50.27,139.24,auto,roi_crop,350,65,558,558,558
2026-06-24 12:05:16,其他,D:\Garbage Classification\Garbage_Classification_Organized\dataset\其他\其他_0298.jpg,43.79,133.44,auto,roi_crop,350,65,558,558,558
2026-06-24 12:05:17,其他,D:\Garbage Classification\Garbage_Classification_Organized\dataset\其他\其他_0299.jpg,41.64,138.09,auto,roi_crop,350,65,558,558,558
2026-06-24 12:05:17,其他,D:\Garbage Classification\Garbage_Classification_Organized\dataset\其他\其他_0300.jpg,48.62,137.94,auto,roi_crop,350,65,558,558,558
2026-06-24 12:05:18,其他,D:\Garbage Classification\Garbage_Classification_Organized\dataset\其他\其他_0301.jpg,47.78,137.19,auto,roi_crop,350,65,558,558,558
2026-06-24 12:05:18,其他,D:\Garbage Classification\Garbage_Classification_Organized\dataset\其他\其他_0302.jpg,36.95,128.93,auto,roi_crop,350,65,558,558,558
2026-06-24 12:05:19,其他,D:\Garbage Classification\Garbage_Classification_Organized\dataset\其他\其他_0303.jpg,46.33,137.63,auto,roi_crop,350,65,558,558,558
2026-06-24 12:05:19,其他,D:\Garbage Classification\Garbage_Classification_Organized\dataset\其他\其他_0304.jpg,45.96,138.17,auto,roi_crop,350,65,558,558,558
2026-06-24 12:05:20,其他,D:\Garbage Classification\Garbage_Classification_Organized\dataset\其他\其他_0305.jpg,46.72,137.77,auto,roi_crop,350,65,558,558,558
2026-06-24 12:05:20,其他,D:\Garbage Classification\Garbage_Classification_Organized\dataset\其他\其他_0306.jpg,35.81,128.69,auto,roi_crop,350,65,558,558,558
2026-06-24 12:05:21,其他,D:\Garbage Classification\Garbage_Classification_Organized\dataset\其他\其他_0307.jpg,44.48,137.63,auto,roi_crop,350,65,558,558,558
2026-06-24 12:05:21,其他,D:\Garbage Classification\Garbage_Classification_Organized\dataset\其他\其他_0308.jpg,49.78,137.57,auto,roi_crop,350,65,558,558,558
2026-06-24 12:05:22,其他,D:\Garbage Classification\Garbage_Classification_Organized\dataset\其他\其他_0309.jpg,48.87,135.00,auto,roi_crop,350,65,558,558,558
2026-06-24 12:05:22,其他,D:\Garbage Classification\Garbage_Classification_Organized\dataset\其他\其他_0310.jpg,44.15,128.76,auto,roi_crop,350,65,558,558,558
2026-06-24 12:05:23,其他,D:\Garbage Classification\Garbage_Classification_Organized\dataset\其他\其他_0311.jpg,43.75,135.40,auto,roi_crop,350,65,558,558,558
2026-06-24 12:05:23,其他,D:\Garbage Classification\Garbage_Classification_Organized\dataset\其他\其他_0312.jpg,45.90,136.67,auto,roi_crop,350,65,558,558,558
2026-06-24 12:05:24,其他,D:\Garbage Classification\Garbage_Classification_Organized\dataset\其他\其他_0313.jpg,43.11,136.73,auto,roi_crop,350,65,558,558,558
2026-06-24 12:05:25,其他,D:\Garbage Classification\Garbage_Classification_Organized\dataset\其他\其他_0314.jpg,37.59,128.91,auto,roi_crop,350,65,558,558,558
2026-06-24 12:05:25,其他,D:\Garbage Classification\Garbage_Classification_Organized\dataset\其他\其他_0315.jpg,45.97,130.79,auto,roi_crop,350,65,558,558,558
2026-06-24 12:05:26,其他,D:\Garbage Classification\Garbage_Classification_Organized\dataset\其他\其他_0316.jpg,43.69,137.80,auto,roi_crop,350,65,558,558,558
2026-06-24 12:05:26,其他,D:\Garbage Classification\Garbage_Classification_Organized\dataset\其他\其他_0317.jpg,42.39,135.77,auto,roi_crop,350,65,558,558,558
2026-06-24 12:05:27,其他,D:\Garbage Classification\Garbage_Classification_Organized\dataset\其他\其他_0318.jpg,43.91,130.27,auto,roi_crop,350,65,558,558,558
2026-06-24 12:05:27,其他,D:\Garbage Classification\Garbage_Classification_Organized\dataset\其他\其他_0319.jpg,41.48,137.82,auto,roi_crop,350,65,558,558,558
2026-06-24 12:05:28,其他,D:\Garbage Classification\Garbage_Classification_Organized\dataset\其他\其他_0320.jpg,36.48,130.58,auto,roi_crop,350,65,558,558,558
2026-06-24 12:05:28,其他,D:\Garbage Classification\Garbage_Classification_Organized\dataset\其他\其他_0321.jpg,39.76,136.78,auto,roi_crop,350,65,558,558,558
2026-06-24 12:05:29,其他,D:\Garbage Classification\Garbage_Classification_Organized\dataset\其他\其他_0322.jpg,40.26,137.99,auto,roi_crop,350,65,558,558,558
2026-06-24 12:05:29,其他,D:\Garbage Classification\Garbage_Classification_Organized\dataset\其他\其他_0323.jpg,38.21,130.04,auto,roi_crop,350,65,558,558,558
2026-06-24 12:05:30,其他,D:\Garbage Classification\Garbage_Classification_Organized\dataset\其他\其他_0324.jpg,44.27,136.75,auto,roi_crop,350,65,558,558,558
2026-06-24 12:05:30,其他,D:\Garbage Classification\Garbage_Classification_Organized\dataset\其他\其他_0325.jpg,33.24,133.06,auto,roi_crop,350,65,558,558,558
2026-06-24 12:05:31,其他,D:\Garbage Classification\Garbage_Classification_Organized\dataset\其他\其他_0326.jpg,48.82,135.85,auto,roi_crop,350,65,558,558,558
2026-06-24 12:05:31,其他,D:\Garbage Classification\Garbage_Classification_Organized\dataset\其他\其他_0327.jpg,50.22,133.54,auto,roi_crop,350,65,558,558,558
2026-06-24 12:05:32,其他,D:\Garbage Classification\Garbage_Classification_Organized\dataset\其他\其他_0328.jpg,35.95,123.36,auto,roi_crop,350,65,558,558,558
2026-06-24 12:05:32,其他,D:\Garbage Classification\Garbage_Classification_Organized\dataset\其他\其他_0329.jpg,41.96,136.53,auto,roi_crop,350,65,558,558,558
2026-06-24 12:05:33,其他,D:\Garbage Classification\Garbage_Classification_Organized\dataset\其他\其他_0330.jpg,41.51,136.90,auto,roi_crop,350,65,558,558,558
2026-06-24 12:05:34,其他,D:\Garbage Classification\Garbage_Classification_Organized\dataset\其他\其他_0331.jpg,41.95,136.63,auto,roi_crop,350,65,558,558,558
2026-06-24 12:05:34,其他,D:\Garbage Classification\Garbage_Classification_Organized\dataset\其他\其他_0332.jpg,42.76,127.37,auto,roi_crop,350,65,558,558,558
2026-06-24 12:05:35,其他,D:\Garbage Classification\Garbage_Classification_Organized\dataset\其他\其他_0333.jpg,49.21,138.47,auto,roi_crop,350,65,558,558,558
2026-06-24 12:05:35,其他,D:\Garbage Classification\Garbage_Classification_Organized\dataset\其他\其他_0334.jpg,43.98,139.29,auto,roi_crop,350,65,558,558,558
2026-06-24 12:05:36,其他,D:\Garbage Classification\Garbage_Classification_Organized\dataset\其他\其他_0335.jpg,31.92,137.95,auto,roi_crop,350,65,558,558,558
2026-06-24 12:05:36,其他,D:\Garbage Classification\Garbage_Classification_Organized\dataset\其他\其他_0336.jpg,44.61,137.52,auto,roi_crop,350,65,558,558,558
2026-06-24 12:05:37,其他,D:\Garbage Classification\Garbage_Classification_Organized\dataset\其他\其他_0337.jpg,39.93,135.86,auto,roi_crop,350,65,558,558,558
2026-06-24 12:05:37,其他,D:\Garbage Classification\Garbage_Classification_Organized\dataset\其他\其他_0338.jpg,43.37,136.19,auto,roi_crop,350,65,558,558,558
2026-06-24 12:05:38,其他,D:\Garbage Classification\Garbage_Classification_Organized\dataset\其他\其他_0339.jpg,46.73,131.46,auto,roi_crop,350,65,558,558,558
2026-06-24 12:05:38,其他,D:\Garbage Classification\Garbage_Classification_Organized\dataset\其他\其他_0340.jpg,45.45,131.13,auto,roi_crop,350,65,558,558,558
2026-06-24 12:05:39,其他,D:\Garbage Classification\Garbage_Classification_Organized\dataset\其他\其他_0341.jpg,40.94,135.86,auto,roi_crop,350,65,558,558,558
2026-06-24 12:05:40,其他,D:\Garbage Classification\Garbage_Classification_Organized\dataset\其他\其他_0342.jpg,35.66,132.04,auto,roi_crop,350,65,558,558,558
2026-06-24 12:05:40,其他,D:\Garbage Classification\Garbage_Classification_Organized\dataset\其他\其他_0343.jpg,38.48,138.15,auto,roi_crop,350,65,558,558,558
2026-06-24 12:05:41,其他,D:\Garbage Classification\Garbage_Classification_Organized\dataset\其他\其他_0344.jpg,37.48,131.18,auto,roi_crop,350,65,558,558,558
2026-06-24 12:05:41,其他,D:\Garbage Classification\Garbage_Classification_Organized\dataset\其他\其他_0345.jpg,43.37,136.96,auto,roi_crop,350,65,558,558,558
2026-06-24 12:05:42,其他,D:\Garbage Classification\Garbage_Classification_Organized\dataset\其他\其他_0346.jpg,37.83,130.11,auto,roi_crop,350,65,558,558,558
2026-06-24 12:05:42,其他,D:\Garbage Classification\Garbage_Classification_Organized\dataset\其他\其他_0347.jpg,42.59,134.95,auto,roi_crop,350,65,558,558,558
2026-06-24 12:05:43,其他,D:\Garbage Classification\Garbage_Classification_Organized\dataset\其他\其他_0348.jpg,46.41,137.03,auto,roi_crop,350,65,558,558,558
2026-06-24 12:05:43,其他,D:\Garbage Classification\Garbage_Classification_Organized\dataset\其他\其他_0349.jpg,35.65,130.26,auto,roi_crop,350,65,558,558,558
2026-06-24 12:05:44,其他,D:\Garbage Classification\Garbage_Classification_Organized\dataset\其他\其他_0350.jpg,44.96,134.49,auto,roi_crop,350,65,558,558,558
2026-06-24 12:05:44,其他,D:\Garbage Classification\Garbage_Classification_Organized\dataset\其他\其他_0351.jpg,35.91,126.48,auto,roi_crop,350,65,558,558,558
2026-06-24 12:05:45,其他,D:\Garbage Classification\Garbage_Classification_Organized\dataset\其他\其他_0352.jpg,45.34,137.34,auto,roi_crop,350,65,558,558,558
2026-06-24 12:05:45,其他,D:\Garbage Classification\Garbage_Classification_Organized\dataset\其他\其他_0353.jpg,41.30,129.22,auto,roi_crop,350,65,558,558,558
2026-06-24 12:05:46,其他,D:\Garbage Classification\Garbage_Classification_Organized\dataset\其他\其他_0354.jpg,46.94,129.99,auto,roi_crop,350,65,558,558,558
2026-06-24 12:05:47,其他,D:\Garbage Classification\Garbage_Classification_Organized\dataset\其他\其他_0355.jpg,32.55,126.84,auto,roi_crop,350,65,558,558,558
2026-06-24 12:05:47,其他,D:\Garbage Classification\Garbage_Classification_Organized\dataset\其他\其他_0356.jpg,43.84,133.31,auto,roi_crop,350,65,558,558,558
2026-06-24 12:05:48,其他,D:\Garbage Classification\Garbage_Classification_Organized\dataset\其他\其他_0357.jpg,41.58,138.42,auto,roi_crop,350,65,558,558,558
2026-06-24 12:05:48,其他,D:\Garbage Classification\Garbage_Classification_Organized\dataset\其他\其他_0358.jpg,42.19,138.46,auto,roi_crop,350,65,558,558,558
2026-06-24 12:05:49,其他,D:\Garbage Classification\Garbage_Classification_Organized\dataset\其他\其他_0359.jpg,42.51,133.04,auto,roi_crop,350,65,558,558,558
2026-06-24 12:05:49,其他,D:\Garbage Classification\Garbage_Classification_Organized\dataset\其他\其他_0360.jpg,42.63,135.04,auto,roi_crop,350,65,558,558,558
2026-06-24 12:05:50,其他,D:\Garbage Classification\Garbage_Classification_Organized\dataset\其他\其他_0361.jpg,40.19,134.73,auto,roi_crop,350,65,558,558,558
2026-06-24 12:05:50,其他,D:\Garbage Classification\Garbage_Classification_Organized\dataset\其他\其他_0362.jpg,32.31,131.05,auto,roi_crop,350,65,558,558,558
2026-06-24 12:05:51,其他,D:\Garbage Classification\Garbage_Classification_Organized\dataset\其他\其他_0363.jpg,40.38,137.27,auto,roi_crop,350,65,558,558,558
2026-06-24 12:05:52,其他,D:\Garbage Classification\Garbage_Classification_Organized\dataset\其他\其他_0364.jpg,47.74,137.54,auto,roi_crop,350,65,558,558,558
2026-06-24 12:05:52,其他,D:\Garbage Classification\Garbage_Classification_Organized\dataset\其他\其他_0365.jpg,37.59,133.43,auto,roi_crop,350,65,558,558,558
2026-06-24 12:05:53,其他,D:\Garbage Classification\Garbage_Classification_Organized\dataset\其他\其他_0366.jpg,45.97,135.64,auto,roi_crop,350,65,558,558,558
2026-06-24 12:05:53,其他,D:\Garbage Classification\Garbage_Classification_Organized\dataset\其他\其他_0367.jpg,40.76,135.41,auto,roi_crop,350,65,558,558,558
2026-06-24 12:05:54,其他,D:\Garbage Classification\Garbage_Classification_Organized\dataset\其他\其他_0368.jpg,45.32,133.26,auto,roi_crop,350,65,558,558,558
2026-06-24 12:05:54,其他,D:\Garbage Classification\Garbage_Classification_Organized\dataset\其他\其他_0369.jpg,46.17,137.59,auto,roi_crop,350,65,558,558,558
2026-06-24 12:05:55,其他,D:\Garbage Classification\Garbage_Classification_Organized\dataset\其他\其他_0370.jpg,47.82,138.04,auto,roi_crop,350,65,558,558,558
2026-06-24 12:05:55,其他,D:\Garbage Classification\Garbage_Classification_Organized\dataset\其他\其他_0371.jpg,40.06,137.81,auto,roi_crop,350,65,558,558,558
2026-06-24 12:05:56,其他,D:\Garbage Classification\Garbage_Classification_Organized\dataset\其他\其他_0372.jpg,46.86,134.71,auto,roi_crop,350,65,558,558,558
2026-06-24 12:05:57,其他,D:\Garbage Classification\Garbage_Classification_Organized\dataset\其他\其他_0373.jpg,42.37,140.45,auto,roi_crop,350,65,558,558,558
2026-06-24 12:05:57,其他,D:\Garbage Classification\Garbage_Classification_Organized\dataset\其他\其他_0374.jpg,41.95,139.31,auto,roi_crop,350,65,558,558,558
2026-06-24 12:05:58,其他,D:\Garbage Classification\Garbage_Classification_Organized\dataset\其他\其他_0375.jpg,42.25,139.24,auto,roi_crop,350,65,558,558,558
2026-06-24 12:05:58,其他,D:\Garbage Classification\Garbage_Classification_Organized\dataset\其他\其他_0376.jpg,41.76,138.66,auto,roi_crop,350,65,558,558,558
2026-06-24 12:05:59,其他,D:\Garbage Classification\Garbage_Classification_Organized\dataset\其他\其他_0377.jpg,41.21,135.12,auto,roi_crop,350,65,558,558,558
2026-06-24 12:06:00,其他,D:\Garbage Classification\Garbage_Classification_Organized\dataset\其他\其他_0378.jpg,36.61,136.22,auto,roi_crop,350,65,558,558,558
2026-06-24 12:06:00,其他,D:\Garbage Classification\Garbage_Classification_Organized\dataset\其他\其他_0379.jpg,46.79,138.74,auto,roi_crop,350,65,558,558,558
2026-06-24 12:06:01,其他,D:\Garbage Classification\Garbage_Classification_Organized\dataset\其他\其他_0380.jpg,43.93,139.07,auto,roi_crop,350,65,558,558,558
2026-06-24 12:06:01,其他,D:\Garbage Classification\Garbage_Classification_Organized\dataset\其他\其他_0381.jpg,41.39,134.33,auto,roi_crop,350,65,558,558,558
2026-06-24 12:06:02,其他,D:\Garbage Classification\Garbage_Classification_Organized\dataset\其他\其他_0382.jpg,48.18,138.75,auto,roi_crop,350,65,558,558,558
2026-06-24 12:06:02,其他,D:\Garbage Classification\Garbage_Classification_Organized\dataset\其他\其他_0383.jpg,49.94,138.45,auto,roi_crop,350,65,558,558,558
2026-06-24 12:06:03,其他,D:\Garbage Classification\Garbage_Classification_Organized\dataset\其他\其他_0384.jpg,50.36,139.79,auto,roi_crop,350,65,558,558,558
2026-06-24 12:06:03,其他,D:\Garbage Classification\Garbage_Classification_Organized\dataset\其他\其他_0385.jpg,39.51,133.79,auto,roi_crop,350,65,558,558,558
2026-06-24 12:06:04,其他,D:\Garbage Classification\Garbage_Classification_Organized\dataset\其他\其他_0386.jpg,43.69,139.38,auto,roi_crop,350,65,558,558,558
2026-06-24 12:06:04,其他,D:\Garbage Classification\Garbage_Classification_Organized\dataset\其他\其他_0387.jpg,49.05,139.29,auto,roi_crop,350,65,558,558,558
2026-06-24 12:06:05,其他,D:\Garbage Classification\Garbage_Classification_Organized\dataset\其他\其他_0388.jpg,48.57,138.24,auto,roi_crop,350,65,558,558,558
2026-06-24 12:06:05,其他,D:\Garbage Classification\Garbage_Classification_Organized\dataset\其他\其他_0389.jpg,38.98,133.74,auto,roi_crop,350,65,558,558,558
2026-06-24 12:06:06,其他,D:\Garbage Classification\Garbage_Classification_Organized\dataset\其他\其他_0390.jpg,38.13,136.37,auto,roi_crop,350,65,558,558,558
2026-06-24 12:06:06,其他,D:\Garbage Classification\Garbage_Classification_Organized\dataset\其他\其他_0391.jpg,35.23,127.00,auto,roi_crop,350,65,558,558,558
2026-06-24 12:06:07,其他,D:\Garbage Classification\Garbage_Classification_Organized\dataset\其他\其他_0392.jpg,43.98,136.55,auto,roi_crop,350,65,558,558,558
2026-06-24 12:06:08,其他,D:\Garbage Classification\Garbage_Classification_Organized\dataset\其他\其他_0393.jpg,38.04,136.08,auto,roi_crop,350,65,558,558,558
2026-06-24 12:06:08,其他,D:\Garbage Classification\Garbage_Classification_Organized\dataset\其他\其他_0394.jpg,33.36,131.82,auto,roi_crop,350,65,558,558,558
2026-06-24 12:06:09,其他,D:\Garbage Classification\Garbage_Classification_Organized\dataset\其他\其他_0395.jpg,37.13,132.68,auto,roi_crop,350,65,558,558,558
2026-06-24 12:06:10,其他,D:\Garbage Classification\Garbage_Classification_Organized\dataset\其他\其他_0396.jpg,38.98,133.20,auto,roi_crop,350,65,558,558,558
2026-06-24 12:06:10,其他,D:\Garbage Classification\Garbage_Classification_Organized\dataset\其他\其他_0397.jpg,36.61,139.42,auto,roi_crop,350,65,558,558,558
2026-06-24 12:06:11,其他,D:\Garbage Classification\Garbage_Classification_Organized\dataset\其他\其他_0398.jpg,31.42,134.04,auto,roi_crop,350,65,558,558,558
2026-06-24 12:06:11,其他,D:\Garbage Classification\Garbage_Classification_Organized\dataset\其他\其他_0399.jpg,33.89,139.11,auto,roi_crop,350,65,558,558,558
2026-06-24 12:06:12,其他,D:\Garbage Classification\Garbage_Classification_Organized\dataset\其他\其他_0400.jpg,30.41,134.40,auto,roi_crop,350,65,558,558,558
2026-06-24 12:06:13,其他,D:\Garbage Classification\Garbage_Classification_Organized\dataset\其他\其他_0401.jpg,42.11,139.63,auto,roi_crop,350,65,558,558,558
2026-06-24 12:06:13,其他,D:\Garbage Classification\Garbage_Classification_Organized\dataset\其他\其他_0402.jpg,43.77,139.09,auto,roi_crop,350,65,558,558,558
2026-06-24 12:06:14,其他,D:\Garbage Classification\Garbage_Classification_Organized\dataset\其他\其他_0403.jpg,39.41,132.74,auto,roi_crop,350,65,558,558,558
2026-06-24 12:06:14,其他,D:\Garbage Classification\Garbage_Classification_Organized\dataset\其他\其他_0404.jpg,46.98,135.85,auto,roi_crop,350,65,558,558,558
2026-06-24 12:06:15,其他,D:\Garbage Classification\Garbage_Classification_Organized\dataset\其他\其他_0405.jpg,51.98,139.52,auto,roi_crop,350,65,558,558,558
2026-06-24 12:06:15,其他,D:\Garbage Classification\Garbage_Classification_Organized\dataset\其他\其他_0406.jpg,45.15,132.52,auto,roi_crop,350,65,558,558,558
2026-06-24 12:06:16,其他,D:\Garbage Classification\Garbage_Classification_Organized\dataset\其他\其他_0407.jpg,38.35,129.27,auto,roi_crop,350,65,558,558,558
2026-06-24 12:06:17,其他,D:\Garbage Classification\Garbage_Classification_Organized\dataset\其他\其他_0408.jpg,42.84,136.81,auto,roi_crop,350,65,558,558,558
2026-06-24 12:06:17,其他,D:\Garbage Classification\Garbage_Classification_Organized\dataset\其他\其他_0409.jpg,40.25,140.31,auto,roi_crop,350,65,558,558,558
2026-06-24 12:06:18,其他,D:\Garbage Classification\Garbage_Classification_Organized\dataset\其他\其他_0410.jpg,39.64,139.48,auto,roi_crop,350,65,558,558,558
2026-06-24 12:06:18,其他,D:\Garbage Classification\Garbage_Classification_Organized\dataset\其他\其他_0411.jpg,38.45,139.20,auto,roi_crop,350,65,558,558,558
2026-06-24 12:06:19,其他,D:\Garbage Classification\Garbage_Classification_Organized\dataset\其他\其他_0412.jpg,37.67,135.17,auto,roi_crop,350,65,558,558,558
2026-06-24 12:06:19,其他,D:\Garbage Classification\Garbage_Classification_Organized\dataset\其他\其他_0413.jpg,38.53,131.80,auto,roi_crop,350,65,558,558,558
2026-06-24 12:06:20,其他,D:\Garbage Classification\Garbage_Classification_Organized\dataset\其他\其他_0414.jpg,40.94,137.82,auto,roi_crop,350,65,558,558,558
2026-06-24 12:06:20,其他,D:\Garbage Classification\Garbage_Classification_Organized\dataset\其他\其他_0415.jpg,42.64,138.77,auto,roi_crop,350,65,558,558,558
2026-06-24 12:06:21,其他,D:\Garbage Classification\Garbage_Classification_Organized\dataset\其他\其他_0416.jpg,30.40,135.56,auto,roi_crop,350,65,558,558,558
2026-06-24 12:06:22,其他,D:\Garbage Classification\Garbage_Classification_Organized\dataset\其他\其他_0417.jpg,42.08,136.76,auto,roi_crop,350,65,558,558,558
2026-06-24 12:06:22,其他,D:\Garbage Classification\Garbage_Classification_Organized\dataset\其他\其他_0418.jpg,41.36,136.83,auto,roi_crop,350,65,558,558,558
2026-06-24 12:06:23,其他,D:\Garbage Classification\Garbage_Classification_Organized\dataset\其他\其他_0419.jpg,44.09,136.40,auto,roi_crop,350,65,558,558,558
2026-06-24 12:06:23,其他,D:\Garbage Classification\Garbage_Classification_Organized\dataset\其他\其他_0420.jpg,43.57,136.64,auto,roi_crop,350,65,558,558,558
2026-06-24 12:06:24,其他,D:\Garbage Classification\Garbage_Classification_Organized\dataset\其他\其他_0421.jpg,36.13,131.75,auto,roi_crop,350,65,558,558,558
2026-06-24 12:06:24,其他,D:\Garbage Classification\Garbage_Classification_Organized\dataset\其他\其他_0422.jpg,45.36,136.34,auto,roi_crop,350,65,558,558,558
2026-06-24 12:06:25,其他,D:\Garbage Classification\Garbage_Classification_Organized\dataset\其他\其他_0423.jpg,42.21,136.74,auto,roi_crop,350,65,558,558,558
2026-06-24 12:06:26,其他,D:\Garbage Classification\Garbage_Classification_Organized\dataset\其他\其他_0424.jpg,36.38,127.86,auto,roi_crop,350,65,558,558,558
2026-06-24 12:06:26,其他,D:\Garbage Classification\Garbage_Classification_Organized\dataset\其他\其他_0425.jpg,38.36,136.37,auto,roi_crop,350,65,558,558,558
2026-06-24 12:06:27,其他,D:\Garbage Classification\Garbage_Classification_Organized\dataset\其他\其他_0426.jpg,39.64,134.65,auto,roi_crop,350,65,558,558,558
2026-06-24 12:06:27,其他,D:\Garbage Classification\Garbage_Classification_Organized\dataset\其他\其他_0427.jpg,34.52,126.58,auto,roi_crop,350,65,558,558,558
2026-06-24 12:06:28,其他,D:\Garbage Classification\Garbage_Classification_Organized\dataset\其他\其他_0428.jpg,40.90,135.49,auto,roi_crop,350,65,558,558,558
2026-06-24 12:06:28,其他,D:\Garbage Classification\Garbage_Classification_Organized\dataset\其他\其他_0429.jpg,31.94,129.40,auto,roi_crop,350,65,558,558,558
2026-06-24 12:06:29,其他,D:\Garbage Classification\Garbage_Classification_Organized\dataset\其他\其他_0430.jpg,38.65,132.53,auto,roi_crop,350,65,558,558,558
2026-06-24 12:06:29,其他,D:\Garbage Classification\Garbage_Classification_Organized\dataset\其他\其他_0431.jpg,39.12,136.70,auto,roi_crop,350,65,558,558,558
2026-06-24 12:06:30,其他,D:\Garbage Classification\Garbage_Classification_Organized\dataset\其他\其他_0432.jpg,39.37,133.75,auto,roi_crop,350,65,558,558,558
2026-06-24 12:06:30,其他,D:\Garbage Classification\Garbage_Classification_Organized\dataset\其他\其他_0433.jpg,33.12,137.06,auto,roi_crop,350,65,558,558,558
2026-06-24 12:06:31,其他,D:\Garbage Classification\Garbage_Classification_Organized\dataset\其他\其他_0434.jpg,30.76,133.82,auto,roi_crop,350,65,558,558,558
2026-06-24 12:06:31,其他,D:\Garbage Classification\Garbage_Classification_Organized\dataset\其他\其他_0435.jpg,42.16,131.93,auto,roi_crop,350,65,558,558,558
2026-06-24 12:06:32,其他,D:\Garbage Classification\Garbage_Classification_Organized\dataset\其他\其他_0436.jpg,46.13,135.78,auto,roi_crop,350,65,558,558,558
2026-06-24 12:06:33,其他,D:\Garbage Classification\Garbage_Classification_Organized\dataset\其他\其他_0437.jpg,37.62,132.57,auto,roi_crop,350,65,558,558,558
2026-06-24 12:06:33,其他,D:\Garbage Classification\Garbage_Classification_Organized\dataset\其他\其他_0438.jpg,43.02,134.10,auto,roi_crop,350,65,558,558,558
2026-06-24 12:06:34,其他,D:\Garbage Classification\Garbage_Classification_Organized\dataset\其他\其他_0439.jpg,43.63,131.03,auto,roi_crop,350,65,558,558,558
2026-06-24 12:06:34,其他,D:\Garbage Classification\Garbage_Classification_Organized\dataset\其他\其他_0440.jpg,33.18,129.24,auto,roi_crop,350,65,558,558,558
2026-06-24 12:06:35,其他,D:\Garbage Classification\Garbage_Classification_Organized\dataset\其他\其他_0441.jpg,32.44,133.86,auto,roi_crop,350,65,558,558,558
2026-06-24 12:06:35,其他,D:\Garbage Classification\Garbage_Classification_Organized\dataset\其他\其他_0442.jpg,32.84,127.15,auto,roi_crop,350,65,558,558,558
2026-06-24 12:06:36,其他,D:\Garbage Classification\Garbage_Classification_Organized\dataset\其他\其他_0443.jpg,37.87,127.46,auto,roi_crop,350,65,558,558,558
2026-06-24 12:06:36,其他,D:\Garbage Classification\Garbage_Classification_Organized\dataset\其他\其他_0444.jpg,34.77,136.40,auto,roi_crop,350,65,558,558,558
2026-06-24 12:06:37,其他,D:\Garbage Classification\Garbage_Classification_Organized\dataset\其他\其他_0445.jpg,33.55,131.77,auto,roi_crop,350,65,558,558,558
2026-06-24 12:06:37,其他,D:\Garbage Classification\Garbage_Classification_Organized\dataset\其他\其他_0446.jpg,40.92,132.88,auto,roi_crop,350,65,558,558,558
2026-06-24 12:06:38,其他,D:\Garbage Classification\Garbage_Classification_Organized\dataset\其他\其他_0447.jpg,45.36,134.76,auto,roi_crop,350,65,558,558,558
2026-06-24 12:06:38,其他,D:\Garbage Classification\Garbage_Classification_Organized\dataset\其他\其他_0448.jpg,36.44,131.02,auto,roi_crop,350,65,558,558,558
2026-06-24 12:06:39,其他,D:\Garbage Classification\Garbage_Classification_Organized\dataset\其他\其他_0449.jpg,44.50,135.06,auto,roi_crop,350,65,558,558,558
2026-06-24 12:06:39,其他,D:\Garbage Classification\Garbage_Classification_Organized\dataset\其他\其他_0450.jpg,45.64,135.43,auto,roi_crop,350,65,558,558,558
2026-06-24 12:06:40,其他,D:\Garbage Classification\Garbage_Classification_Organized\dataset\其他\其他_0451.jpg,30.49,128.00,auto,roi_crop,350,65,558,558,558
2026-06-24 12:06:40,其他,D:\Garbage Classification\Garbage_Classification_Organized\dataset\其他\其他_0452.jpg,35.76,133.78,auto,roi_crop,350,65,558,558,558
2026-06-24 12:06:41,其他,D:\Garbage Classification\Garbage_Classification_Organized\dataset\其他\其他_0453.jpg,31.89,129.03,auto,roi_crop,350,65,558,558,558
2026-06-24 12:06:41,其他,D:\Garbage Classification\Garbage_Classification_Organized\dataset\其他\其他_0454.jpg,30.67,125.61,auto,roi_crop,350,65,558,558,558
2026-06-24 12:06:42,其他,D:\Garbage Classification\Garbage_Classification_Organized\dataset\其他\其他_0455.jpg,38.41,134.61,auto,roi_crop,350,65,558,558,558
2026-06-24 12:06:43,其他,D:\Garbage Classification\Garbage_Classification_Organized\dataset\其他\其他_0456.jpg,35.23,130.45,auto,roi_crop,350,65,558,558,558
2026-06-24 12:06:43,其他,D:\Garbage Classification\Garbage_Classification_Organized\dataset\其他\其他_0457.jpg,39.56,134.20,auto,roi_crop,350,65,558,558,558
2026-06-24 12:06:44,其他,D:\Garbage Classification\Garbage_Classification_Organized\dataset\其他\其他_0458.jpg,30.25,129.03,auto,roi_crop,350,65,558,558,558
2026-06-24 12:06:44,其他,D:\Garbage Classification\Garbage_Classification_Organized\dataset\其他\其他_0459.jpg,41.67,131.17,auto,roi_crop,350,65,558,558,558
2026-06-24 12:06:45,其他,D:\Garbage Classification\Garbage_Classification_Organized\dataset\其他\其他_0460.jpg,36.81,134.40,auto,roi_crop,350,65,558,558,558
2026-06-24 12:06:45,其他,D:\Garbage Classification\Garbage_Classification_Organized\dataset\其他\其他_0461.jpg,39.99,132.21,auto,roi_crop,350,65,558,558,558
2026-06-24 12:06:46,其他,D:\Garbage Classification\Garbage_Classification_Organized\dataset\其他\其他_0462.jpg,34.57,136.17,auto,roi_crop,350,65,558,558,558
2026-06-24 12:06:47,其他,D:\Garbage Classification\Garbage_Classification_Organized\dataset\其他\其他_0463.jpg,32.98,133.95,auto,roi_crop,350,65,558,558,558
2026-06-24 12:06:47,其他,D:\Garbage Classification\Garbage_Classification_Organized\dataset\其他\其他_0464.jpg,31.79,136.72,auto,roi_crop,350,65,558,558,558
2026-06-24 12:06:48,其他,D:\Garbage Classification\Garbage_Classification_Organized\dataset\其他\其他_0465.jpg,35.91,133.19,auto,roi_crop,350,65,558,558,558
2026-06-24 12:06:48,其他,D:\Garbage Classification\Garbage_Classification_Organized\dataset\其他\其他_0466.jpg,40.43,133.20,auto,roi_crop,350,65,558,558,558
2026-06-24 12:06:49,其他,D:\Garbage Classification\Garbage_Classification_Organized\dataset\其他\其他_0467.jpg,31.23,125.66,auto,roi_crop,350,65,558,558,558
2026-06-24 12:06:50,其他,D:\Garbage Classification\Garbage_Classification_Organized\dataset\其他\其他_0468.jpg,40.99,138.76,auto,roi_crop,350,65,558,558,558
2026-06-24 12:06:50,其他,D:\Garbage Classification\Garbage_Classification_Organized\dataset\其他\其他_0469.jpg,37.95,139.86,auto,roi_crop,350,65,558,558,558
2026-06-24 12:06:51,其他,D:\Garbage Classification\Garbage_Classification_Organized\dataset\其他\其他_0470.jpg,38.82,139.66,auto,roi_crop,350,65,558,558,558
2026-06-24 12:06:51,其他,D:\Garbage Classification\Garbage_Classification_Organized\dataset\其他\其他_0471.jpg,37.42,130.11,auto,roi_crop,350,65,558,558,558
2026-06-24 12:06:52,其他,D:\Garbage Classification\Garbage_Classification_Organized\dataset\其他\其他_0472.jpg,38.49,136.45,auto,roi_crop,350,65,558,558,558
2026-06-24 12:06:52,其他,D:\Garbage Classification\Garbage_Classification_Organized\dataset\其他\其他_0473.jpg,44.23,135.48,auto,roi_crop,350,65,558,558,558
2026-06-24 12:06:53,其他,D:\Garbage Classification\Garbage_Classification_Organized\dataset\其他\其他_0474.jpg,38.89,135.16,auto,roi_crop,350,65,558,558,558
2026-06-24 12:06:53,其他,D:\Garbage Classification\Garbage_Classification_Organized\dataset\其他\其他_0475.jpg,46.36,133.97,auto,roi_crop,350,65,558,558,558
2026-06-24 12:06:54,其他,D:\Garbage Classification\Garbage_Classification_Organized\dataset\其他\其他_0476.jpg,38.82,126.31,auto,roi_crop,350,65,558,558,558
2026-06-24 12:06:54,其他,D:\Garbage Classification\Garbage_Classification_Organized\dataset\其他\其他_0477.jpg,46.70,135.98,auto,roi_crop,350,65,558,558,558
2026-06-24 12:06:55,其他,D:\Garbage Classification\Garbage_Classification_Organized\dataset\其他\其他_0478.jpg,37.58,128.62,auto,roi_crop,350,65,558,558,558
2026-06-24 12:06:56,其他,D:\Garbage Classification\Garbage_Classification_Organized\dataset\其他\其他_0479.jpg,43.26,133.19,auto,roi_crop,350,65,558,558,558
2026-06-24 12:06:56,其他,D:\Garbage Classification\Garbage_Classification_Organized\dataset\其他\其他_0480.jpg,36.38,130.50,auto,roi_crop,350,65,558,558,558
2026-06-24 12:06:57,其他,D:\Garbage Classification\Garbage_Classification_Organized\dataset\其他\其他_0481.jpg,43.70,135.40,auto,roi_crop,350,65,558,558,558
2026-06-24 12:06:57,其他,D:\Garbage Classification\Garbage_Classification_Organized\dataset\其他\其他_0482.jpg,34.55,130.64,auto,roi_crop,350,65,558,558,558
2026-06-24 12:06:58,其他,D:\Garbage Classification\Garbage_Classification_Organized\dataset\其他\其他_0483.jpg,40.69,134.72,auto,roi_crop,350,65,558,558,558
2026-06-24 12:06:58,其他,D:\Garbage Classification\Garbage_Classification_Organized\dataset\其他\其他_0484.jpg,37.68,131.49,auto,roi_crop,350,65,558,558,558
2026-06-24 12:06:59,其他,D:\Garbage Classification\Garbage_Classification_Organized\dataset\其他\其他_0485.jpg,34.07,130.46,auto,roi_crop,350,65,558,558,558
2026-06-24 12:06:59,其他,D:\Garbage Classification\Garbage_Classification_Organized\dataset\其他\其他_0486.jpg,32.35,129.71,auto,roi_crop,350,65,558,558,558
2026-06-24 12:07:00,其他,D:\Garbage Classification\Garbage_Classification_Organized\dataset\其他\其他_0487.jpg,34.29,137.57,auto,roi_crop,350,65,558,558,558
2026-06-24 12:07:00,其他,D:\Garbage Classification\Garbage_Classification_Organized\dataset\其他\其他_0488.jpg,35.56,138.96,auto,roi_crop,350,65,558,558,558
2026-06-24 12:07:01,其他,D:\Garbage Classification\Garbage_Classification_Organized\dataset\其他\其他_0489.jpg,38.71,138.77,auto,roi_crop,350,65,558,558,558
2026-06-24 12:07:01,其他,D:\Garbage Classification\Garbage_Classification_Organized\dataset\其他\其他_0490.jpg,39.61,135.99,auto,roi_crop,350,65,558,558,558
2026-06-24 12:07:02,其他,D:\Garbage Classification\Garbage_Classification_Organized\dataset\其他\其他_0491.jpg,39.50,132.18,auto,roi_crop,350,65,558,558,558
2026-06-24 12:07:02,其他,D:\Garbage Classification\Garbage_Classification_Organized\dataset\其他\其他_0492.jpg,44.98,140.64,auto,roi_crop,350,65,558,558,558
2026-06-24 12:07:03,其他,D:\Garbage Classification\Garbage_Classification_Organized\dataset\其他\其他_0493.jpg,39.95,140.17,auto,roi_crop,350,65,558,558,558
2026-06-24 12:07:03,其他,D:\Garbage Classification\Garbage_Classification_Organized\dataset\其他\其他_0494.jpg,36.34,136.82,auto,roi_crop,350,65,558,558,558
2026-06-24 12:07:04,其他,D:\Garbage Classification\Garbage_Classification_Organized\dataset\其他\其他_0495.jpg,41.91,139.06,auto,roi_crop,350,65,558,558,558
2026-06-24 12:07:04,其他,D:\Garbage Classification\Garbage_Classification_Organized\dataset\其他\其他_0496.jpg,37.54,133.86,auto,roi_crop,350,65,558,558,558
2026-06-24 12:07:05,其他,D:\Garbage Classification\Garbage_Classification_Organized\dataset\其他\其他_0497.jpg,42.09,137.87,auto,roi_crop,350,65,558,558,558
2026-06-24 12:07:06,其他,D:\Garbage Classification\Garbage_Classification_Organized\dataset\其他\其他_0498.jpg,35.19,134.46,auto,roi_crop,350,65,558,558,558
2026-06-24 12:07:06,其他,D:\Garbage Classification\Garbage_Classification_Organized\dataset\其他\其他_0499.jpg,39.81,139.22,auto,roi_crop,350,65,558,558,558
2026-06-24 12:07:07,其他,D:\Garbage Classification\Garbage_Classification_Organized\dataset\其他\其他_0500.jpg,36.21,137.08,auto,roi_crop,350,65,558,558,558
2026-06-24 12:07:07,其他,D:\Garbage Classification\Garbage_Classification_Organized\dataset\其他\其他_0501.jpg,33.92,133.18,auto,roi_crop,350,65,558,558,558
2026-06-24 12:07:08,其他,D:\Garbage Classification\Garbage_Classification_Organized\dataset\其他\其他_0502.jpg,42.08,138.46,auto,roi_crop,350,65,558,558,558
2026-06-24 12:07:08,其他,D:\Garbage Classification\Garbage_Classification_Organized\dataset\其他\其他_0503.jpg,36.43,134.74,auto,roi_crop,350,65,558,558,558
2026-06-24 12:07:09,其他,D:\Garbage Classification\Garbage_Classification_Organized\dataset\其他\其他_0504.jpg,38.29,138.86,auto,roi_crop,350,65,558,558,558
2026-06-24 12:07:09,其他,D:\Garbage Classification\Garbage_Classification_Organized\dataset\其他\其他_0505.jpg,30.32,134.89,auto,roi_crop,350,65,558,558,558
2026-06-24 12:07:10,其他,D:\Garbage Classification\Garbage_Classification_Organized\dataset\其他\其他_0506.jpg,35.95,131.59,auto,roi_crop,350,65,558,558,558
2026-06-24 12:07:10,其他,D:\Garbage Classification\Garbage_Classification_Organized\dataset\其他\其他_0507.jpg,34.11,139.66,auto,roi_crop,350,65,558,558,558
2026-06-24 12:07:11,其他,D:\Garbage Classification\Garbage_Classification_Organized\dataset\其他\其他_0508.jpg,33.74,133.39,auto,roi_crop,350,65,558,558,558
2026-06-24 12:07:12,其他,D:\Garbage Classification\Garbage_Classification_Organized\dataset\其他\其他_0509.jpg,34.12,139.31,auto,roi_crop,350,65,558,558,558
2026-06-24 12:07:12,其他,D:\Garbage Classification\Garbage_Classification_Organized\dataset\其他\其他_0510.jpg,30.31,135.88,auto,roi_crop,350,65,558,558,558
2026-06-24 12:07:13,其他,D:\Garbage Classification\Garbage_Classification_Organized\dataset\其他\其他_0511.jpg,30.47,131.24,auto,roi_crop,350,65,558,558,558
2026-06-24 12:07:13,其他,D:\Garbage Classification\Garbage_Classification_Organized\dataset\其他\其他_0512.jpg,30.51,135.60,auto,roi_crop,350,65,558,558,558
2026-06-24 12:07:14,其他,D:\Garbage Classification\Garbage_Classification_Organized\dataset\其他\其他_0513.jpg,31.73,136.54,auto,roi_crop,350,65,558,558,558
2026-06-24 12:07:14,其他,D:\Garbage Classification\Garbage_Classification_Organized\dataset\其他\其他_0514.jpg,34.91,136.44,auto,roi_crop,350,65,558,558,558
2026-06-24 12:07:15,其他,D:\Garbage Classification\Garbage_Classification_Organized\dataset\其他\其他_0515.jpg,36.19,133.26,auto,roi_crop,350,65,558,558,558
2026-06-24 12:07:15,其他,D:\Garbage Classification\Garbage_Classification_Organized\dataset\其他\其他_0516.jpg,35.56,129.67,auto,roi_crop,350,65,558,558,558
2026-06-24 12:07:16,其他,D:\Garbage Classification\Garbage_Classification_Organized\dataset\其他\其他_0517.jpg,36.16,135.59,auto,roi_crop,350,65,558,558,558
2026-06-24 12:07:16,其他,D:\Garbage Classification\Garbage_Classification_Organized\dataset\其他\其他_0518.jpg,38.67,135.71,auto,roi_crop,350,65,558,558,558
2026-06-24 12:07:17,其他,D:\Garbage Classification\Garbage_Classification_Organized\dataset\其他\其他_0519.jpg,31.74,132.38,auto,roi_crop,350,65,558,558,558
2026-06-24 12:07:17,其他,D:\Garbage Classification\Garbage_Classification_Organized\dataset\其他\其他_0520.jpg,36.58,135.14,auto,roi_crop,350,65,558,558,558
2026-06-24 12:07:18,其他,D:\Garbage Classification\Garbage_Classification_Organized\dataset\其他\其他_0521.jpg,38.87,134.53,auto,roi_crop,350,65,558,558,558
2026-06-24 12:07:18,其他,D:\Garbage Classification\Garbage_Classification_Organized\dataset\其他\其他_0522.jpg,33.81,132.47,auto,roi_crop,350,65,558,558,558
2026-06-24 12:07:19,其他,D:\Garbage Classification\Garbage_Classification_Organized\dataset\其他\其他_0523.jpg,42.40,134.24,auto,roi_crop,350,65,558,558,558
2026-06-24 12:07:19,其他,D:\Garbage Classification\Garbage_Classification_Organized\dataset\其他\其他_0524.jpg,32.68,131.66,auto,roi_crop,350,65,558,558,558
2026-06-24 12:07:20,其他,D:\Garbage Classification\Garbage_Classification_Organized\dataset\其他\其他_0525.jpg,45.13,134.04,auto,roi_crop,350,65,558,558,558
2026-06-24 12:07:20,其他,D:\Garbage Classification\Garbage_Classification_Organized\dataset\其他\其他_0526.jpg,39.62,131.11,auto,roi_crop,350,65,558,558,558
2026-06-24 12:07:21,其他,D:\Garbage Classification\Garbage_Classification_Organized\dataset\其他\其他_0527.jpg,46.15,131.24,auto,roi_crop,350,65,558,558,558
2026-06-24 12:07:22,其他,D:\Garbage Classification\Garbage_Classification_Organized\dataset\其他\其他_0528.jpg,48.66,133.42,auto,roi_crop,350,65,558,558,558
2026-06-24 12:07:22,其他,D:\Garbage Classification\Garbage_Classification_Organized\dataset\其他\其他_0529.jpg,33.10,129.01,auto,roi_crop,350,65,558,558,558
2026-06-24 12:07:23,其他,D:\Garbage Classification\Garbage_Classification_Organized\dataset\其他\其他_0530.jpg,32.63,134.17,auto,roi_crop,350,65,558,558,558
2026-06-24 12:07:23,其他,D:\Garbage Classification\Garbage_Classification_Organized\dataset\其他\其他_0531.jpg,35.69,129.48,auto,roi_crop,350,65,558,558,558
2026-06-24 12:07:24,其他,D:\Garbage Classification\Garbage_Classification_Organized\dataset\其他\其他_0532.jpg,47.42,131.95,auto,roi_crop,350,65,558,558,558
2026-06-24 12:07:24,其他,D:\Garbage Classification\Garbage_Classification_Organized\dataset\其他\其他_0533.jpg,33.24,130.90,auto,roi_crop,350,65,558,558,558
2026-06-24 12:07:25,其他,D:\Garbage Classification\Garbage_Classification_Organized\dataset\其他\其他_0534.jpg,35.01,130.59,auto,roi_crop,350,65,558,558,558
2026-06-24 12:07:25,其他,D:\Garbage Classification\Garbage_Classification_Organized\dataset\其他\其他_0535.jpg,32.58,128.76,auto,roi_crop,350,65,558,558,558
2026-06-24 12:07:26,其他,D:\Garbage Classification\Garbage_Classification_Organized\dataset\其他\其他_0536.jpg,34.76,129.74,auto,roi_crop,350,65,558,558,558
2026-06-24 12:07:26,其他,D:\Garbage Classification\Garbage_Classification_Organized\dataset\其他\其他_0537.jpg,34.00,126.46,auto,roi_crop,350,65,558,558,558
2026-06-24 12:07:27,其他,D:\Garbage Classification\Garbage_Classification_Organized\dataset\其他\其他_0538.jpg,35.88,136.02,auto,roi_crop,350,65,558,558,558
2026-06-24 12:07:28,其他,D:\Garbage Classification\Garbage_Classification_Organized\dataset\其他\其他_0539.jpg,35.61,136.52,auto,roi_crop,350,65,558,558,558
2026-06-24 12:07:28,其他,D:\Garbage Classification\Garbage_Classification_Organized\dataset\其他\其他_0540.jpg,35.36,136.24,auto,roi_crop,350,65,558,558,558
2026-06-24 12:07:29,其他,D:\Garbage Classification\Garbage_Classification_Organized\dataset\其他\其他_0541.jpg,36.59,129.53,auto,roi_crop,350,65,558,558,558
2026-06-24 12:07:29,其他,D:\Garbage Classification\Garbage_Classification_Organized\dataset\其他\其他_0542.jpg,42.22,139.37,auto,roi_crop,350,65,558,558,558
2026-06-24 12:07:30,其他,D:\Garbage Classification\Garbage_Classification_Organized\dataset\其他\其他_0543.jpg,38.08,138.01,auto,roi_crop,350,65,558,558,558
2026-06-24 12:07:30,其他,D:\Garbage Classification\Garbage_Classification_Organized\dataset\其他\其他_0544.jpg,36.66,135.03,auto,roi_crop,350,65,558,558,558
2026-06-24 12:07:31,其他,D:\Garbage Classification\Garbage_Classification_Organized\dataset\其他\其他_0545.jpg,43.24,136.49,auto,roi_crop,350,65,558,558,558
2026-06-24 12:07:31,其他,D:\Garbage Classification\Garbage_Classification_Organized\dataset\其他\其他_0546.jpg,42.05,135.82,auto,roi_crop,350,65,558,558,558
2026-06-24 12:07:32,其他,D:\Garbage Classification\Garbage_Classification_Organized\dataset\其他\其他_0547.jpg,32.40,128.31,auto,roi_crop,350,65,558,558,558
2026-06-24 12:07:32,其他,D:\Garbage Classification\Garbage_Classification_Organized\dataset\其他\其他_0548.jpg,40.08,134.13,auto,roi_crop,350,65,558,558,558
2026-06-24 12:07:33,其他,D:\Garbage Classification\Garbage_Classification_Organized\dataset\其他\其他_0549.jpg,32.91,129.57,auto,roi_crop,350,65,558,558,558
2026-06-24 12:07:34,其他,D:\Garbage Classification\Garbage_Classification_Organized\dataset\其他\其他_0550.jpg,32.04,134.58,auto,roi_crop,350,65,558,558,558
2026-06-24 12:07:34,其他,D:\Garbage Classification\Garbage_Classification_Organized\dataset\其他\其他_0551.jpg,36.10,129.91,auto,roi_crop,350,65,558,558,558
2026-06-24 12:07:35,其他,D:\Garbage Classification\Garbage_Classification_Organized\dataset\其他\其他_0552.jpg,32.78,135.53,auto,roi_crop,350,65,558,558,558
2026-06-24 12:07:35,其他,D:\Garbage Classification\Garbage_Classification_Organized\dataset\其他\其他_0553.jpg,33.25,130.47,auto,roi_crop,350,65,558,558,558
2026-06-24 12:07:36,其他,D:\Garbage Classification\Garbage_Classification_Organized\dataset\其他\其他_0554.jpg,31.15,134.57,auto,roi_crop,350,65,558,558,558
2026-06-24 12:07:36,其他,D:\Garbage Classification\Garbage_Classification_Organized\dataset\其他\其他_0555.jpg,40.54,137.25,auto,roi_crop,350,65,558,558,558
2026-06-24 12:07:37,其他,D:\Garbage Classification\Garbage_Classification_Organized\dataset\其他\其他_0556.jpg,35.48,132.19,auto,roi_crop,350,65,558,558,558
2026-06-24 12:07:37,其他,D:\Garbage Classification\Garbage_Classification_Organized\dataset\其他\其他_0557.jpg,31.46,140.20,auto,roi_crop,350,65,558,558,558
2026-06-24 12:07:38,其他,D:\Garbage Classification\Garbage_Classification_Organized\dataset\其他\其他_0558.jpg,33.14,133.54,auto,roi_crop,350,65,558,558,558
2026-06-24 12:07:39,其他,D:\Garbage Classification\Garbage_Classification_Organized\dataset\其他\其他_0559.jpg,33.06,137.75,auto,roi_crop,350,65,558,558,558
2026-06-24 12:07:39,其他,D:\Garbage Classification\Garbage_Classification_Organized\dataset\其他\其他_0560.jpg,31.50,130.56,auto,roi_crop,350,65,558,558,558
2026-06-24 12:07:40,其他,D:\Garbage Classification\Garbage_Classification_Organized\dataset\其他\其他_0561.jpg,36.78,136.62,auto,roi_crop,350,65,558,558,558
2026-06-24 12:07:40,其他,D:\Garbage Classification\Garbage_Classification_Organized\dataset\其他\其他_0562.jpg,35.95,129.43,auto,roi_crop,350,65,558,558,558
2026-06-24 12:07:41,其他,D:\Garbage Classification\Garbage_Classification_Organized\dataset\其他\其他_0563.jpg,30.43,125.37,auto,roi_crop,350,65,558,558,558
2026-06-24 12:07:41,其他,D:\Garbage Classification\Garbage_Classification_Organized\dataset\其他\其他_0564.jpg,34.45,135.31,auto,roi_crop,350,65,558,558,558
2026-06-24 12:07:42,其他,D:\Garbage Classification\Garbage_Classification_Organized\dataset\其他\其他_0565.jpg,34.70,135.84,auto,roi_crop,350,65,558,558,558
2026-06-24 12:07:42,其他,D:\Garbage Classification\Garbage_Classification_Organized\dataset\其他\其他_0566.jpg,34.96,135.78,auto,roi_crop,350,65,558,558,558
2026-06-24 12:07:43,其他,D:\Garbage Classification\Garbage_Classification_Organized\dataset\其他\其他_0567.jpg,37.39,133.53,auto,roi_crop,350,65,558,558,558
2026-06-24 12:07:43,其他,D:\Garbage Classification\Garbage_Classification_Organized\dataset\其他\其他_0568.jpg,30.33,131.18,auto,roi_crop,350,65,558,558,558
2026-06-24 12:07:44,其他,D:\Garbage Classification\Garbage_Classification_Organized\dataset\其他\其他_0569.jpg,37.60,138.36,auto,roi_crop,350,65,558,558,558
2026-06-24 12:07:44,其他,D:\Garbage Classification\Garbage_Classification_Organized\dataset\其他\其他_0570.jpg,34.19,131.70,auto,roi_crop,350,65,558,558,558
2026-06-24 12:07:45,其他,D:\Garbage Classification\Garbage_Classification_Organized\dataset\其他\其他_0571.jpg,33.84,138.65,auto,roi_crop,350,65,558,558,558
2026-06-24 12:07:45,其他,D:\Garbage Classification\Garbage_Classification_Organized\dataset\其他\其他_0572.jpg,34.29,129.96,auto,roi_crop,350,65,558,558,558
2026-06-24 12:07:46,其他,D:\Garbage Classification\Garbage_Classification_Organized\dataset\其他\其他_0573.jpg,31.50,137.98,auto,roi_crop,350,65,558,558,558
2026-06-24 12:07:47,其他,D:\Garbage Classification\Garbage_Classification_Organized\dataset\其他\其他_0574.jpg,40.20,136.18,auto,roi_crop,350,65,558,558,558
2026-06-24 12:07:47,其他,D:\Garbage Classification\Garbage_Classification_Organized\dataset\其他\其他_0575.jpg,41.95,137.58,auto,roi_crop,350,65,558,558,558
2026-06-24 12:07:48,其他,D:\Garbage Classification\Garbage_Classification_Organized\dataset\其他\其他_0576.jpg,40.09,137.28,auto,roi_crop,350,65,558,558,558
2026-06-24 12:07:48,其他,D:\Garbage Classification\Garbage_Classification_Organized\dataset\其他\其他_0577.jpg,41.14,133.03,auto,roi_crop,350,65,558,558,558
2026-06-24 12:07:50,其他,D:\Garbage Classification\Garbage_Classification_Organized\dataset\其他\其他_0578.jpg,34.69,130.88,auto,roi_crop,350,65,558,558,558
2026-06-24 12:07:50,其他,D:\Garbage Classification\Garbage_Classification_Organized\dataset\其他\其他_0579.jpg,34.36,136.87,auto,roi_crop,350,65,558,558,558
2026-06-24 12:07:51,其他,D:\Garbage Classification\Garbage_Classification_Organized\dataset\其他\其他_0580.jpg,36.93,131.56,auto,roi_crop,350,65,558,558,558
2026-06-24 12:07:51,其他,D:\Garbage Classification\Garbage_Classification_Organized\dataset\其他\其他_0581.jpg,33.04,137.55,auto,roi_crop,350,65,558,558,558
2026-06-24 12:07:52,其他,D:\Garbage Classification\Garbage_Classification_Organized\dataset\其他\其他_0582.jpg,32.63,135.13,auto,roi_crop,350,65,558,558,558
2026-06-24 12:07:52,其他,D:\Garbage Classification\Garbage_Classification_Organized\dataset\其他\其他_0583.jpg,36.36,137.65,auto,roi_crop,350,65,558,558,558
2026-06-24 12:07:53,其他,D:\Garbage Classification\Garbage_Classification_Organized\dataset\其他\其他_0584.jpg,31.05,128.23,auto,roi_crop,350,65,558,558,558
2026-06-24 12:07:54,其他,D:\Garbage Classification\Garbage_Classification_Organized\dataset\其他\其他_0585.jpg,37.61,132.28,auto,roi_crop,350,65,558,558,558
2026-06-24 12:07:54,其他,D:\Garbage Classification\Garbage_Classification_Organized\dataset\其他\其他_0586.jpg,38.65,138.36,auto,roi_crop,350,65,558,558,558
2026-06-24 12:07:55,其他,D:\Garbage Classification\Garbage_Classification_Organized\dataset\其他\其他_0587.jpg,38.04,140.04,auto,roi_crop,350,65,558,558,558
2026-06-24 12:07:55,其他,D:\Garbage Classification\Garbage_Classification_Organized\dataset\其他\其他_0588.jpg,37.94,139.87,auto,roi_crop,350,65,558,558,558
2026-06-24 12:07:56,其他,D:\Garbage Classification\Garbage_Classification_Organized\dataset\其他\其他_0589.jpg,38.41,138.71,auto,roi_crop,350,65,558,558,558
2026-06-24 13:31:01,可回收,D:\Garbage Classification\Garbage_Classification_Organized\dataset\可回收\可回收_0118.jpg,73.45,133.00,auto,roi_crop,350,65,558,558,558
2026-06-24 13:31:02,可回收,D:\Garbage Classification\Garbage_Classification_Organized\dataset\可回收\可回收_0119.jpg,75.95,131.62,auto,roi_crop,350,65,558,558,558
2026-06-24 13:31:02,可回收,D:\Garbage Classification\Garbage_Classification_Organized\dataset\可回收\可回收_0120.jpg,77.24,129.38,auto,roi_crop,350,65,558,558,558
2026-06-24 13:31:03,可回收,D:\Garbage Classification\Garbage_Classification_Organized\dataset\可回收\可回收_0121.jpg,77.79,128.38,auto,roi_crop,350,65,558,558,558
2026-06-24 13:31:03,可回收,D:\Garbage Classification\Garbage_Classification_Organized\dataset\可回收\可回收_0122.jpg,78.20,129.87,auto,roi_crop,350,65,558,558,558
2026-06-24 13:31:04,可回收,D:\Garbage Classification\Garbage_Classification_Organized\dataset\可回收\可回收_0123.jpg,70.60,125.54,auto,roi_crop,350,65,558,558,558
2026-06-24 13:31:04,可回收,D:\Garbage Classification\Garbage_Classification_Organized\dataset\可回收\可回收_0124.jpg,63.53,125.09,auto,roi_crop,350,65,558,558,558
2026-06-24 13:31:05,可回收,D:\Garbage Classification\Garbage_Classification_Organized\dataset\可回收\可回收_0125.jpg,73.22,127.54,auto,roi_crop,350,65,558,558,558
2026-06-24 13:31:05,可回收,D:\Garbage Classification\Garbage_Classification_Organized\dataset\可回收\可回收_0126.jpg,81.46,127.30,auto,roi_crop,350,65,558,558,558
2026-06-24 13:31:06,可回收,D:\Garbage Classification\Garbage_Classification_Organized\dataset\可回收\可回收_0127.jpg,38.87,123.26,auto,roi_crop,350,65,558,558,558
2026-06-24 13:31:06,可回收,D:\Garbage Classification\Garbage_Classification_Organized\dataset\可回收\可回收_0128.jpg,39.86,127.49,auto,roi_crop,350,65,558,558,558
2026-06-24 13:31:07,可回收,D:\Garbage Classification\Garbage_Classification_Organized\dataset\可回收\可回收_0129.jpg,37.84,125.92,auto,roi_crop,350,65,558,558,558
2026-06-24 13:31:08,可回收,D:\Garbage Classification\Garbage_Classification_Organized\dataset\可回收\可回收_0130.jpg,44.63,124.98,auto,roi_crop,350,65,558,558,558
2026-06-24 13:31:08,可回收,D:\Garbage Classification\Garbage_Classification_Organized\dataset\可回收\可回收_0131.jpg,90.77,137.08,auto,roi_crop,350,65,558,558,558
2026-06-24 13:31:09,可回收,D:\Garbage Classification\Garbage_Classification_Organized\dataset\可回收\可回收_0132.jpg,92.55,138.52,auto,roi_crop,350,65,558,558,558
2026-06-24 13:31:09,可回收,D:\Garbage Classification\Garbage_Classification_Organized\dataset\可回收\可回收_0133.jpg,57.41,128.29,auto,roi_crop,350,65,558,558,558
2026-06-24 13:31:10,可回收,D:\Garbage Classification\Garbage_Classification_Organized\dataset\可回收\可回收_0134.jpg,92.72,136.84,auto,roi_crop,350,65,558,558,558
2026-06-24 13:31:10,可回收,D:\Garbage Classification\Garbage_Classification_Organized\dataset\可回收\可回收_0135.jpg,85.20,131.66,auto,roi_crop,350,65,558,558,558
2026-06-24 13:31:11,可回收,D:\Garbage Classification\Garbage_Classification_Organized\dataset\可回收\可回收_0136.jpg,76.02,132.18,auto,roi_crop,350,65,558,558,558
2026-06-24 13:31:11,可回收,D:\Garbage Classification\Garbage_Classification_Organized\dataset\可回收\可回收_0137.jpg,85.58,137.02,auto,roi_crop,350,65,558,558,558
2026-06-24 13:31:12,可回收,D:\Garbage Classification\Garbage_Classification_Organized\dataset\可回收\可回收_0138.jpg,84.20,138.82,auto,roi_crop,350,65,558,558,558
2026-06-24 13:31:13,可回收,D:\Garbage Classification\Garbage_Classification_Organized\dataset\可回收\可回收_0139.jpg,72.97,132.52,auto,roi_crop,350,65,558,558,558
2026-06-24 13:31:13,可回收,D:\Garbage Classification\Garbage_Classification_Organized\dataset\可回收\可回收_0140.jpg,83.90,136.49,auto,roi_crop,350,65,558,558,558
2026-06-24 13:31:14,可回收,D:\Garbage Classification\Garbage_Classification_Organized\dataset\可回收\可回收_0141.jpg,86.78,138.98,auto,roi_crop,350,65,558,558,558
2026-06-24 13:31:14,可回收,D:\Garbage Classification\Garbage_Classification_Organized\dataset\可回收\可回收_0142.jpg,85.96,135.56,auto,roi_crop,350,65,558,558,558
2026-06-24 13:31:15,可回收,D:\Garbage Classification\Garbage_Classification_Organized\dataset\可回收\可回收_0143.jpg,79.33,135.18,auto,roi_crop,350,65,558,558,558
2026-06-24 13:31:15,可回收,D:\Garbage Classification\Garbage_Classification_Organized\dataset\可回收\可回收_0144.jpg,81.02,139.34,auto,roi_crop,350,65,558,558,558
2026-06-24 13:31:16,可回收,D:\Garbage Classification\Garbage_Classification_Organized\dataset\可回收\可回收_0145.jpg,86.23,133.35,auto,roi_crop,350,65,558,558,558
2026-06-24 13:31:16,可回收,D:\Garbage Classification\Garbage_Classification_Organized\dataset\可回收\可回收_0146.jpg,83.73,134.63,auto,roi_crop,350,65,558,558,558
2026-06-24 13:31:17,可回收,D:\Garbage Classification\Garbage_Classification_Organized\dataset\可回收\可回收_0147.jpg,93.04,137.18,auto,roi_crop,350,65,558,558,558
2026-06-24 13:31:17,可回收,D:\Garbage Classification\Garbage_Classification_Organized\dataset\可回收\可回收_0148.jpg,80.35,136.21,auto,roi_crop,350,65,558,558,558
2026-06-24 13:31:18,可回收,D:\Garbage Classification\Garbage_Classification_Organized\dataset\可回收\可回收_0149.jpg,47.09,131.88,auto,roi_crop,350,65,558,558,558
2026-06-24 13:31:18,可回收,D:\Garbage Classification\Garbage_Classification_Organized\dataset\可回收\可回收_0150.jpg,67.06,134.61,auto,roi_crop,350,65,558,558,558
2026-06-24 13:31:19,可回收,D:\Garbage Classification\Garbage_Classification_Organized\dataset\可回收\可回收_0151.jpg,66.66,135.19,auto,roi_crop,350,65,558,558,558
2026-06-24 13:31:19,可回收,D:\Garbage Classification\Garbage_Classification_Organized\dataset\可回收\可回收_0152.jpg,35.46,123.04,auto,roi_crop,350,65,558,558,558
2026-06-24 13:31:20,可回收,D:\Garbage Classification\Garbage_Classification_Organized\dataset\可回收\可回收_0153.jpg,78.46,134.71,auto,roi_crop,350,65,558,558,558
2026-06-24 13:31:20,可回收,D:\Garbage Classification\Garbage_Classification_Organized\dataset\可回收\可回收_0154.jpg,76.59,135.28,auto,roi_crop,350,65,558,558,558
2026-06-24 13:31:21,可回收,D:\Garbage Classification\Garbage_Classification_Organized\dataset\可回收\可回收_0155.jpg,84.49,127.44,auto,roi_crop,350,65,558,558,558
2026-06-24 13:31:22,可回收,D:\Garbage Classification\Garbage_Classification_Organized\dataset\可回收\可回收_0156.jpg,94.91,135.98,auto,roi_crop,350,65,558,558,558
2026-06-24 13:31:23,可回收,D:\Garbage Classification\Garbage_Classification_Organized\dataset\可回收\可回收_0157.jpg,95.78,135.13,auto,roi_crop,350,65,558,558,558
2026-06-24 13:31:23,可回收,D:\Garbage Classification\Garbage_Classification_Organized\dataset\可回收\可回收_0158.jpg,37.28,129.68,auto,roi_crop,350,65,558,558,558
2026-06-24 13:31:24,可回收,D:\Garbage Classification\Garbage_Classification_Organized\dataset\可回收\可回收_0159.jpg,92.93,133.53,auto,roi_crop,350,65,558,558,558
2026-06-24 13:31:24,可回收,D:\Garbage Classification\Garbage_Classification_Organized\dataset\可回收\可回收_0160.jpg,88.22,135.25,auto,roi_crop,350,65,558,558,558
2026-06-24 13:31:25,可回收,D:\Garbage Classification\Garbage_Classification_Organized\dataset\可回收\可回收_0161.jpg,31.09,129.51,auto,roi_crop,350,65,558,558,558
2026-06-24 13:31:25,可回收,D:\Garbage Classification\Garbage_Classification_Organized\dataset\可回收\可回收_0162.jpg,64.40,133.08,auto,roi_crop,350,65,558,558,558
2026-06-24 13:31:26,可回收,D:\Garbage Classification\Garbage_Classification_Organized\dataset\可回收\可回收_0163.jpg,85.92,141.08,auto,roi_crop,350,65,558,558,558
2026-06-24 13:31:26,可回收,D:\Garbage Classification\Garbage_Classification_Organized\dataset\可回收\可回收_0164.jpg,85.73,140.10,auto,roi_crop,350,65,558,558,558
2026-06-24 13:31:27,可回收,D:\Garbage Classification\Garbage_Classification_Organized\dataset\可回收\可回收_0165.jpg,73.47,132.02,auto,roi_crop,350,65,558,558,558
2026-06-24 13:31:27,可回收,D:\Garbage Classification\Garbage_Classification_Organized\dataset\可回收\可回收_0166.jpg,88.59,136.19,auto,roi_crop,350,65,558,558,558
2026-06-24 13:31:28,可回收,D:\Garbage Classification\Garbage_Classification_Organized\dataset\可回收\可回收_0167.jpg,86.85,139.02,auto,roi_crop,350,65,558,558,558
2026-06-24 13:31:28,可回收,D:\Garbage Classification\Garbage_Classification_Organized\dataset\可回收\可回收_0168.jpg,86.10,142.45,auto,roi_crop,350,65,558,558,558
2026-06-24 13:31:29,可回收,D:\Garbage Classification\Garbage_Classification_Organized\dataset\可回收\可回收_0169.jpg,84.23,141.13,auto,roi_crop,350,65,558,558,558
2026-06-24 13:31:30,可回收,D:\Garbage Classification\Garbage_Classification_Organized\dataset\可回收\可回收_0170.jpg,80.32,131.81,auto,roi_crop,350,65,558,558,558
2026-06-24 13:31:30,可回收,D:\Garbage Classification\Garbage_Classification_Organized\dataset\可回收\可回收_0171.jpg,82.48,138.33,auto,roi_crop,350,65,558,558,558
2026-06-24 13:31:31,可回收,D:\Garbage Classification\Garbage_Classification_Organized\dataset\可回收\可回收_0172.jpg,88.19,137.07,auto,roi_crop,350,65,558,558,558
2026-06-24 13:31:31,可回收,D:\Garbage Classification\Garbage_Classification_Organized\dataset\可回收\可回收_0173.jpg,81.54,131.91,auto,roi_crop,350,65,558,558,558
2026-06-24 13:31:32,可回收,D:\Garbage Classification\Garbage_Classification_Organized\dataset\可回收\可回收_0174.jpg,76.02,129.67,auto,roi_crop,350,65,558,558,558
2026-06-24 13:31:32,可回收,D:\Garbage Classification\Garbage_Classification_Organized\dataset\可回收\可回收_0175.jpg,98.44,137.80,auto,roi_crop,350,65,558,558,558
2026-06-24 13:31:33,可回收,D:\Garbage Classification\Garbage_Classification_Organized\dataset\可回收\可回收_0176.jpg,93.32,138.41,auto,roi_crop,350,65,558,558,558
2026-06-24 13:31:33,可回收,D:\Garbage Classification\Garbage_Classification_Organized\dataset\可回收\可回收_0177.jpg,92.15,138.87,auto,roi_crop,350,65,558,558,558
2026-06-24 13:31:34,可回收,D:\Garbage Classification\Garbage_Classification_Organized\dataset\可回收\可回收_0178.jpg,97.58,133.75,auto,roi_crop,350,65,558,558,558
2026-06-24 13:31:34,可回收,D:\Garbage Classification\Garbage_Classification_Organized\dataset\可回收\可回收_0179.jpg,75.30,132.22,auto,roi_crop,350,65,558,558,558
2026-06-24 13:31:35,可回收,D:\Garbage Classification\Garbage_Classification_Organized\dataset\可回收\可回收_0180.jpg,80.57,134.93,auto,roi_crop,350,65,558,558,558
2026-06-24 13:31:35,可回收,D:\Garbage Classification\Garbage_Classification_Organized\dataset\可回收\可回收_0181.jpg,77.79,133.29,auto,roi_crop,350,65,558,558,558
2026-06-24 13:31:36,可回收,D:\Garbage Classification\Garbage_Classification_Organized\dataset\可回收\可回收_0182.jpg,30.74,124.27,auto,roi_crop,350,65,558,558,558
2026-06-24 13:31:36,可回收,D:\Garbage Classification\Garbage_Classification_Organized\dataset\可回收\可回收_0183.jpg,40.72,133.92,auto,roi_crop,350,65,558,558,558
2026-06-24 13:31:37,可回收,D:\Garbage Classification\Garbage_Classification_Organized\dataset\可回收\可回收_0184.jpg,40.92,135.73,auto,roi_crop,350,65,558,558,558
2026-06-24 13:31:37,可回收,D:\Garbage Classification\Garbage_Classification_Organized\dataset\可回收\可回收_0185.jpg,39.14,136.69,auto,roi_crop,350,65,558,558,558
2026-06-24 13:31:38,可回收,D:\Garbage Classification\Garbage_Classification_Organized\dataset\可回收\可回收_0186.jpg,38.93,136.89,auto,roi_crop,350,65,558,558,558
2026-06-24 13:31:38,可回收,D:\Garbage Classification\Garbage_Classification_Organized\dataset\可回收\可回收_0187.jpg,31.56,130.98,auto,roi_crop,350,65,558,558,558
2026-06-24 13:31:39,可回收,D:\Garbage Classification\Garbage_Classification_Organized\dataset\可回收\可回收_0188.jpg,30.55,124.48,auto,roi_crop,350,65,558,558,558
2026-06-24 13:31:40,可回收,D:\Garbage Classification\Garbage_Classification_Organized\dataset\可回收\可回收_0189.jpg,84.79,136.25,auto,roi_crop,350,65,558,558,558
2026-06-24 13:31:40,可回收,D:\Garbage Classification\Garbage_Classification_Organized\dataset\可回收\可回收_0190.jpg,91.10,136.54,auto,roi_crop,350,65,558,558,558
2026-06-24 13:31:41,可回收,D:\Garbage Classification\Garbage_Classification_Organized\dataset\可回收\可回收_0191.jpg,60.46,132.40,auto,roi_crop,350,65,558,558,558
2026-06-24 13:31:41,可回收,D:\Garbage Classification\Garbage_Classification_Organized\dataset\可回收\可回收_0192.jpg,78.85,137.64,auto,roi_crop,350,65,558,558,558
2026-06-24 13:31:42,可回收,D:\Garbage Classification\Garbage_Classification_Organized\dataset\可回收\可回收_0193.jpg,62.91,127.36,auto,roi_crop,350,65,558,558,558
2026-06-24 13:31:42,可回收,D:\Garbage Classification\Garbage_Classification_Organized\dataset\可回收\可回收_0194.jpg,52.63,130.54,auto,roi_crop,350,65,558,558,558
2026-06-24 13:31:43,可回收,D:\Garbage Classification\Garbage_Classification_Organized\dataset\可回收\可回收_0195.jpg,64.83,136.47,auto,roi_crop,350,65,558,558,558
2026-06-24 13:31:43,可回收,D:\Garbage Classification\Garbage_Classification_Organized\dataset\可回收\可回收_0196.jpg,83.83,137.59,auto,roi_crop,350,65,558,558,558
2026-06-24 13:31:44,可回收,D:\Garbage Classification\Garbage_Classification_Organized\dataset\可回收\可回收_0197.jpg,62.00,130.34,auto,roi_crop,350,65,558,558,558
2026-06-24 13:31:44,可回收,D:\Garbage Classification\Garbage_Classification_Organized\dataset\可回收\可回收_0198.jpg,75.51,130.93,auto,roi_crop,350,65,558,558,558
2026-06-24 13:31:45,可回收,D:\Garbage Classification\Garbage_Classification_Organized\dataset\可回收\可回收_0199.jpg,80.95,129.02,auto,roi_crop,350,65,558,558,558
2026-06-24 13:31:45,可回收,D:\Garbage Classification\Garbage_Classification_Organized\dataset\可回收\可回收_0200.jpg,78.49,134.53,auto,roi_crop,350,65,558,558,558
2026-06-24 13:31:46,可回收,D:\Garbage Classification\Garbage_Classification_Organized\dataset\可回收\可回收_0201.jpg,92.87,140.80,auto,roi_crop,350,65,558,558,558
2026-06-24 13:31:47,可回收,D:\Garbage Classification\Garbage_Classification_Organized\dataset\可回收\可回收_0202.jpg,94.92,141.33,auto,roi_crop,350,65,558,558,558
2026-06-24 13:31:47,可回收,D:\Garbage Classification\Garbage_Classification_Organized\dataset\可回收\可回收_0203.jpg,94.24,137.86,auto,roi_crop,350,65,558,558,558
2026-06-24 13:31:48,可回收,D:\Garbage Classification\Garbage_Classification_Organized\dataset\可回收\可回收_0204.jpg,95.58,132.36,auto,roi_crop,350,65,558,558,558
2026-06-24 13:31:48,可回收,D:\Garbage Classification\Garbage_Classification_Organized\dataset\可回收\可回收_0205.jpg,87.76,136.14,auto,roi_crop,350,65,558,558,558
2026-06-24 13:31:49,可回收,D:\Garbage Classification\Garbage_Classification_Organized\dataset\可回收\可回收_0206.jpg,81.55,138.79,auto,roi_crop,350,65,558,558,558
2026-06-24 13:31:49,可回收,D:\Garbage Classification\Garbage_Classification_Organized\dataset\可回收\可回收_0207.jpg,81.08,139.04,auto,roi_crop,350,65,558,558,558
2026-06-24 13:31:50,可回收,D:\Garbage Classification\Garbage_Classification_Organized\dataset\可回收\可回收_0208.jpg,86.47,137.63,auto,roi_crop,350,65,558,558,558
2026-06-24 13:31:50,可回收,D:\Garbage Classification\Garbage_Classification_Organized\dataset\可回收\可回收_0209.jpg,32.88,130.93,auto,roi_crop,350,65,558,558,558
2026-06-24 13:31:51,可回收,D:\Garbage Classification\Garbage_Classification_Organized\dataset\可回收\可回收_0210.jpg,37.63,134.01,auto,roi_crop,350,65,558,558,558
2026-06-24 13:31:51,可回收,D:\Garbage Classification\Garbage_Classification_Organized\dataset\可回收\可回收_0211.jpg,36.21,131.70,auto,roi_crop,350,65,558,558,558
2026-06-24 13:31:52,可回收,D:\Garbage Classification\Garbage_Classification_Organized\dataset\可回收\可回收_0212.jpg,33.69,124.85,auto,roi_crop,350,65,558,558,558
2026-06-24 13:31:53,可回收,D:\Garbage Classification\Garbage_Classification_Organized\dataset\可回收\可回收_0213.jpg,80.98,140.59,auto,roi_crop,350,65,558,558,558
2026-06-24 13:31:53,可回收,D:\Garbage Classification\Garbage_Classification_Organized\dataset\可回收\可回收_0214.jpg,60.91,140.18,auto,roi_crop,350,65,558,558,558
2026-06-24 13:31:54,可回收,D:\Garbage Classification\Garbage_Classification_Organized\dataset\可回收\可回收_0215.jpg,31.78,135.53,auto,roi_crop,350,65,558,558,558
2026-06-24 13:31:54,可回收,D:\Garbage Classification\Garbage_Classification_Organized\dataset\可回收\可回收_0216.jpg,80.75,141.73,auto,roi_crop,350,65,558,558,558
2026-06-24 13:31:55,可回收,D:\Garbage Classification\Garbage_Classification_Organized\dataset\可回收\可回收_0217.jpg,49.79,131.01,auto,roi_crop,350,65,558,558,558
2026-06-24 13:31:55,可回收,D:\Garbage Classification\Garbage_Classification_Organized\dataset\可回收\可回收_0218.jpg,76.88,135.57,auto,roi_crop,350,65,558,558,558
2026-06-24 13:31:56,可回收,D:\Garbage Classification\Garbage_Classification_Organized\dataset\可回收\可回收_0219.jpg,76.19,141.18,auto,roi_crop,350,65,558,558,558
2026-06-24 13:31:56,可回收,D:\Garbage Classification\Garbage_Classification_Organized\dataset\可回收\可回收_0220.jpg,70.84,133.46,auto,roi_crop,350,65,558,558,558
2026-06-24 13:31:57,可回收,D:\Garbage Classification\Garbage_Classification_Organized\dataset\可回收\可回收_0221.jpg,74.49,141.55,auto,roi_crop,350,65,558,558,558
2026-06-24 13:31:58,可回收,D:\Garbage Classification\Garbage_Classification_Organized\dataset\可回收\可回收_0222.jpg,77.08,141.63,auto,roi_crop,350,65,558,558,558
2026-06-24 13:31:58,可回收,D:\Garbage Classification\Garbage_Classification_Organized\dataset\可回收\可回收_0223.jpg,66.95,135.78,auto,roi_crop,350,65,558,558,558
2026-06-24 13:31:59,可回收,D:\Garbage Classification\Garbage_Classification_Organized\dataset\可回收\可回收_0224.jpg,73.70,133.09,auto,roi_crop,350,65,558,558,558
2026-06-24 13:31:59,可回收,D:\Garbage Classification\Garbage_Classification_Organized\dataset\可回收\可回收_0225.jpg,71.47,136.80,auto,roi_crop,350,65,558,558,558
2026-06-24 13:32:00,可回收,D:\Garbage Classification\Garbage_Classification_Organized\dataset\可回收\可回收_0226.jpg,72.00,128.75,auto,roi_crop,350,65,558,558,558
2026-06-24 13:32:00,可回收,D:\Garbage Classification\Garbage_Classification_Organized\dataset\可回收\可回收_0227.jpg,73.67,136.18,auto,roi_crop,350,65,558,558,558
2026-06-24 13:32:01,可回收,D:\Garbage Classification\Garbage_Classification_Organized\dataset\可回收\可回收_0228.jpg,82.47,136.16,auto,roi_crop,350,65,558,558,558
2026-06-24 13:32:01,可回收,D:\Garbage Classification\Garbage_Classification_Organized\dataset\可回收\可回收_0229.jpg,68.50,132.68,auto,roi_crop,350,65,558,558,558
2026-06-24 13:32:02,可回收,D:\Garbage Classification\Garbage_Classification_Organized\dataset\可回收\可回收_0230.jpg,71.75,133.71,auto,roi_crop,350,65,558,558,558
2026-06-24 13:32:02,可回收,D:\Garbage Classification\Garbage_Classification_Organized\dataset\可回收\可回收_0231.jpg,76.46,134.14,auto,roi_crop,350,65,558,558,558
2026-06-24 13:32:03,可回收,D:\Garbage Classification\Garbage_Classification_Organized\dataset\可回收\可回收_0232.jpg,30.55,131.62,auto,roi_crop,350,65,558,558,558
2026-06-24 13:32:04,可回收,D:\Garbage Classification\Garbage_Classification_Organized\dataset\可回收\可回收_0233.jpg,43.52,132.49,auto,roi_crop,350,65,558,558,558
2026-06-24 13:32:04,可回收,D:\Garbage Classification\Garbage_Classification_Organized\dataset\可回收\可回收_0234.jpg,68.11,126.27,auto,roi_crop,350,65,558,558,558
2026-06-24 13:32:05,可回收,D:\Garbage Classification\Garbage_Classification_Organized\dataset\可回收\可回收_0235.jpg,80.31,135.36,auto,roi_crop,350,65,558,558,558
2026-06-24 13:32:06,可回收,D:\Garbage Classification\Garbage_Classification_Organized\dataset\可回收\可回收_0236.jpg,46.74,132.85,auto,roi_crop,350,65,558,558,558
2026-06-24 13:32:06,可回收,D:\Garbage Classification\Garbage_Classification_Organized\dataset\可回收\可回收_0237.jpg,77.08,141.27,auto,roi_crop,350,65,558,558,558
2026-06-24 13:32:07,可回收,D:\Garbage Classification\Garbage_Classification_Organized\dataset\可回收\可回收_0238.jpg,71.12,135.58,auto,roi_crop,350,65,558,558,558
2026-06-24 13:32:07,可回收,D:\Garbage Classification\Garbage_Classification_Organized\dataset\可回收\可回收_0239.jpg,71.24,135.03,auto,roi_crop,350,65,558,558,558
2026-06-24 13:32:08,可回收,D:\Garbage Classification\Garbage_Classification_Organized\dataset\可回收\可回收_0240.jpg,66.41,140.51,auto,roi_crop,350,65,558,558,558
2026-06-24 13:32:08,可回收,D:\Garbage Classification\Garbage_Classification_Organized\dataset\可回收\可回收_0241.jpg,77.81,133.77,auto,roi_crop,350,65,558,558,558
2026-06-24 13:32:09,可回收,D:\Garbage Classification\Garbage_Classification_Organized\dataset\可回收\可回收_0242.jpg,75.50,135.13,auto,roi_crop,350,65,558,558,558
2026-06-24 13:32:09,可回收,D:\Garbage Classification\Garbage_Classification_Organized\dataset\可回收\可回收_0243.jpg,62.23,142.05,auto,roi_crop,350,65,558,558,558
2026-06-24 13:32:10,可回收,D:\Garbage Classification\Garbage_Classification_Organized\dataset\可回收\可回收_0244.jpg,73.07,131.78,auto,roi_crop,350,65,558,558,558
2026-06-24 13:32:10,可回收,D:\Garbage Classification\Garbage_Classification_Organized\dataset\可回收\可回收_0245.jpg,74.83,135.68,auto,roi_crop,350,65,558,558,558
2026-06-24 13:32:11,可回收,D:\Garbage Classification\Garbage_Classification_Organized\dataset\可回收\可回收_0246.jpg,74.91,135.72,auto,roi_crop,350,65,558,558,558
2026-06-24 13:32:11,可回收,D:\Garbage Classification\Garbage_Classification_Organized\dataset\可回收\可回收_0247.jpg,77.55,135.64,auto,roi_crop,350,65,558,558,558
2026-06-24 13:32:12,可回收,D:\Garbage Classification\Garbage_Classification_Organized\dataset\可回收\可回收_0248.jpg,73.92,135.14,auto,roi_crop,350,65,558,558,558
2026-06-24 13:32:13,可回收,D:\Garbage Classification\Garbage_Classification_Organized\dataset\可回收\可回收_0249.jpg,73.09,145.55,auto,roi_crop,350,65,558,558,558
2026-06-24 13:32:13,可回收,D:\Garbage Classification\Garbage_Classification_Organized\dataset\可回收\可回收_0250.jpg,76.63,142.87,auto,roi_crop,350,65,558,558,558
2026-06-24 13:32:14,可回收,D:\Garbage Classification\Garbage_Classification_Organized\dataset\可回收\可回收_0251.jpg,75.20,130.60,auto,roi_crop,350,65,558,558,558
2026-06-24 13:32:14,可回收,D:\Garbage Classification\Garbage_Classification_Organized\dataset\可回收\可回收_0252.jpg,69.61,138.80,auto,roi_crop,350,65,558,558,558
2026-06-24 13:32:15,可回收,D:\Garbage Classification\Garbage_Classification_Organized\dataset\可回收\可回收_0253.jpg,81.48,137.08,auto,roi_crop,350,65,558,558,558
2026-06-24 13:32:15,可回收,D:\Garbage Classification\Garbage_Classification_Organized\dataset\可回收\可回收_0254.jpg,80.94,129.21,auto,roi_crop,350,65,558,558,558
2026-06-24 13:32:16,可回收,D:\Garbage Classification\Garbage_Classification_Organized\dataset\可回收\可回收_0255.jpg,71.59,136.42,auto,roi_crop,350,65,558,558,558
2026-06-24 13:32:16,可回收,D:\Garbage Classification\Garbage_Classification_Organized\dataset\可回收\可回收_0256.jpg,83.19,135.75,auto,roi_crop,350,65,558,558,558
2026-06-24 13:32:17,可回收,D:\Garbage Classification\Garbage_Classification_Organized\dataset\可回收\可回收_0257.jpg,78.83,134.88,auto,roi_crop,350,65,558,558,558
2026-06-24 13:32:17,可回收,D:\Garbage Classification\Garbage_Classification_Organized\dataset\可回收\可回收_0258.jpg,47.32,132.03,auto,roi_crop,350,65,558,558,558
2026-06-24 13:32:18,可回收,D:\Garbage Classification\Garbage_Classification_Organized\dataset\可回收\可回收_0259.jpg,46.66,132.41,auto,roi_crop,350,65,558,558,558
2026-06-24 13:32:18,可回收,D:\Garbage Classification\Garbage_Classification_Organized\dataset\可回收\可回收_0260.jpg,39.19,130.99,auto,roi_crop,350,65,558,558,558
2026-06-24 13:32:19,可回收,D:\Garbage Classification\Garbage_Classification_Organized\dataset\可回收\可回收_0261.jpg,40.81,125.67,auto,roi_crop,350,65,558,558,558
2026-06-24 13:32:20,可回收,D:\Garbage Classification\Garbage_Classification_Organized\dataset\可回收\可回收_0262.jpg,83.49,134.68,auto,roi_crop,350,65,558,558,558
2026-06-24 13:32:20,可回收,D:\Garbage Classification\Garbage_Classification_Organized\dataset\可回收\可回收_0263.jpg,85.58,134.53,auto,roi_crop,350,65,558,558,558
2026-06-24 13:32:21,可回收,D:\Garbage Classification\Garbage_Classification_Organized\dataset\可回收\可回收_0264.jpg,41.51,127.67,auto,roi_crop,350,65,558,558,558
2026-06-24 13:32:21,可回收,D:\Garbage Classification\Garbage_Classification_Organized\dataset\可回收\可回收_0265.jpg,74.28,136.41,auto,roi_crop,350,65,558,558,558
2026-06-24 13:32:22,可回收,D:\Garbage Classification\Garbage_Classification_Organized\dataset\可回收\可回收_0266.jpg,31.25,130.31,auto,roi_crop,350,65,558,558,558
2026-06-24 13:32:22,可回收,D:\Garbage Classification\Garbage_Classification_Organized\dataset\可回收\可回收_0267.jpg,72.23,137.06,auto,roi_crop,350,65,558,558,558
2026-06-24 13:32:23,可回收,D:\Garbage Classification\Garbage_Classification_Organized\dataset\可回收\可回收_0268.jpg,75.98,138.25,auto,roi_crop,350,65,558,558,558
2026-06-24 13:32:23,可回收,D:\Garbage Classification\Garbage_Classification_Organized\dataset\可回收\可回收_0269.jpg,74.45,130.75,auto,roi_crop,350,65,558,558,558
2026-06-24 13:32:24,可回收,D:\Garbage Classification\Garbage_Classification_Organized\dataset\可回收\可回收_0270.jpg,63.63,138.42,auto,roi_crop,350,65,558,558,558
2026-06-24 13:32:24,可回收,D:\Garbage Classification\Garbage_Classification_Organized\dataset\可回收\可回收_0271.jpg,80.07,134.95,auto,roi_crop,350,65,558,558,558
2026-06-24 13:32:25,可回收,D:\Garbage Classification\Garbage_Classification_Organized\dataset\可回收\可回收_0272.jpg,75.69,129.99,auto,roi_crop,350,65,558,558,558
2026-06-24 13:32:25,可回收,D:\Garbage Classification\Garbage_Classification_Organized\dataset\可回收\可回收_0273.jpg,89.64,139.96,auto,roi_crop,350,65,558,558,558
2026-06-24 13:32:26,可回收,D:\Garbage Classification\Garbage_Classification_Organized\dataset\可回收\可回收_0274.jpg,88.02,138.24,auto,roi_crop,350,65,558,558,558
2026-06-24 13:32:26,可回收,D:\Garbage Classification\Garbage_Classification_Organized\dataset\可回收\可回收_0275.jpg,62.97,127.52,auto,roi_crop,350,65,558,558,558
2026-06-24 13:32:27,可回收,D:\Garbage Classification\Garbage_Classification_Organized\dataset\可回收\可回收_0276.jpg,74.09,139.23,auto,roi_crop,350,65,558,558,558
2026-06-24 13:32:28,可回收,D:\Garbage Classification\Garbage_Classification_Organized\dataset\可回收\可回收_0277.jpg,84.27,135.39,auto,roi_crop,350,65,558,558,558
2026-06-24 13:32:28,可回收,D:\Garbage Classification\Garbage_Classification_Organized\dataset\可回收\可回收_0278.jpg,53.85,123.02,auto,roi_crop,350,65,558,558,558
2026-06-24 13:32:29,可回收,D:\Garbage Classification\Garbage_Classification_Organized\dataset\可回收\可回收_0279.jpg,64.47,132.43,auto,roi_crop,350,65,558,558,558
2026-06-24 13:32:29,可回收,D:\Garbage Classification\Garbage_Classification_Organized\dataset\可回收\可回收_0280.jpg,70.47,126.65,auto,roi_crop,350,65,558,558,558
2026-06-24 13:32:30,可回收,D:\Garbage Classification\Garbage_Classification_Organized\dataset\可回收\可回收_0281.jpg,90.47,136.11,auto,roi_crop,350,65,558,558,558
2026-06-24 13:32:30,可回收,D:\Garbage Classification\Garbage_Classification_Organized\dataset\可回收\可回收_0282.jpg,90.92,138.25,auto,roi_crop,350,65,558,558,558
2026-06-24 13:32:31,可回收,D:\Garbage Classification\Garbage_Classification_Organized\dataset\可回收\可回收_0283.jpg,31.08,132.53,auto,roi_crop,350,65,558,558,558
2026-06-24 13:32:31,可回收,D:\Garbage Classification\Garbage_Classification_Organized\dataset\可回收\可回收_0284.jpg,88.12,147.25,auto,roi_crop,350,65,558,558,558
2026-06-24 13:32:32,可回收,D:\Garbage Classification\Garbage_Classification_Organized\dataset\可回收\可回收_0285.jpg,85.04,141.15,auto,roi_crop,350,65,558,558,558
2026-06-24 13:32:32,可回收,D:\Garbage Classification\Garbage_Classification_Organized\dataset\可回收\可回收_0286.jpg,69.40,141.58,auto,roi_crop,350,65,558,558,558
2026-06-24 13:32:33,可回收,D:\Garbage Classification\Garbage_Classification_Organized\dataset\可回收\可回收_0287.jpg,78.23,140.93,auto,roi_crop,350,65,558,558,558
2026-06-24 13:32:33,可回收,D:\Garbage Classification\Garbage_Classification_Organized\dataset\可回收\可回收_0288.jpg,65.02,129.58,auto,roi_crop,350,65,558,558,558
2026-06-24 13:32:34,可回收,D:\Garbage Classification\Garbage_Classification_Organized\dataset\可回收\可回收_0289.jpg,67.90,126.69,auto,roi_crop,350,65,558,558,558
2026-06-24 13:32:34,可回收,D:\Garbage Classification\Garbage_Classification_Organized\dataset\可回收\可回收_0290.jpg,70.03,130.69,auto,roi_crop,350,65,558,558,558
2026-06-24 13:32:35,可回收,D:\Garbage Classification\Garbage_Classification_Organized\dataset\可回收\可回收_0291.jpg,68.77,131.27,auto,roi_crop,350,65,558,558,558
2026-06-24 13:32:35,可回收,D:\Garbage Classification\Garbage_Classification_Organized\dataset\可回收\可回收_0292.jpg,70.12,131.33,auto,roi_crop,350,65,558,558,558
2026-06-24 13:32:36,可回收,D:\Garbage Classification\Garbage_Classification_Organized\dataset\可回收\可回收_0293.jpg,69.08,130.92,auto,roi_crop,350,65,558,558,558
2026-06-24 13:32:36,可回收,D:\Garbage Classification\Garbage_Classification_Organized\dataset\可回收\可回收_0294.jpg,68.44,130.55,auto,roi_crop,350,65,558,558,558
2026-06-24 13:32:37,可回收,D:\Garbage Classification\Garbage_Classification_Organized\dataset\可回收\可回收_0295.jpg,67.60,128.28,auto,roi_crop,350,65,558,558,558
2026-06-24 13:32:38,可回收,D:\Garbage Classification\Garbage_Classification_Organized\dataset\可回收\可回收_0296.jpg,73.55,138.60,auto,roi_crop,350,65,558,558,558
2026-06-24 13:32:38,可回收,D:\Garbage Classification\Garbage_Classification_Organized\dataset\可回收\可回收_0297.jpg,85.17,137.06,auto,roi_crop,350,65,558,558,558
2026-06-24 13:32:39,可回收,D:\Garbage Classification\Garbage_Classification_Organized\dataset\可回收\可回收_0298.jpg,59.40,127.59,auto,roi_crop,350,65,558,558,558
2026-06-24 13:32:39,可回收,D:\Garbage Classification\Garbage_Classification_Organized\dataset\可回收\可回收_0299.jpg,78.51,134.70,auto,roi_crop,350,65,558,558,558
2026-06-24 13:32:40,可回收,D:\Garbage Classification\Garbage_Classification_Organized\dataset\可回收\可回收_0300.jpg,80.54,133.96,auto,roi_crop,350,65,558,558,558
2026-06-24 13:32:40,可回收,D:\Garbage Classification\Garbage_Classification_Organized\dataset\可回收\可回收_0301.jpg,41.22,131.27,auto,roi_crop,350,65,558,558,558
2026-06-24 13:32:41,可回收,D:\Garbage Classification\Garbage_Classification_Organized\dataset\可回收\可回收_0302.jpg,40.94,131.80,auto,roi_crop,350,65,558,558,558
2026-06-24 13:32:41,可回收,D:\Garbage Classification\Garbage_Classification_Organized\dataset\可回收\可回收_0303.jpg,38.32,129.60,auto,roi_crop,350,65,558,558,558
2026-06-24 13:32:42,可回收,D:\Garbage Classification\Garbage_Classification_Organized\dataset\可回收\可回收_0304.jpg,42.13,123.14,auto,roi_crop,350,65,558,558,558
2026-06-24 13:32:42,可回收,D:\Garbage Classification\Garbage_Classification_Organized\dataset\可回收\可回收_0305.jpg,88.26,134.85,auto,roi_crop,350,65,558,558,558
2026-06-24 13:32:43,可回收,D:\Garbage Classification\Garbage_Classification_Organized\dataset\可回收\可回收_0306.jpg,38.12,123.57,auto,roi_crop,350,65,558,558,558
2026-06-24 13:32:43,可回收,D:\Garbage Classification\Garbage_Classification_Organized\dataset\可回收\可回收_0307.jpg,80.23,132.55,auto,roi_crop,350,65,558,558,558
2026-06-24 13:32:44,可回收,D:\Garbage Classification\Garbage_Classification_Organized\dataset\可回收\可回收_0308.jpg,81.67,136.73,auto,roi_crop,350,65,558,558,558
2026-06-24 13:32:45,可回收,D:\Garbage Classification\Garbage_Classification_Organized\dataset\可回收\可回收_0309.jpg,45.51,130.45,auto,roi_crop,350,65,558,558,558
2026-06-24 13:32:45,可回收,D:\Garbage Classification\Garbage_Classification_Organized\dataset\可回收\可回收_0310.jpg,79.14,139.73,auto,roi_crop,350,65,558,558,558
2026-06-24 13:32:46,可回收,D:\Garbage Classification\Garbage_Classification_Organized\dataset\可回收\可回收_0311.jpg,76.64,140.50,auto,roi_crop,350,65,558,558,558
2026-06-24 13:32:46,可回收,D:\Garbage Classification\Garbage_Classification_Organized\dataset\可回收\可回收_0312.jpg,67.08,130.27,auto,roi_crop,350,65,558,558,558
2026-06-24 13:32:47,可回收,D:\Garbage Classification\Garbage_Classification_Organized\dataset\可回收\可回收_0313.jpg,71.67,138.48,auto,roi_crop,350,65,558,558,558
2026-06-24 13:32:47,可回收,D:\Garbage Classification\Garbage_Classification_Organized\dataset\可回收\可回收_0314.jpg,71.08,136.26,auto,roi_crop,350,65,558,558,558
2026-06-24 13:32:48,可回收,D:\Garbage Classification\Garbage_Classification_Organized\dataset\可回收\可回收_0315.jpg,67.35,133.58,auto,roi_crop,350,65,558,558,558
2026-06-24 13:32:48,可回收,D:\Garbage Classification\Garbage_Classification_Organized\dataset\可回收\可回收_0316.jpg,79.53,138.44,auto,roi_crop,350,65,558,558,558
2026-06-24 13:32:49,可回收,D:\Garbage Classification\Garbage_Classification_Organized\dataset\可回收\可回收_0317.jpg,79.21,135.94,auto,roi_crop,350,65,558,558,558
2026-06-24 13:32:49,可回收,D:\Garbage Classification\Garbage_Classification_Organized\dataset\可回收\可回收_0318.jpg,52.70,128.10,auto,roi_crop,350,65,558,558,558
2026-06-24 13:32:50,可回收,D:\Garbage Classification\Garbage_Classification_Organized\dataset\可回收\可回收_0319.jpg,75.14,132.63,auto,roi_crop,350,65,558,558,558
2026-06-24 13:32:50,可回收,D:\Garbage Classification\Garbage_Classification_Organized\dataset\可回收\可回收_0320.jpg,75.46,130.18,auto,roi_crop,350,65,558,558,558
2026-06-24 13:32:51,可回收,D:\Garbage Classification\Garbage_Classification_Organized\dataset\可回收\可回收_0321.jpg,32.55,128.07,auto,roi_crop,350,65,558,558,558
2026-06-24 13:32:52,可回收,D:\Garbage Classification\Garbage_Classification_Organized\dataset\可回收\可回收_0322.jpg,30.81,127.80,auto,roi_crop,350,65,558,558,558
2026-06-24 13:32:52,可回收,D:\Garbage Classification\Garbage_Classification_Organized\dataset\可回收\可回收_0323.jpg,35.27,124.52,auto,roi_crop,350,65,558,558,558
2026-06-24 13:32:53,可回收,D:\Garbage Classification\Garbage_Classification_Organized\dataset\可回收\可回收_0324.jpg,85.13,134.91,auto,roi_crop,350,65,558,558,558
2026-06-24 13:32:53,可回收,D:\Garbage Classification\Garbage_Classification_Organized\dataset\可回收\可回收_0325.jpg,79.27,129.99,auto,roi_crop,350,65,558,558,558
2026-06-24 13:32:54,可回收,D:\Garbage Classification\Garbage_Classification_Organized\dataset\可回收\可回收_0326.jpg,52.30,131.58,auto,roi_crop,350,65,558,558,558
2026-06-24 13:32:54,可回收,D:\Garbage Classification\Garbage_Classification_Organized\dataset\可回收\可回收_0327.jpg,74.21,137.77,auto,roi_crop,350,65,558,558,558
2026-06-24 13:32:55,可回收,D:\Garbage Classification\Garbage_Classification_Organized\dataset\可回收\可回收_0328.jpg,89.11,137.22,auto,roi_crop,350,65,558,558,558
2026-06-24 13:32:55,可回收,D:\Garbage Classification\Garbage_Classification_Organized\dataset\可回收\可回收_0329.jpg,60.46,134.85,auto,roi_crop,350,65,558,558,558
2026-06-24 13:32:56,可回收,D:\Garbage Classification\Garbage_Classification_Organized\dataset\可回收\可回收_0330.jpg,75.37,140.13,auto,roi_crop,350,65,558,558,558
2026-06-24 13:32:56,可回收,D:\Garbage Classification\Garbage_Classification_Organized\dataset\可回收\可回收_0331.jpg,71.71,141.43,auto,roi_crop,350,65,558,558,558
2026-06-24 13:32:57,可回收,D:\Garbage Classification\Garbage_Classification_Organized\dataset\可回收\可回收_0332.jpg,66.45,133.39,auto,roi_crop,350,65,558,558,558
2026-06-24 13:32:57,可回收,D:\Garbage Classification\Garbage_Classification_Organized\dataset\可回收\可回收_0333.jpg,79.27,136.54,auto,roi_crop,350,65,558,558,558
2026-06-24 13:32:58,可回收,D:\Garbage Classification\Garbage_Classification_Organized\dataset\可回收\可回收_0334.jpg,81.75,135.15,auto,roi_crop,350,65,558,558,558
2026-06-24 13:32:58,可回收,D:\Garbage Classification\Garbage_Classification_Organized\dataset\可回收\可回收_0335.jpg,55.46,133.70,auto,roi_crop,350,65,558,558,558
2026-06-24 13:32:59,可回收,D:\Garbage Classification\Garbage_Classification_Organized\dataset\可回收\可回收_0336.jpg,42.51,130.75,auto,roi_crop,350,65,558,558,558
2026-06-24 13:33:00,可回收,D:\Garbage Classification\Garbage_Classification_Organized\dataset\可回收\可回收_0337.jpg,45.23,132.17,auto,roi_crop,350,65,558,558,558
2026-06-24 13:33:00,可回收,D:\Garbage Classification\Garbage_Classification_Organized\dataset\可回收\可回收_0338.jpg,33.42,128.28,auto,roi_crop,350,65,558,558,558
2026-06-24 13:33:01,可回收,D:\Garbage Classification\Garbage_Classification_Organized\dataset\可回收\可回收_0339.jpg,79.48,135.38,auto,roi_crop,350,65,558,558,558
2026-06-24 13:33:01,可回收,D:\Garbage Classification\Garbage_Classification_Organized\dataset\可回收\可回收_0340.jpg,80.46,136.37,auto,roi_crop,350,65,558,558,558
2026-06-24 13:33:02,可回收,D:\Garbage Classification\Garbage_Classification_Organized\dataset\可回收\可回收_0341.jpg,41.43,130.92,auto,roi_crop,350,65,558,558,558
2026-06-24 13:33:02,可回收,D:\Garbage Classification\Garbage_Classification_Organized\dataset\可回收\可回收_0342.jpg,74.43,138.14,auto,roi_crop,350,65,558,558,558
2026-06-24 13:33:03,可回收,D:\Garbage Classification\Garbage_Classification_Organized\dataset\可回收\可回收_0343.jpg,76.79,138.92,auto,roi_crop,350,65,558,558,558
2026-06-24 13:33:03,可回收,D:\Garbage Classification\Garbage_Classification_Organized\dataset\可回收\可回收_0344.jpg,59.47,135.07,auto,roi_crop,350,65,558,558,558
2026-06-24 13:33:04,可回收,D:\Garbage Classification\Garbage_Classification_Organized\dataset\可回收\可回收_0345.jpg,73.19,139.90,auto,roi_crop,350,65,558,558,558
2026-06-24 13:33:04,可回收,D:\Garbage Classification\Garbage_Classification_Organized\dataset\可回收\可回收_0346.jpg,72.25,139.17,auto,roi_crop,350,65,558,558,558
2026-06-24 13:33:05,可回收,D:\Garbage Classification\Garbage_Classification_Organized\dataset\可回收\可回收_0347.jpg,69.75,133.88,auto,roi_crop,350,65,558,558,558
2026-06-24 13:33:05,可回收,D:\Garbage Classification\Garbage_Classification_Organized\dataset\可回收\可回收_0348.jpg,63.68,135.23,auto,roi_crop,350,65,558,558,558
2026-06-24 13:33:06,可回收,D:\Garbage Classification\Garbage_Classification_Organized\dataset\可回收\可回收_0349.jpg,81.84,137.72,auto,roi_crop,350,65,558,558,558
2026-06-24 13:33:06,可回收,D:\Garbage Classification\Garbage_Classification_Organized\dataset\可回收\可回收_0350.jpg,74.45,135.77,auto,roi_crop,350,65,558,558,558
2026-06-24 13:33:07,可回收,D:\Garbage Classification\Garbage_Classification_Organized\dataset\可回收\可回收_0351.jpg,52.25,125.99,auto,roi_crop,350,65,558,558,558
2026-06-24 13:33:07,可回收,D:\Garbage Classification\Garbage_Classification_Organized\dataset\可回收\可回收_0352.jpg,59.48,140.06,auto,roi_crop,350,65,558,558,558
2026-06-24 13:33:08,可回收,D:\Garbage Classification\Garbage_Classification_Organized\dataset\可回收\可回收_0353.jpg,86.26,135.93,auto,roi_crop,350,65,558,558,558
2026-06-24 13:33:08,可回收,D:\Garbage Classification\Garbage_Classification_Organized\dataset\可回收\可回收_0354.jpg,65.61,123.14,auto,roi_crop,350,65,558,558,558
2026-06-24 13:33:09,可回收,D:\Garbage Classification\Garbage_Classification_Organized\dataset\可回收\可回收_0355.jpg,64.43,128.46,auto,roi_crop,350,65,558,558,558
2026-06-24 13:33:09,可回收,D:\Garbage Classification\Garbage_Classification_Organized\dataset\可回收\可回收_0356.jpg,62.95,127.97,auto,roi_crop,350,65,558,558,558
2026-06-24 13:33:10,可回收,D:\Garbage Classification\Garbage_Classification_Organized\dataset\可回收\可回收_0357.jpg,62.62,127.44,auto,roi_crop,350,65,558,558,558
2026-06-24 13:33:10,可回收,D:\Garbage Classification\Garbage_Classification_Organized\dataset\可回收\可回收_0358.jpg,63.16,125.78,auto,roi_crop,350,65,558,558,558
2026-06-24 13:33:11,可回收,D:\Garbage Classification\Garbage_Classification_Organized\dataset\可回收\可回收_0359.jpg,66.57,125.61,auto,roi_crop,350,65,558,558,558
2026-06-24 13:33:12,可回收,D:\Garbage Classification\Garbage_Classification_Organized\dataset\可回收\可回收_0360.jpg,65.37,121.81,auto,roi_crop,350,65,558,558,558
2026-06-24 13:33:12,可回收,D:\Garbage Classification\Garbage_Classification_Organized\dataset\可回收\可回收_0361.jpg,65.79,132.00,auto,roi_crop,350,65,558,558,558
2026-06-24 13:33:13,可回收,D:\Garbage Classification\Garbage_Classification_Organized\dataset\可回收\可回收_0362.jpg,71.69,132.83,auto,roi_crop,350,65,558,558,558
2026-06-24 13:33:13,可回收,D:\Garbage Classification\Garbage_Classification_Organized\dataset\可回收\可回收_0363.jpg,71.63,132.95,auto,roi_crop,350,65,558,558,558
2026-06-24 13:33:14,可回收,D:\Garbage Classification\Garbage_Classification_Organized\dataset\可回收\可回收_0364.jpg,76.67,128.54,auto,roi_crop,350,65,558,558,558
2026-06-24 13:33:14,可回收,D:\Garbage Classification\Garbage_Classification_Organized\dataset\可回收\可回收_0365.jpg,36.88,127.46,auto,roi_crop,350,65,558,558,558
2026-06-24 13:33:15,可回收,D:\Garbage Classification\Garbage_Classification_Organized\dataset\可回收\可回收_0366.jpg,42.00,130.77,auto,roi_crop,350,65,558,558,558
2026-06-24 13:33:15,可回收,D:\Garbage Classification\Garbage_Classification_Organized\dataset\可回收\可回收_0367.jpg,45.69,130.49,auto,roi_crop,350,65,558,558,558
2026-06-24 13:33:16,可回收,D:\Garbage Classification\Garbage_Classification_Organized\dataset\可回收\可回收_0368.jpg,43.88,129.27,auto,roi_crop,350,65,558,558,558
2026-06-24 13:33:17,可回收,D:\Garbage Classification\Garbage_Classification_Organized\dataset\可回收\可回收_0369.jpg,43.52,126.46,auto,roi_crop,350,65,558,558,558
2026-06-24 13:33:17,可回收,D:\Garbage Classification\Garbage_Classification_Organized\dataset\可回收\可回收_0370.jpg,43.80,124.19,auto,roi_crop,350,65,558,558,558
2026-06-24 13:33:18,可回收,D:\Garbage Classification\Garbage_Classification_Organized\dataset\可回收\可回收_0371.jpg,81.96,133.63,auto,roi_crop,350,65,558,558,558
2026-06-24 13:33:18,可回收,D:\Garbage Classification\Garbage_Classification_Organized\dataset\可回收\可回收_0372.jpg,80.49,129.66,auto,roi_crop,350,65,558,558,558
2026-06-24 13:33:19,可回收,D:\Garbage Classification\Garbage_Classification_Organized\dataset\可回收\可回收_0373.jpg,57.86,129.92,auto,roi_crop,350,65,558,558,558
2026-06-24 13:33:19,可回收,D:\Garbage Classification\Garbage_Classification_Organized\dataset\可回收\可回收_0374.jpg,69.59,134.99,auto,roi_crop,350,65,558,558,558
2026-06-24 13:33:20,可回收,D:\Garbage Classification\Garbage_Classification_Organized\dataset\可回收\可回收_0375.jpg,79.09,133.05,auto,roi_crop,350,65,558,558,558
2026-06-24 13:33:20,可回收,D:\Garbage Classification\Garbage_Classification_Organized\dataset\可回收\可回收_0376.jpg,74.36,130.45,auto,roi_crop,350,65,558,558,558
2026-06-24 13:33:21,可回收,D:\Garbage Classification\Garbage_Classification_Organized\dataset\可回收\可回收_0377.jpg,58.54,137.60,auto,roi_crop,350,65,558,558,558
2026-06-24 13:33:21,可回收,D:\Garbage Classification\Garbage_Classification_Organized\dataset\可回收\可回收_0378.jpg,74.74,138.52,auto,roi_crop,350,65,558,558,558
2026-06-24 13:33:22,可回收,D:\Garbage Classification\Garbage_Classification_Organized\dataset\可回收\可回收_0379.jpg,60.85,134.39,auto,roi_crop,350,65,558,558,558
2026-06-24 13:33:22,可回收,D:\Garbage Classification\Garbage_Classification_Organized\dataset\可回收\可回收_0380.jpg,69.40,136.74,auto,roi_crop,350,65,558,558,558
2026-06-24 13:33:23,可回收,D:\Garbage Classification\Garbage_Classification_Organized\dataset\可回收\可回收_0381.jpg,78.97,138.25,auto,roi_crop,350,65,558,558,558
2026-06-24 13:33:23,可回收,D:\Garbage Classification\Garbage_Classification_Organized\dataset\可回收\可回收_0382.jpg,70.35,133.57,auto,roi_crop,350,65,558,558,558
2026-06-24 13:33:24,可回收,D:\Garbage Classification\Garbage_Classification_Organized\dataset\可回收\可回收_0383.jpg,72.96,137.04,auto,roi_crop,350,65,558,558,558
2026-06-24 13:33:24,可回收,D:\Garbage Classification\Garbage_Classification_Organized\dataset\可回收\可回收_0384.jpg,76.73,137.51,auto,roi_crop,350,65,558,558,558
2026-06-24 13:33:25,可回收,D:\Garbage Classification\Garbage_Classification_Organized\dataset\可回收\可回收_0385.jpg,66.67,138.18,auto,roi_crop,350,65,558,558,558
2026-06-24 13:33:25,可回收,D:\Garbage Classification\Garbage_Classification_Organized\dataset\可回收\可回收_0386.jpg,56.82,134.91,auto,roi_crop,350,65,558,558,558
2026-06-24 13:33:26,可回收,D:\Garbage Classification\Garbage_Classification_Organized\dataset\可回收\可回收_0387.jpg,57.84,135.74,auto,roi_crop,350,65,558,558,558
2026-06-24 13:33:27,可回收,D:\Garbage Classification\Garbage_Classification_Organized\dataset\可回收\可回收_0388.jpg,30.85,134.54,auto,roi_crop,350,65,558,558,558
2026-06-24 13:33:27,可回收,D:\Garbage Classification\Garbage_Classification_Organized\dataset\可回收\可回收_0389.jpg,35.33,135.44,auto,roi_crop,350,65,558,558,558
2026-06-24 13:33:28,可回收,D:\Garbage Classification\Garbage_Classification_Organized\dataset\可回收\可回收_0390.jpg,36.32,132.84,auto,roi_crop,350,65,558,558,558
2026-06-24 13:33:29,可回收,D:\Garbage Classification\Garbage_Classification_Organized\dataset\可回收\可回收_0391.jpg,58.39,125.91,auto,roi_crop,350,65,558,558,558
2026-06-24 13:33:29,可回收,D:\Garbage Classification\Garbage_Classification_Organized\dataset\可回收\可回收_0392.jpg,81.12,137.27,auto,roi_crop,350,65,558,558,558
2026-06-24 13:33:30,可回收,D:\Garbage Classification\Garbage_Classification_Organized\dataset\可回收\可回收_0393.jpg,48.71,123.62,auto,roi_crop,350,65,558,558,558
2026-06-24 13:33:30,可回收,D:\Garbage Classification\Garbage_Classification_Organized\dataset\可回收\可回收_0394.jpg,53.04,129.05,auto,roi_crop,350,65,558,558,558
2026-06-24 13:33:31,可回收,D:\Garbage Classification\Garbage_Classification_Organized\dataset\可回收\可回收_0395.jpg,75.61,138.91,auto,roi_crop,350,65,558,558,558
2026-06-24 13:33:31,可回收,D:\Garbage Classification\Garbage_Classification_Organized\dataset\可回收\可回收_0396.jpg,76.86,134.25,auto,roi_crop,350,65,558,558,558
2026-06-24 13:33:32,可回收,D:\Garbage Classification\Garbage_Classification_Organized\dataset\可回收\可回收_0397.jpg,70.35,133.47,auto,roi_crop,350,65,558,558,558
2026-06-24 13:33:32,可回收,D:\Garbage Classification\Garbage_Classification_Organized\dataset\可回收\可回收_0398.jpg,73.20,136.70,auto,roi_crop,350,65,558,558,558
2026-06-24 13:33:33,可回收,D:\Garbage Classification\Garbage_Classification_Organized\dataset\可回收\可回收_0399.jpg,78.15,134.00,auto,roi_crop,350,65,558,558,558
2026-06-24 13:33:33,可回收,D:\Garbage Classification\Garbage_Classification_Organized\dataset\可回收\可回收_0400.jpg,73.33,136.85,auto,roi_crop,350,65,558,558,558
2026-06-24 13:33:34,可回收,D:\Garbage Classification\Garbage_Classification_Organized\dataset\可回收\可回收_0401.jpg,75.23,138.78,auto,roi_crop,350,65,558,558,558
2026-06-24 13:33:34,可回收,D:\Garbage Classification\Garbage_Classification_Organized\dataset\可回收\可回收_0402.jpg,75.55,133.04,auto,roi_crop,350,65,558,558,558
2026-06-24 13:33:35,可回收,D:\Garbage Classification\Garbage_Classification_Organized\dataset\可回收\可回收_0403.jpg,75.65,136.79,auto,roi_crop,350,65,558,558,558
2026-06-24 13:33:35,可回收,D:\Garbage Classification\Garbage_Classification_Organized\dataset\可回收\可回收_0404.jpg,80.98,139.47,auto,roi_crop,350,65,558,558,558
2026-06-24 13:33:36,可回收,D:\Garbage Classification\Garbage_Classification_Organized\dataset\可回收\可回收_0405.jpg,81.02,140.51,auto,roi_crop,350,65,558,558,558
