time,class_name,split,source_path,dest_path,source_file_name,dest_file_name,width,height,mode,file_size_bytes,sha1,status,reason
2026-06-24 11:07:36,待分拣,train,D:\Garbage Classification\Garbage_Classification_Organized\dataset\待分拣\待分拣29.jpg,D:\Garbage Classification\Garbage_Classification_Organized\garbage_dataset_20260624_110735\train\待分拣\待分拣29.jpg,待分拣29.jpg,待分拣29.jpg,558,558,RGB,47382,,success,
2026-06-24 11:07:36,待分拣,train,D:\Garbage Classification\Garbage_Classification_Organized\dataset\待分拣\待分拣48.jpg,D:\Garbage Classification\Garbage_Classification_Organized\garbage_dataset_20260624_110735\train\待分拣\待分拣48.jpg,待分拣48.jpg,待分拣48.jpg,558,558,RGB,51270,,success,
2026-06-24 11:07:36,待分拣,train,D:\Garbage Classification\Garbage_Classification_Organized\dataset\待分拣\待分拣_0163.jpg,D:\Garbage Classification\Garbage_Classification_Organized\garbage_dataset_20260624_110735\train\待分拣\待分拣_0163.jpg,待分拣_0163.jpg,待分拣_0163.jpg,558,558,RGB,48231,,success,
2026-06-24 11:07:36,待分拣,train,D:\Garbage Classification\Garbage_Classification_Organized\dataset\待分拣\待分拣_0060.jpg,D:\Garbage Classification\Garbage_Classification_Organized\garbage_dataset_20260624_110735\train\待分拣\待分拣_0060.jpg,待分拣_0060.jpg,待分拣_0060.jpg,558,558,RGB,52956,,success,
2026-06-24 11:07:36,待分拣,train,D:\Garbage Classification\Garbage_Classification_Organized\dataset\待分拣\待分拣100.jpg,D:\Garbage Classification\Garbage_Classification_Organized\garbage_dataset_20260624_110735\train\待分拣\待分拣100.jpg,待分拣100.jpg,待分拣100.jpg,558,558,RGB,46860,,success,
2026-06-24 11:07:36,待分拣,train,D:\Garbage Classification\Garbage_Classification_Organized\dataset\待分拣\待分拣_0180.jpg,D:\Garbage Classification\Garbage_Classification_Organized\garbage_dataset_20260624_110735\train\待分拣\待分拣_0180.jpg,待分拣_0180.jpg,待分拣_0180.jpg,558,558,RGB,52676,,success,
2026-06-24 11:07:36,待分拣,train,D:\Garbage Classification\Garbage_Classification_Organized\dataset\待分拣\待分拣_0203.jpg,D:\Garbage Classification\Garbage_Classification_Organized\garbage_dataset_20260624_110735\train\待分拣\待分拣_0203.jpg,待分拣_0203.jpg,待分拣_0203.jpg,558,558,RGB,57096,,success,
2026-06-24 11:07:36,待分拣,train,D:\Garbage Classification\Garbage_Classification_Organized\dataset\待分拣\待分拣_0192.jpg,D:\Garbage Classification\Garbage_Classification_Organized\garbage_dataset_20260624_110735\train\待分拣\待分拣_0192.jpg,待分拣_0192.jpg,待分拣_0192.jpg,558,558,RGB,53253,,success,
2026-06-24 11:07:36,待分拣,train,D:\Garbage Classification\Garbage_Classification_Organized\dataset\待分拣\待分拣_0114.jpg,D:\Garbage Classification\Garbage_Classification_Organized\garbage_dataset_20260624_110735\train\待分拣\待分拣_0114.jpg,待分拣_0114.jpg,待分拣_0114.jpg,558,558,RGB,46778,,success,
2026-06-24 11:07:36,待分拣,train,D:\Garbage Classification\Garbage_Classification_Organized\dataset\待分拣\待分拣60.jpg,D:\Garbage Classification\Garbage_Classification_Organized\garbage_dataset_20260624_110735\train\待分拣\待分拣60.jpg,待分拣60.jpg,待分拣60.jpg,558,558,RGB,46776,,success,
2026-06-24 11:07:36,待分拣,train,D:\Garbage Classification\Garbage_Classification_Organized\dataset\待分拣\待分拣_0209.jpg,D:\Garbage Classification\Garbage_Classification_Organized\garbage_dataset_20260624_110735\train\待分拣\待分拣_0209.jpg,待分拣_0209.jpg,待分拣_0209.jpg,558,558,RGB,50455,,success,
2026-06-24 11:07:36,待分拣,train,D:\Garbage Classification\Garbage_Classification_Organized\dataset\待分拣\待分拣181.jpg,D:\Garbage Classification\Garbage_Classification_Organized\garbage_dataset_20260624_110735\train\待分拣\待分拣181.jpg,待分拣181.jpg,待分拣181.jpg,558,558,RGB,56597,,success,
2026-06-24 11:07:36,待分拣,train,D:\Garbage Classification\Garbage_Classification_Organized\dataset\待分拣\待分拣172.jpg,D:\Garbage Classification\Garbage_Classification_Organized\garbage_dataset_20260624_110735\train\待分拣\待分拣172.jpg,待分拣172.jpg,待分拣172.jpg,558,558,RGB,51443,,success,
2026-06-24 11:07:36,待分拣,train,D:\Garbage Classification\Garbage_Classification_Organized\dataset\待分拣\待分拣77.jpg,D:\Garbage Classification\Garbage_Classification_Organized\garbage_dataset_20260624_110735\train\待分拣\待分拣77.jpg,待分拣77.jpg,待分拣77.jpg,558,558,RGB,46669,,success,
2026-06-24 11:07:36,待分拣,train,D:\Garbage Classification\Garbage_Classification_Organized\dataset\待分拣\待分拣129.jpg,D:\Garbage Classification\Garbage_Classification_Organized\garbage_dataset_20260624_110735\train\待分拣\待分拣129.jpg,待分拣129.jpg,待分拣129.jpg,558,558,RGB,52382,,success,
2026-06-24 11:07:36,待分拣,train,D:\Garbage Classification\Garbage_Classification_Organized\dataset\待分拣\待分拣274.jpg,D:\Garbage Classification\Garbage_Classification_Organized\garbage_dataset_20260624_110735\train\待分拣\待分拣274.jpg,待分拣274.jpg,待分拣274.jpg,558,558,RGB,54283,,success,
2026-06-24 11:07:36,待分拣,train,D:\Garbage Classification\Garbage_Classification_Organized\dataset\待分拣\有害_0149.jpg,D:\Garbage Classification\Garbage_Classification_Organized\garbage_dataset_20260624_110735\train\待分拣\有害_0149.jpg,有害_0149.jpg,有害_0149.jpg,558,558,RGB,64499,,success,
2026-06-24 11:07:36,待分拣,train,D:\Garbage Classification\Garbage_Classification_Organized\dataset\待分拣\待分拣_0008.jpg,D:\Garbage Classification\Garbage_Classification_Organized\garbage_dataset_20260624_110735\train\待分拣\待分拣_0008.jpg,待分拣_0008.jpg,待分拣_0008.jpg,558,558,RGB,46929,,success,
2026-06-24 11:07:36,待分拣,train,D:\Garbage Classification\Garbage_Classification_Organized\dataset\待分拣\待分拣_0011.jpg,D:\Garbage Classification\Garbage_Classification_Organized\garbage_dataset_20260624_110735\train\待分拣\待分拣_0011.jpg,待分拣_0011.jpg,待分拣_0011.jpg,558,558,RGB,46979,,success,
2026-06-24 11:07:36,待分拣,train,D:\Garbage Classification\Garbage_Classification_Organized\dataset\待分拣\待分拣185.jpg,D:\Garbage Classification\Garbage_Classification_Organized\garbage_dataset_20260624_110735\train\待分拣\待分拣185.jpg,待分拣185.jpg,待分拣185.jpg,558,558,RGB,58931,,success,
2026-06-24 11:07:36,待分拣,train,D:\Garbage Classification\Garbage_Classification_Organized\dataset\待分拣\待分拣57.jpg,D:\Garbage Classification\Garbage_Classification_Organized\garbage_dataset_20260624_110735\train\待分拣\待分拣57.jpg,待分拣57.jpg,待分拣57.jpg,558,558,RGB,47212,,success,
2026-06-24 11:07:36,待分拣,train,D:\Garbage Classification\Garbage_Classification_Organized\dataset\待分拣\待分拣230.jpg,D:\Garbage Classification\Garbage_Classification_Organized\garbage_dataset_20260624_110735\train\待分拣\待分拣230.jpg,待分拣230.jpg,待分拣230.jpg,558,558,RGB,52219,,success,
2026-06-24 11:07:36,待分拣,train,D:\Garbage Classification\Garbage_Classification_Organized\dataset\待分拣\待分拣_0068.jpg,D:\Garbage Classification\Garbage_Classification_Organized\garbage_dataset_20260624_110735\train\待分拣\待分拣_0068.jpg,待分拣_0068.jpg,待分拣_0068.jpg,558,558,RGB,53387,,success,
2026-06-24 11:07:36,待分拣,train,D:\Garbage Classification\Garbage_Classification_Organized\dataset\待分拣\待分拣202.jpg,D:\Garbage Classification\Garbage_Classification_Organized\garbage_dataset_20260624_110735\train\待分拣\待分拣202.jpg,待分拣202.jpg,待分拣202.jpg,558,558,RGB,56010,,success,
2026-06-24 11:07:36,待分拣,train,D:\Garbage Classification\Garbage_Classification_Organized\dataset\待分拣\待分拣62.jpg,D:\Garbage Classification\Garbage_Classification_Organized\garbage_dataset_20260624_110735\train\待分拣\待分拣62.jpg,待分拣62.jpg,待分拣62.jpg,558,558,RGB,50192,,success,
2026-06-24 11:07:36,待分拣,train,D:\Garbage Classification\Garbage_Classification_Organized\dataset\待分拣\待分拣195.jpg,D:\Garbage Classification\Garbage_Classification_Organized\garbage_dataset_20260624_110735\train\待分拣\待分拣195.jpg,待分拣195.jpg,待分拣195.jpg,558,558,RGB,60147,,success,
2026-06-24 11:07:36,待分拣,train,D:\Garbage Classification\Garbage_Classification_Organized\dataset\待分拣\待分拣148.jpg,D:\Garbage Classification\Garbage_Classification_Organized\garbage_dataset_20260624_110735\train\待分拣\待分拣148.jpg,待分拣148.jpg,待分拣148.jpg,558,558,RGB,51533,,success,
2026-06-24 11:07:36,待分拣,train,D:\Garbage Classification\Garbage_Classification_Organized\dataset\待分拣\待分拣101.jpg,D:\Garbage Classification\Garbage_Classification_Organized\garbage_dataset_20260624_110735\train\待分拣\待分拣101.jpg,待分拣101.jpg,待分拣101.jpg,558,558,RGB,46091,,success,
2026-06-24 11:07:36,待分拣,train,D:\Garbage Classification\Garbage_Classification_Organized\dataset\待分拣\待分拣156.jpg,D:\Garbage Classification\Garbage_Classification_Organized\garbage_dataset_20260624_110735\train\待分拣\待分拣156.jpg,待分拣156.jpg,待分拣156.jpg,558,558,RGB,53961,,success,
2026-06-24 11:07:36,待分拣,train,D:\Garbage Classification\Garbage_Classification_Organized\dataset\待分拣\待分拣_0113.jpg,D:\Garbage Classification\Garbage_Classification_Organized\garbage_dataset_20260624_110735\train\待分拣\待分拣_0113.jpg,待分拣_0113.jpg,待分拣_0113.jpg,558,558,RGB,45762,,success,
2026-06-24 11:07:36,待分拣,train,D:\Garbage Classification\Garbage_Classification_Organized\dataset\待分拣\待分拣76.jpg,D:\Garbage Classification\Garbage_Classification_Organized\garbage_dataset_20260624_110735\train\待分拣\待分拣76.jpg,待分拣76.jpg,待分拣76.jpg,558,558,RGB,49949,,success,
2026-06-24 11:07:36,待分拣,train,D:\Garbage Classification\Garbage_Classification_Organized\dataset\待分拣\待分拣7.jpg,D:\Garbage Classification\Garbage_Classification_Organized\garbage_dataset_20260624_110735\train\待分拣\待分拣7.jpg,待分拣7.jpg,待分拣7.jpg,558,558,RGB,59003,,success,
2026-06-24 11:07:36,待分拣,train,D:\Garbage Classification\Garbage_Classification_Organized\dataset\待分拣\待分拣_0143.jpg,D:\Garbage Classification\Garbage_Classification_Organized\garbage_dataset_20260624_110735\train\待分拣\待分拣_0143.jpg,待分拣_0143.jpg,待分拣_0143.jpg,558,558,RGB,45105,,success,
2026-06-24 11:07:36,待分拣,train,D:\Garbage Classification\Garbage_Classification_Organized\dataset\待分拣\待分拣226.jpg,D:\Garbage Classification\Garbage_Classification_Organized\garbage_dataset_20260624_110735\train\待分拣\待分拣226.jpg,待分拣226.jpg,待分拣226.jpg,558,558,RGB,52312,,success,
2026-06-24 11:07:36,待分拣,train,D:\Garbage Classification\Garbage_Classification_Organized\dataset\待分拣\待分拣131.jpg,D:\Garbage Classification\Garbage_Classification_Organized\garbage_dataset_20260624_110735\train\待分拣\待分拣131.jpg,待分拣131.jpg,待分拣131.jpg,558,558,RGB,52298,,success,
2026-06-24 11:07:36,待分拣,train,D:\Garbage Classification\Garbage_Classification_Organized\dataset\待分拣\待分拣252.jpg,D:\Garbage Classification\Garbage_Classification_Organized\garbage_dataset_20260624_110735\train\待分拣\待分拣252.jpg,待分拣252.jpg,待分拣252.jpg,558,558,RGB,56456,,success,
2026-06-24 11:07:36,待分拣,train,D:\Garbage Classification\Garbage_Classification_Organized\dataset\待分拣\待分拣128.jpg,D:\Garbage Classification\Garbage_Classification_Organized\garbage_dataset_20260624_110735\train\待分拣\待分拣128.jpg,待分拣128.jpg,待分拣128.jpg,558,558,RGB,59176,,success,
2026-06-24 11:07:36,待分拣,train,D:\Garbage Classification\Garbage_Classification_Organized\dataset\待分拣\待分拣142.jpg,D:\Garbage Classification\Garbage_Classification_Organized\garbage_dataset_20260624_110735\train\待分拣\待分拣142.jpg,待分拣142.jpg,待分拣142.jpg,558,558,RGB,57664,,success,
2026-06-24 11:07:36,待分拣,train,D:\Garbage Classification\Garbage_Classification_Organized\dataset\待分拣\待分拣239.jpg,D:\Garbage Classification\Garbage_Classification_Organized\garbage_dataset_20260624_110735\train\待分拣\待分拣239.jpg,待分拣239.jpg,待分拣239.jpg,558,558,RGB,51441,,success,
2026-06-24 11:07:36,待分拣,train,D:\Garbage Classification\Garbage_Classification_Organized\dataset\待分拣\待分拣249.jpg,D:\Garbage Classification\Garbage_Classification_Organized\garbage_dataset_20260624_110735\train\待分拣\待分拣249.jpg,待分拣249.jpg,待分拣249.jpg,558,558,RGB,52187,,success,
2026-06-24 11:07:36,待分拣,train,D:\Garbage Classification\Garbage_Classification_Organized\dataset\待分拣\待分拣_0140.jpg,D:\Garbage Classification\Garbage_Classification_Organized\garbage_dataset_20260624_110735\train\待分拣\待分拣_0140.jpg,待分拣_0140.jpg,待分拣_0140.jpg,558,558,RGB,45130,,success,
2026-06-24 11:07:36,待分拣,train,D:\Garbage Classification\Garbage_Classification_Organized\dataset\待分拣\待分拣_0153.jpg,D:\Garbage Classification\Garbage_Classification_Organized\garbage_dataset_20260624_110735\train\待分拣\待分拣_0153.jpg,待分拣_0153.jpg,待分拣_0153.jpg,558,558,RGB,53121,,success,
2026-06-24 11:07:36,待分拣,train,D:\Garbage Classification\Garbage_Classification_Organized\dataset\待分拣\待分拣_0139.jpg,D:\Garbage Classification\Garbage_Classification_Organized\garbage_dataset_20260624_110735\train\待分拣\待分拣_0139.jpg,待分拣_0139.jpg,待分拣_0139.jpg,558,558,RGB,45350,,success,
2026-06-24 11:07:36,待分拣,train,D:\Garbage Classification\Garbage_Classification_Organized\dataset\待分拣\待分拣_0026.jpg,D:\Garbage Classification\Garbage_Classification_Organized\garbage_dataset_20260624_110735\train\待分拣\待分拣_0026.jpg,待分拣_0026.jpg,待分拣_0026.jpg,558,558,RGB,48006,,success,
2026-06-24 11:07:36,待分拣,train,D:\Garbage Classification\Garbage_Classification_Organized\dataset\待分拣\待分拣212.jpg,D:\Garbage Classification\Garbage_Classification_Organized\garbage_dataset_20260624_110735\train\待分拣\待分拣212.jpg,待分拣212.jpg,待分拣212.jpg,558,558,RGB,53241,,success,
2026-06-24 11:07:36,待分拣,train,D:\Garbage Classification\Garbage_Classification_Organized\dataset\待分拣\待分拣_0090.jpg,D:\Garbage Classification\Garbage_Classification_Organized\garbage_dataset_20260624_110735\train\待分拣\待分拣_0090.jpg,待分拣_0090.jpg,待分拣_0090.jpg,558,558,RGB,50618,,success,
2026-06-24 11:07:36,待分拣,train,D:\Garbage Classification\Garbage_Classification_Organized\dataset\待分拣\待分拣190.jpg,D:\Garbage Classification\Garbage_Classification_Organized\garbage_dataset_20260624_110735\train\待分拣\待分拣190.jpg,待分拣190.jpg,待分拣190.jpg,558,558,RGB,57680,,success,
2026-06-24 11:07:36,待分拣,train,D:\Garbage Classification\Garbage_Classification_Organized\dataset\待分拣\待分拣134.jpg,D:\Garbage Classification\Garbage_Classification_Organized\garbage_dataset_20260624_110735\train\待分拣\待分拣134.jpg,待分拣134.jpg,待分拣134.jpg,558,558,RGB,49571,,success,
2026-06-24 11:07:36,待分拣,train,D:\Garbage Classification\Garbage_Classification_Organized\dataset\待分拣\待分拣246.jpg,D:\Garbage Classification\Garbage_Classification_Organized\garbage_dataset_20260624_110735\train\待分拣\待分拣246.jpg,待分拣246.jpg,待分拣246.jpg,558,558,RGB,54400,,success,
2026-06-24 11:07:36,待分拣,train,D:\Garbage Classification\Garbage_Classification_Organized\dataset\待分拣\待分拣_0136.jpg,D:\Garbage Classification\Garbage_Classification_Organized\garbage_dataset_20260624_110735\train\待分拣\待分拣_0136.jpg,待分拣_0136.jpg,待分拣_0136.jpg,558,558,RGB,44957,,success,
2026-06-24 11:07:36,待分拣,train,D:\Garbage Classification\Garbage_Classification_Organized\dataset\待分拣\待分拣_0184.jpg,D:\Garbage Classification\Garbage_Classification_Organized\garbage_dataset_20260624_110735\train\待分拣\待分拣_0184.jpg,待分拣_0184.jpg,待分拣_0184.jpg,558,558,RGB,52844,,success,
2026-06-24 11:07:36,待分拣,train,D:\Garbage Classification\Garbage_Classification_Organized\dataset\待分拣\待分拣30.jpg,D:\Garbage Classification\Garbage_Classification_Organized\garbage_dataset_20260624_110735\train\待分拣\待分拣30.jpg,待分拣30.jpg,待分拣30.jpg,558,558,RGB,56889,,success,
2026-06-24 11:07:36,待分拣,train,D:\Garbage Classification\Garbage_Classification_Organized\dataset\待分拣\待分拣_0072.jpg,D:\Garbage Classification\Garbage_Classification_Organized\garbage_dataset_20260624_110735\train\待分拣\待分拣_0072.jpg,待分拣_0072.jpg,待分拣_0072.jpg,558,558,RGB,49074,,success,
2026-06-24 11:07:36,待分拣,train,D:\Garbage Classification\Garbage_Classification_Organized\dataset\待分拣\待分拣34.jpg,D:\Garbage Classification\Garbage_Classification_Organized\garbage_dataset_20260624_110735\train\待分拣\待分拣34.jpg,待分拣34.jpg,待分拣34.jpg,558,558,RGB,54727,,success,
2026-06-24 11:07:36,待分拣,train,D:\Garbage Classification\Garbage_Classification_Organized\dataset\待分拣\待分拣_0161.jpg,D:\Garbage Classification\Garbage_Classification_Organized\garbage_dataset_20260624_110735\train\待分拣\待分拣_0161.jpg,待分拣_0161.jpg,待分拣_0161.jpg,558,558,RGB,49998,,success,
2026-06-24 11:07:36,待分拣,train,D:\Garbage Classification\Garbage_Classification_Organized\dataset\待分拣\待分拣_0037.jpg,D:\Garbage Classification\Garbage_Classification_Organized\garbage_dataset_20260624_110735\train\待分拣\待分拣_0037.jpg,待分拣_0037.jpg,待分拣_0037.jpg,558,558,RGB,49529,,success,
2026-06-24 11:07:36,待分拣,train,D:\Garbage Classification\Garbage_Classification_Organized\dataset\待分拣\待分拣_0093.jpg,D:\Garbage Classification\Garbage_Classification_Organized\garbage_dataset_20260624_110735\train\待分拣\待分拣_0093.jpg,待分拣_0093.jpg,待分拣_0093.jpg,558,558,RGB,48100,,success,
2026-06-24 11:07:36,待分拣,train,D:\Garbage Classification\Garbage_Classification_Organized\dataset\待分拣\待分拣113.jpg,D:\Garbage Classification\Garbage_Classification_Organized\garbage_dataset_20260624_110735\train\待分拣\待分拣113.jpg,待分拣113.jpg,待分拣113.jpg,558,558,RGB,48934,,success,
2026-06-24 11:07:36,待分拣,train,D:\Garbage Classification\Garbage_Classification_Organized\dataset\待分拣\待分拣_0047.jpg,D:\Garbage Classification\Garbage_Classification_Organized\garbage_dataset_20260624_110735\train\待分拣\待分拣_0047.jpg,待分拣_0047.jpg,待分拣_0047.jpg,558,558,RGB,44777,,success,
2026-06-24 11:07:36,待分拣,train,D:\Garbage Classification\Garbage_Classification_Organized\dataset\待分拣\待分拣19.jpg,D:\Garbage Classification\Garbage_Classification_Organized\garbage_dataset_20260624_110735\train\待分拣\待分拣19.jpg,待分拣19.jpg,待分拣19.jpg,558,558,RGB,51110,,success,
2026-06-24 11:07:36,待分拣,train,D:\Garbage Classification\Garbage_Classification_Organized\dataset\待分拣\待分拣174.jpg,D:\Garbage Classification\Garbage_Classification_Organized\garbage_dataset_20260624_110735\train\待分拣\待分拣174.jpg,待分拣174.jpg,待分拣174.jpg,558,558,RGB,54260,,success,
2026-06-24 11:07:36,待分拣,train,D:\Garbage Classification\Garbage_Classification_Organized\dataset\待分拣\待分拣22.jpg,D:\Garbage Classification\Garbage_Classification_Organized\garbage_dataset_20260624_110735\train\待分拣\待分拣22.jpg,待分拣22.jpg,待分拣22.jpg,558,558,RGB,50865,,success,
2026-06-24 11:07:36,待分拣,train,D:\Garbage Classification\Garbage_Classification_Organized\dataset\待分拣\待分拣179.jpg,D:\Garbage Classification\Garbage_Classification_Organized\garbage_dataset_20260624_110735\train\待分拣\待分拣179.jpg,待分拣179.jpg,待分拣179.jpg,558,558,RGB,61136,,success,
2026-06-24 11:07:36,待分拣,train,D:\Garbage Classification\Garbage_Classification_Organized\dataset\待分拣\待分拣_0189.jpg,D:\Garbage Classification\Garbage_Classification_Organized\garbage_dataset_20260624_110735\train\待分拣\待分拣_0189.jpg,待分拣_0189.jpg,待分拣_0189.jpg,558,558,RGB,51210,,success,
2026-06-24 11:07:36,待分拣,train,D:\Garbage Classification\Garbage_Classification_Organized\dataset\待分拣\待分拣_0069.jpg,D:\Garbage Classification\Garbage_Classification_Organized\garbage_dataset_20260624_110735\train\待分拣\待分拣_0069.jpg,待分拣_0069.jpg,待分拣_0069.jpg,558,558,RGB,49057,,success,
2026-06-24 11:07:36,待分拣,train,D:\Garbage Classification\Garbage_Classification_Organized\dataset\待分拣\待分拣72.jpg,D:\Garbage Classification\Garbage_Classification_Organized\garbage_dataset_20260624_110735\train\待分拣\待分拣72.jpg,待分拣72.jpg,待分拣72.jpg,558,558,RGB,45733,,success,
2026-06-24 11:07:36,待分拣,train,D:\Garbage Classification\Garbage_Classification_Organized\dataset\待分拣\待分拣171.jpg,D:\Garbage Classification\Garbage_Classification_Organized\garbage_dataset_20260624_110735\train\待分拣\待分拣171.jpg,待分拣171.jpg,待分拣171.jpg,558,558,RGB,55664,,success,
2026-06-24 11:07:36,待分拣,train,D:\Garbage Classification\Garbage_Classification_Organized\dataset\待分拣\待分拣_0016.jpg,D:\Garbage Classification\Garbage_Classification_Organized\garbage_dataset_20260624_110735\train\待分拣\待分拣_0016.jpg,待分拣_0016.jpg,待分拣_0016.jpg,558,558,RGB,50892,,success,
2026-06-24 11:07:36,待分拣,train,D:\Garbage Classification\Garbage_Classification_Organized\dataset\待分拣\待分拣_0038.jpg,D:\Garbage Classification\Garbage_Classification_Organized\garbage_dataset_20260624_110735\train\待分拣\待分拣_0038.jpg,待分拣_0038.jpg,待分拣_0038.jpg,558,558,RGB,53793,,success,
2026-06-24 11:07:36,待分拣,train,D:\Garbage Classification\Garbage_Classification_Organized\dataset\待分拣\待分拣_0112.jpg,D:\Garbage Classification\Garbage_Classification_Organized\garbage_dataset_20260624_110735\train\待分拣\待分拣_0112.jpg,待分拣_0112.jpg,待分拣_0112.jpg,558,558,RGB,45595,,success,
2026-06-24 11:07:36,待分拣,train,D:\Garbage Classification\Garbage_Classification_Organized\dataset\待分拣\待分拣_0169.jpg,D:\Garbage Classification\Garbage_Classification_Organized\garbage_dataset_20260624_110735\train\待分拣\待分拣_0169.jpg,待分拣_0169.jpg,待分拣_0169.jpg,558,558,RGB,56653,,success,
2026-06-24 11:07:36,待分拣,train,D:\Garbage Classification\Garbage_Classification_Organized\dataset\待分拣\待分拣67.jpg,D:\Garbage Classification\Garbage_Classification_Organized\garbage_dataset_20260624_110735\train\待分拣\待分拣67.jpg,待分拣67.jpg,待分拣67.jpg,558,558,RGB,58322,,success,
2026-06-24 11:07:36,待分拣,train,D:\Garbage Classification\Garbage_Classification_Organized\dataset\待分拣\待分拣135.jpg,D:\Garbage Classification\Garbage_Classification_Organized\garbage_dataset_20260624_110735\train\待分拣\待分拣135.jpg,待分拣135.jpg,待分拣135.jpg,558,558,RGB,49308,,success,
2026-06-24 11:07:36,待分拣,train,D:\Garbage Classification\Garbage_Classification_Organized\dataset\待分拣\待分拣259.jpg,D:\Garbage Classification\Garbage_Classification_Organized\garbage_dataset_20260624_110735\train\待分拣\待分拣259.jpg,待分拣259.jpg,待分拣259.jpg,558,558,RGB,58752,,success,
2026-06-24 11:07:36,待分拣,train,D:\Garbage Classification\Garbage_Classification_Organized\dataset\待分拣\待分拣_0018.jpg,D:\Garbage Classification\Garbage_Classification_Organized\garbage_dataset_20260624_110735\train\待分拣\待分拣_0018.jpg,待分拣_0018.jpg,待分拣_0018.jpg,558,558,RGB,47064,,success,
2026-06-24 11:07:36,待分拣,train,D:\Garbage Classification\Garbage_Classification_Organized\dataset\待分拣\待分拣276.jpg,D:\Garbage Classification\Garbage_Classification_Organized\garbage_dataset_20260624_110735\train\待分拣\待分拣276.jpg,待分拣276.jpg,待分拣276.jpg,558,558,RGB,51909,,success,
2026-06-24 11:07:36,待分拣,train,D:\Garbage Classification\Garbage_Classification_Organized\dataset\待分拣\待分拣234.jpg,D:\Garbage Classification\Garbage_Classification_Organized\garbage_dataset_20260624_110735\train\待分拣\待分拣234.jpg,待分拣234.jpg,待分拣234.jpg,558,558,RGB,53432,,success,
2026-06-24 11:07:36,待分拣,train,D:\Garbage Classification\Garbage_Classification_Organized\dataset\待分拣\有害_0292.jpg,D:\Garbage Classification\Garbage_Classification_Organized\garbage_dataset_20260624_110735\train\待分拣\有害_0292.jpg,有害_0292.jpg,有害_0292.jpg,558,558,RGB,56083,,success,
2026-06-24 11:07:36,待分拣,train,D:\Garbage Classification\Garbage_Classification_Organized\dataset\待分拣\待分拣273.jpg,D:\Garbage Classification\Garbage_Classification_Organized\garbage_dataset_20260624_110735\train\待分拣\待分拣273.jpg,待分拣273.jpg,待分拣273.jpg,558,558,RGB,52741,,success,
2026-06-24 11:07:36,待分拣,train,D:\Garbage Classification\Garbage_Classification_Organized\dataset\待分拣\待分拣_0193.jpg,D:\Garbage Classification\Garbage_Classification_Organized\garbage_dataset_20260624_110735\train\待分拣\待分拣_0193.jpg,待分拣_0193.jpg,待分拣_0193.jpg,558,558,RGB,54252,,success,
2026-06-24 11:07:36,待分拣,train,D:\Garbage Classification\Garbage_Classification_Organized\dataset\待分拣\待分拣178.jpg,D:\Garbage Classification\Garbage_Classification_Organized\garbage_dataset_20260624_110735\train\待分拣\待分拣178.jpg,待分拣178.jpg,待分拣178.jpg,558,558,RGB,58215,,success,
2026-06-24 11:07:36,待分拣,train,D:\Garbage Classification\Garbage_Classification_Organized\dataset\待分拣\待分拣161.jpg,D:\Garbage Classification\Garbage_Classification_Organized\garbage_dataset_20260624_110735\train\待分拣\待分拣161.jpg,待分拣161.jpg,待分拣161.jpg,558,558,RGB,51806,,success,
2026-06-24 11:07:36,待分拣,train,D:\Garbage Classification\Garbage_Classification_Organized\dataset\待分拣\待分拣257.jpg,D:\Garbage Classification\Garbage_Classification_Organized\garbage_dataset_20260624_110735\train\待分拣\待分拣257.jpg,待分拣257.jpg,待分拣257.jpg,558,558,RGB,53880,,success,
2026-06-24 11:07:36,待分拣,train,D:\Garbage Classification\Garbage_Classification_Organized\dataset\待分拣\可回收_0102.jpg,D:\Garbage Classification\Garbage_Classification_Organized\garbage_dataset_20260624_110735\train\待分拣\可回收_0102.jpg,可回收_0102.jpg,可回收_0102.jpg,558,558,RGB,58327,,success,
2026-06-24 11:07:36,待分拣,train,D:\Garbage Classification\Garbage_Classification_Organized\dataset\待分拣\待分拣157.jpg,D:\Garbage Classification\Garbage_Classification_Organized\garbage_dataset_20260624_110735\train\待分拣\待分拣157.jpg,待分拣157.jpg,待分拣157.jpg,558,558,RGB,53720,,success,
2026-06-24 11:07:36,待分拣,train,D:\Garbage Classification\Garbage_Classification_Organized\dataset\待分拣\待分拣91.jpg,D:\Garbage Classification\Garbage_Classification_Organized\garbage_dataset_20260624_110735\train\待分拣\待分拣91.jpg,待分拣91.jpg,待分拣91.jpg,558,558,RGB,46353,,success,
2026-06-24 11:07:36,待分拣,train,D:\Garbage Classification\Garbage_Classification_Organized\dataset\待分拣\待分拣_0040.jpg,D:\Garbage Classification\Garbage_Classification_Organized\garbage_dataset_20260624_110735\train\待分拣\待分拣_0040.jpg,待分拣_0040.jpg,待分拣_0040.jpg,558,558,RGB,44297,,success,
2026-06-24 11:07:36,待分拣,train,D:\Garbage Classification\Garbage_Classification_Organized\dataset\待分拣\待分拣_0174.jpg,D:\Garbage Classification\Garbage_Classification_Organized\garbage_dataset_20260624_110735\train\待分拣\待分拣_0174.jpg,待分拣_0174.jpg,待分拣_0174.jpg,558,558,RGB,47028,,success,
2026-06-24 11:07:36,待分拣,train,D:\Garbage Classification\Garbage_Classification_Organized\dataset\待分拣\待分拣_0061.jpg,D:\Garbage Classification\Garbage_Classification_Organized\garbage_dataset_20260624_110735\train\待分拣\待分拣_0061.jpg,待分拣_0061.jpg,待分拣_0061.jpg,558,558,RGB,51326,,success,
2026-06-24 11:07:36,待分拣,train,D:\Garbage Classification\Garbage_Classification_Organized\dataset\待分拣\待分拣63.jpg,D:\Garbage Classification\Garbage_Classification_Organized\garbage_dataset_20260624_110735\train\待分拣\待分拣63.jpg,待分拣63.jpg,待分拣63.jpg,558,558,RGB,45896,,success,
2026-06-24 11:07:36,待分拣,train,D:\Garbage Classification\Garbage_Classification_Organized\dataset\待分拣\待分拣_0067.jpg,D:\Garbage Classification\Garbage_Classification_Organized\garbage_dataset_20260624_110735\train\待分拣\待分拣_0067.jpg,待分拣_0067.jpg,待分拣_0067.jpg,558,558,RGB,56547,,success,
2026-06-24 11:07:36,待分拣,train,D:\Garbage Classification\Garbage_Classification_Organized\dataset\待分拣\待分拣176.jpg,D:\Garbage Classification\Garbage_Classification_Organized\garbage_dataset_20260624_110735\train\待分拣\待分拣176.jpg,待分拣176.jpg,待分拣176.jpg,558,558,RGB,59099,,success,
2026-06-24 11:07:36,待分拣,train,D:\Garbage Classification\Garbage_Classification_Organized\dataset\待分拣\待分拣281.jpg,D:\Garbage Classification\Garbage_Classification_Organized\garbage_dataset_20260624_110735\train\待分拣\待分拣281.jpg,待分拣281.jpg,待分拣281.jpg,558,558,RGB,55222,,success,
2026-06-24 11:07:36,待分拣,train,D:\Garbage Classification\Garbage_Classification_Organized\dataset\待分拣\待分拣_0089.jpg,D:\Garbage Classification\Garbage_Classification_Organized\garbage_dataset_20260624_110735\train\待分拣\待分拣_0089.jpg,待分拣_0089.jpg,待分拣_0089.jpg,558,558,RGB,50829,,success,
2026-06-24 11:07:36,待分拣,train,D:\Garbage Classification\Garbage_Classification_Organized\dataset\待分拣\待分拣_0110.jpg,D:\Garbage Classification\Garbage_Classification_Organized\garbage_dataset_20260624_110735\train\待分拣\待分拣_0110.jpg,待分拣_0110.jpg,待分拣_0110.jpg,558,558,RGB,46678,,success,
2026-06-24 11:07:36,待分拣,train,D:\Garbage Classification\Garbage_Classification_Organized\dataset\待分拣\待分拣_0202.jpg,D:\Garbage Classification\Garbage_Classification_Organized\garbage_dataset_20260624_110735\train\待分拣\待分拣_0202.jpg,待分拣_0202.jpg,待分拣_0202.jpg,558,558,RGB,47662,,success,
2026-06-24 11:07:36,待分拣,train,D:\Garbage Classification\Garbage_Classification_Organized\dataset\待分拣\待分拣43.jpg,D:\Garbage Classification\Garbage_Classification_Organized\garbage_dataset_20260624_110735\train\待分拣\待分拣43.jpg,待分拣43.jpg,待分拣43.jpg,558,558,RGB,47402,,success,
2026-06-24 11:07:36,待分拣,train,D:\Garbage Classification\Garbage_Classification_Organized\dataset\待分拣\待分拣_0182.jpg,D:\Garbage Classification\Garbage_Classification_Organized\garbage_dataset_20260624_110735\train\待分拣\待分拣_0182.jpg,待分拣_0182.jpg,待分拣_0182.jpg,558,558,RGB,47678,,success,
2026-06-24 11:07:36,待分拣,train,D:\Garbage Classification\Garbage_Classification_Organized\dataset\待分拣\待分拣_0173.jpg,D:\Garbage Classification\Garbage_Classification_Organized\garbage_dataset_20260624_110735\train\待分拣\待分拣_0173.jpg,待分拣_0173.jpg,待分拣_0173.jpg,558,558,RGB,48310,,success,
2026-06-24 11:07:36,待分拣,train,D:\Garbage Classification\Garbage_Classification_Organized\dataset\待分拣\待分拣37.jpg,D:\Garbage Classification\Garbage_Classification_Organized\garbage_dataset_20260624_110735\train\待分拣\待分拣37.jpg,待分拣37.jpg,待分拣37.jpg,558,558,RGB,47731,,success,
2026-06-24 11:07:36,待分拣,train,D:\Garbage Classification\Garbage_Classification_Organized\dataset\待分拣\待分拣_0098.jpg,D:\Garbage Classification\Garbage_Classification_Organized\garbage_dataset_20260624_110735\train\待分拣\待分拣_0098.jpg,待分拣_0098.jpg,待分拣_0098.jpg,558,558,RGB,50618,,success,
2026-06-24 11:07:36,待分拣,train,D:\Garbage Classification\Garbage_Classification_Organized\dataset\待分拣\待分拣_0172.jpg,D:\Garbage Classification\Garbage_Classification_Organized\garbage_dataset_20260624_110735\train\待分拣\待分拣_0172.jpg,待分拣_0172.jpg,待分拣_0172.jpg,558,558,RGB,54436,,success,
2026-06-24 11:07:36,待分拣,train,D:\Garbage Classification\Garbage_Classification_Organized\dataset\待分拣\待分拣_0053.jpg,D:\Garbage Classification\Garbage_Classification_Organized\garbage_dataset_20260624_110735\train\待分拣\待分拣_0053.jpg,待分拣_0053.jpg,待分拣_0053.jpg,558,558,RGB,56206,,success,
2026-06-24 11:07:36,待分拣,train,D:\Garbage Classification\Garbage_Classification_Organized\dataset\待分拣\待分拣223.jpg,D:\Garbage Classification\Garbage_Classification_Organized\garbage_dataset_20260624_110735\train\待分拣\待分拣223.jpg,待分拣223.jpg,待分拣223.jpg,558,558,RGB,54354,,success,
2026-06-24 11:07:36,待分拣,train,D:\Garbage Classification\Garbage_Classification_Organized\dataset\待分拣\待分拣240.jpg,D:\Garbage Classification\Garbage_Classification_Organized\garbage_dataset_20260624_110735\train\待分拣\待分拣240.jpg,待分拣240.jpg,待分拣240.jpg,558,558,RGB,51408,,success,
2026-06-24 11:07:36,待分拣,train,D:\Garbage Classification\Garbage_Classification_Organized\dataset\待分拣\待分拣104.jpg,D:\Garbage Classification\Garbage_Classification_Organized\garbage_dataset_20260624_110735\train\待分拣\待分拣104.jpg,待分拣104.jpg,待分拣104.jpg,558,558,RGB,47686,,success,
2026-06-24 11:07:36,待分拣,train,D:\Garbage Classification\Garbage_Classification_Organized\dataset\待分拣\待分拣10.jpg,D:\Garbage Classification\Garbage_Classification_Organized\garbage_dataset_20260624_110735\train\待分拣\待分拣10.jpg,待分拣10.jpg,待分拣10.jpg,558,558,RGB,50657,,success,
2026-06-24 11:07:36,待分拣,train,D:\Garbage Classification\Garbage_Classification_Organized\dataset\待分拣\待分拣_0007.jpg,D:\Garbage Classification\Garbage_Classification_Organized\garbage_dataset_20260624_110735\train\待分拣\待分拣_0007.jpg,待分拣_0007.jpg,待分拣_0007.jpg,558,558,RGB,45998,,success,
2026-06-24 11:07:36,待分拣,train,D:\Garbage Classification\Garbage_Classification_Organized\dataset\待分拣\待分拣227.jpg,D:\Garbage Classification\Garbage_Classification_Organized\garbage_dataset_20260624_110735\train\待分拣\待分拣227.jpg,待分拣227.jpg,待分拣227.jpg,558,558,RGB,55258,,success,
2026-06-24 11:07:36,待分拣,train,D:\Garbage Classification\Garbage_Classification_Organized\dataset\待分拣\待分拣_0027.jpg,D:\Garbage Classification\Garbage_Classification_Organized\garbage_dataset_20260624_110735\train\待分拣\待分拣_0027.jpg,待分拣_0027.jpg,待分拣_0027.jpg,558,558,RGB,47595,,success,
2026-06-24 11:07:36,待分拣,train,D:\Garbage Classification\Garbage_Classification_Organized\dataset\待分拣\待分拣54.jpg,D:\Garbage Classification\Garbage_Classification_Organized\garbage_dataset_20260624_110735\train\待分拣\待分拣54.jpg,待分拣54.jpg,待分拣54.jpg,558,558,RGB,46685,,success,
2026-06-24 11:07:36,待分拣,train,D:\Garbage Classification\Garbage_Classification_Organized\dataset\待分拣\待分拣_0103.jpg,D:\Garbage Classification\Garbage_Classification_Organized\garbage_dataset_20260624_110735\train\待分拣\待分拣_0103.jpg,待分拣_0103.jpg,待分拣_0103.jpg,558,558,RGB,54764,,success,
2026-06-24 11:07:36,待分拣,train,D:\Garbage Classification\Garbage_Classification_Organized\dataset\待分拣\待分拣_0086.jpg,D:\Garbage Classification\Garbage_Classification_Organized\garbage_dataset_20260624_110735\train\待分拣\待分拣_0086.jpg,待分拣_0086.jpg,待分拣_0086.jpg,558,558,RGB,48375,,success,
2026-06-24 11:07:36,待分拣,train,D:\Garbage Classification\Garbage_Classification_Organized\dataset\待分拣\待分拣_0142.jpg,D:\Garbage Classification\Garbage_Classification_Organized\garbage_dataset_20260624_110735\train\待分拣\待分拣_0142.jpg,待分拣_0142.jpg,待分拣_0142.jpg,558,558,RGB,45000,,success,
2026-06-24 11:07:36,待分拣,train,D:\Garbage Classification\Garbage_Classification_Organized\dataset\待分拣\待分拣248.jpg,D:\Garbage Classification\Garbage_Classification_Organized\garbage_dataset_20260624_110735\train\待分拣\待分拣248.jpg,待分拣248.jpg,待分拣248.jpg,558,558,RGB,52998,,success,
2026-06-24 11:07:36,待分拣,train,D:\Garbage Classification\Garbage_Classification_Organized\dataset\待分拣\待分拣_0031.jpg,D:\Garbage Classification\Garbage_Classification_Organized\garbage_dataset_20260624_110735\train\待分拣\待分拣_0031.jpg,待分拣_0031.jpg,待分拣_0031.jpg,558,558,RGB,50175,,success,
2026-06-24 11:07:36,待分拣,train,D:\Garbage Classification\Garbage_Classification_Organized\dataset\待分拣\待分拣_0058.jpg,D:\Garbage Classification\Garbage_Classification_Organized\garbage_dataset_20260624_110735\train\待分拣\待分拣_0058.jpg,待分拣_0058.jpg,待分拣_0058.jpg,558,558,RGB,53119,,success,
2026-06-24 11:07:36,待分拣,train,D:\Garbage Classification\Garbage_Classification_Organized\dataset\待分拣\待分拣_0122.jpg,D:\Garbage Classification\Garbage_Classification_Organized\garbage_dataset_20260624_110735\train\待分拣\待分拣_0122.jpg,待分拣_0122.jpg,待分拣_0122.jpg,558,558,RGB,45298,,success,
2026-06-24 11:07:36,待分拣,train,D:\Garbage Classification\Garbage_Classification_Organized\dataset\待分拣\待分拣213.jpg,D:\Garbage Classification\Garbage_Classification_Organized\garbage_dataset_20260624_110735\train\待分拣\待分拣213.jpg,待分拣213.jpg,待分拣213.jpg,558,558,RGB,56592,,success,
2026-06-24 11:07:36,待分拣,train,D:\Garbage Classification\Garbage_Classification_Organized\dataset\待分拣\待分拣93.jpg,D:\Garbage Classification\Garbage_Classification_Organized\garbage_dataset_20260624_110735\train\待分拣\待分拣93.jpg,待分拣93.jpg,待分拣93.jpg,558,558,RGB,51731,,success,
2026-06-24 11:07:36,待分拣,train,D:\Garbage Classification\Garbage_Classification_Organized\dataset\待分拣\待分拣_0176.jpg,D:\Garbage Classification\Garbage_Classification_Organized\garbage_dataset_20260624_110735\train\待分拣\待分拣_0176.jpg,待分拣_0176.jpg,待分拣_0176.jpg,558,558,RGB,52496,,success,
2026-06-24 11:07:36,待分拣,train,D:\Garbage Classification\Garbage_Classification_Organized\dataset\待分拣\有害_0258.jpg,D:\Garbage Classification\Garbage_Classification_Organized\garbage_dataset_20260624_110735\train\待分拣\有害_0258.jpg,有害_0258.jpg,有害_0258.jpg,558,558,RGB,55660,,success,
2026-06-24 11:07:36,待分拣,train,D:\Garbage Classification\Garbage_Classification_Organized\dataset\待分拣\待分拣_0094.jpg,D:\Garbage Classification\Garbage_Classification_Organized\garbage_dataset_20260624_110735\train\待分拣\待分拣_0094.jpg,待分拣_0094.jpg,待分拣_0094.jpg,558,558,RGB,45954,,success,
2026-06-24 11:07:36,待分拣,train,D:\Garbage Classification\Garbage_Classification_Organized\dataset\待分拣\有害_0231.jpg,D:\Garbage Classification\Garbage_Classification_Organized\garbage_dataset_20260624_110735\train\待分拣\有害_0231.jpg,有害_0231.jpg,有害_0231.jpg,558,558,RGB,71787,,success,
2026-06-24 11:07:36,待分拣,train,D:\Garbage Classification\Garbage_Classification_Organized\dataset\待分拣\待分拣106.jpg,D:\Garbage Classification\Garbage_Classification_Organized\garbage_dataset_20260624_110735\train\待分拣\待分拣106.jpg,待分拣106.jpg,待分拣106.jpg,558,558,RGB,45320,,success,
2026-06-24 11:07:36,待分拣,train,D:\Garbage Classification\Garbage_Classification_Organized\dataset\待分拣\待分拣58.jpg,D:\Garbage Classification\Garbage_Classification_Organized\garbage_dataset_20260624_110735\train\待分拣\待分拣58.jpg,待分拣58.jpg,待分拣58.jpg,558,558,RGB,46445,,success,
2026-06-24 11:07:36,待分拣,train,D:\Garbage Classification\Garbage_Classification_Organized\dataset\待分拣\待分拣278.jpg,D:\Garbage Classification\Garbage_Classification_Organized\garbage_dataset_20260624_110735\train\待分拣\待分拣278.jpg,待分拣278.jpg,待分拣278.jpg,558,558,RGB,56269,,success,
2026-06-24 11:07:36,待分拣,train,D:\Garbage Classification\Garbage_Classification_Organized\dataset\待分拣\待分拣221.jpg,D:\Garbage Classification\Garbage_Classification_Organized\garbage_dataset_20260624_110735\train\待分拣\待分拣221.jpg,待分拣221.jpg,待分拣221.jpg,558,558,RGB,56574,,success,
2026-06-24 11:07:36,待分拣,train,D:\Garbage Classification\Garbage_Classification_Organized\dataset\待分拣\待分拣_0033.jpg,D:\Garbage Classification\Garbage_Classification_Organized\garbage_dataset_20260624_110735\train\待分拣\待分拣_0033.jpg,待分拣_0033.jpg,待分拣_0033.jpg,558,558,RGB,47085,,success,
2026-06-24 11:07:36,待分拣,train,D:\Garbage Classification\Garbage_Classification_Organized\dataset\待分拣\待分拣118.jpg,D:\Garbage Classification\Garbage_Classification_Organized\garbage_dataset_20260624_110735\train\待分拣\待分拣118.jpg,待分拣118.jpg,待分拣118.jpg,558,558,RGB,49531,,success,
2026-06-24 11:07:36,待分拣,train,D:\Garbage Classification\Garbage_Classification_Organized\dataset\待分拣\待分拣232.jpg,D:\Garbage Classification\Garbage_Classification_Organized\garbage_dataset_20260624_110735\train\待分拣\待分拣232.jpg,待分拣232.jpg,待分拣232.jpg,558,558,RGB,52754,,success,
2026-06-24 11:07:36,待分拣,train,D:\Garbage Classification\Garbage_Classification_Organized\dataset\待分拣\待分拣242.jpg,D:\Garbage Classification\Garbage_Classification_Organized\garbage_dataset_20260624_110735\train\待分拣\待分拣242.jpg,待分拣242.jpg,待分拣242.jpg,558,558,RGB,58009,,success,
2026-06-24 11:07:36,待分拣,train,D:\Garbage Classification\Garbage_Classification_Organized\dataset\待分拣\待分拣164.jpg,D:\Garbage Classification\Garbage_Classification_Organized\garbage_dataset_20260624_110735\train\待分拣\待分拣164.jpg,待分拣164.jpg,待分拣164.jpg,558,558,RGB,54486,,success,
2026-06-24 11:07:36,待分拣,train,D:\Garbage Classification\Garbage_Classification_Organized\dataset\待分拣\待分拣_0002.jpg,D:\Garbage Classification\Garbage_Classification_Organized\garbage_dataset_20260624_110735\train\待分拣\待分拣_0002.jpg,待分拣_0002.jpg,待分拣_0002.jpg,558,558,RGB,46194,,success,
2026-06-24 11:07:36,待分拣,train,D:\Garbage Classification\Garbage_Classification_Organized\dataset\待分拣\待分拣260.jpg,D:\Garbage Classification\Garbage_Classification_Organized\garbage_dataset_20260624_110735\train\待分拣\待分拣260.jpg,待分拣260.jpg,待分拣260.jpg,558,558,RGB,47613,,success,
2026-06-24 11:07:36,待分拣,train,D:\Garbage Classification\Garbage_Classification_Organized\dataset\待分拣\待分拣16.jpg,D:\Garbage Classification\Garbage_Classification_Organized\garbage_dataset_20260624_110735\train\待分拣\待分拣16.jpg,待分拣16.jpg,待分拣16.jpg,558,558,RGB,53125,,success,
2026-06-24 11:07:36,待分拣,train,D:\Garbage Classification\Garbage_Classification_Organized\dataset\待分拣\待分拣18.jpg,D:\Garbage Classification\Garbage_Classification_Organized\garbage_dataset_20260624_110735\train\待分拣\待分拣18.jpg,待分拣18.jpg,待分拣18.jpg,558,558,RGB,55642,,success,
2026-06-24 11:07:36,待分拣,train,D:\Garbage Classification\Garbage_Classification_Organized\dataset\待分拣\待分拣150.jpg,D:\Garbage Classification\Garbage_Classification_Organized\garbage_dataset_20260624_110735\train\待分拣\待分拣150.jpg,待分拣150.jpg,待分拣150.jpg,558,558,RGB,54091,,success,
2026-06-24 11:07:36,待分拣,train,D:\Garbage Classification\Garbage_Classification_Organized\dataset\待分拣\待分拣254.jpg,D:\Garbage Classification\Garbage_Classification_Organized\garbage_dataset_20260624_110735\train\待分拣\待分拣254.jpg,待分拣254.jpg,待分拣254.jpg,558,558,RGB,56679,,success,
2026-06-24 11:07:36,待分拣,train,D:\Garbage Classification\Garbage_Classification_Organized\dataset\待分拣\有害_0263.jpg,D:\Garbage Classification\Garbage_Classification_Organized\garbage_dataset_20260624_110735\train\待分拣\有害_0263.jpg,有害_0263.jpg,有害_0263.jpg,558,558,RGB,58104,,success,
2026-06-24 11:07:36,待分拣,train,D:\Garbage Classification\Garbage_Classification_Organized\dataset\待分拣\待分拣233.jpg,D:\Garbage Classification\Garbage_Classification_Organized\garbage_dataset_20260624_110735\train\待分拣\待分拣233.jpg,待分拣233.jpg,待分拣233.jpg,558,558,RGB,51398,,success,
2026-06-24 11:07:36,待分拣,train,D:\Garbage Classification\Garbage_Classification_Organized\dataset\待分拣\待分拣235.jpg,D:\Garbage Classification\Garbage_Classification_Organized\garbage_dataset_20260624_110735\train\待分拣\待分拣235.jpg,待分拣235.jpg,待分拣235.jpg,558,558,RGB,57511,,success,
2026-06-24 11:07:36,待分拣,train,D:\Garbage Classification\Garbage_Classification_Organized\dataset\待分拣\待分拣210.jpg,D:\Garbage Classification\Garbage_Classification_Organized\garbage_dataset_20260624_110735\train\待分拣\待分拣210.jpg,待分拣210.jpg,待分拣210.jpg,558,558,RGB,56091,,success,
2026-06-24 11:07:36,待分拣,train,D:\Garbage Classification\Garbage_Classification_Organized\dataset\待分拣\待分拣_0130.jpg,D:\Garbage Classification\Garbage_Classification_Organized\garbage_dataset_20260624_110735\train\待分拣\待分拣_0130.jpg,待分拣_0130.jpg,待分拣_0130.jpg,558,558,RGB,45012,,success,
2026-06-24 11:07:36,待分拣,train,D:\Garbage Classification\Garbage_Classification_Organized\dataset\待分拣\待分拣_0092.jpg,D:\Garbage Classification\Garbage_Classification_Organized\garbage_dataset_20260624_110735\train\待分拣\待分拣_0092.jpg,待分拣_0092.jpg,待分拣_0092.jpg,558,558,RGB,52303,,success,
2026-06-24 11:07:36,待分拣,train,D:\Garbage Classification\Garbage_Classification_Organized\dataset\待分拣\待分拣_0065.jpg,D:\Garbage Classification\Garbage_Classification_Organized\garbage_dataset_20260624_110735\train\待分拣\待分拣_0065.jpg,待分拣_0065.jpg,待分拣_0065.jpg,558,558,RGB,51939,,success,
2026-06-24 11:07:36,待分拣,train,D:\Garbage Classification\Garbage_Classification_Organized\dataset\待分拣\待分拣_0051.jpg,D:\Garbage Classification\Garbage_Classification_Organized\garbage_dataset_20260624_110735\train\待分拣\待分拣_0051.jpg,待分拣_0051.jpg,待分拣_0051.jpg,558,558,RGB,47759,,success,
2026-06-24 11:07:36,待分拣,train,D:\Garbage Classification\Garbage_Classification_Organized\dataset\待分拣\待分拣241.jpg,D:\Garbage Classification\Garbage_Classification_Organized\garbage_dataset_20260624_110735\train\待分拣\待分拣241.jpg,待分拣241.jpg,待分拣241.jpg,558,558,RGB,53775,,success,
2026-06-24 11:07:36,待分拣,train,D:\Garbage Classification\Garbage_Classification_Organized\dataset\待分拣\有害_0071.jpg,D:\Garbage Classification\Garbage_Classification_Organized\garbage_dataset_20260624_110735\train\待分拣\有害_0071.jpg,有害_0071.jpg,有害_0071.jpg,558,558,RGB,55586,,success,
2026-06-24 11:07:36,待分拣,train,D:\Garbage Classification\Garbage_Classification_Organized\dataset\待分拣\可回收_0067.jpg,D:\Garbage Classification\Garbage_Classification_Organized\garbage_dataset_20260624_110735\train\待分拣\可回收_0067.jpg,可回收_0067.jpg,可回收_0067.jpg,558,558,RGB,58771,,success,
2026-06-24 11:07:36,待分拣,train,D:\Garbage Classification\Garbage_Classification_Organized\dataset\待分拣\待分拣110.jpg,D:\Garbage Classification\Garbage_Classification_Organized\garbage_dataset_20260624_110735\train\待分拣\待分拣110.jpg,待分拣110.jpg,待分拣110.jpg,558,558,RGB,45160,,success,
2026-06-24 11:07:36,待分拣,train,D:\Garbage Classification\Garbage_Classification_Organized\dataset\待分拣\待分拣245.jpg,D:\Garbage Classification\Garbage_Classification_Organized\garbage_dataset_20260624_110735\train\待分拣\待分拣245.jpg,待分拣245.jpg,待分拣245.jpg,558,558,RGB,53602,,success,
2026-06-24 11:07:36,待分拣,train,D:\Garbage Classification\Garbage_Classification_Organized\dataset\待分拣\待分拣97.jpg,D:\Garbage Classification\Garbage_Classification_Organized\garbage_dataset_20260624_110735\train\待分拣\待分拣97.jpg,待分拣97.jpg,待分拣97.jpg,558,558,RGB,50293,,success,
2026-06-24 11:07:36,待分拣,train,D:\Garbage Classification\Garbage_Classification_Organized\dataset\待分拣\待分拣163.jpg,D:\Garbage Classification\Garbage_Classification_Organized\garbage_dataset_20260624_110735\train\待分拣\待分拣163.jpg,待分拣163.jpg,待分拣163.jpg,558,558,RGB,59069,,success,
2026-06-24 11:07:36,待分拣,train,D:\Garbage Classification\Garbage_Classification_Organized\dataset\待分拣\待分拣_0120.jpg,D:\Garbage Classification\Garbage_Classification_Organized\garbage_dataset_20260624_110735\train\待分拣\待分拣_0120.jpg,待分拣_0120.jpg,待分拣_0120.jpg,558,558,RGB,45411,,success,
2026-06-24 11:07:36,待分拣,train,D:\Garbage Classification\Garbage_Classification_Organized\dataset\待分拣\待分拣_0050.jpg,D:\Garbage Classification\Garbage_Classification_Organized\garbage_dataset_20260624_110735\train\待分拣\待分拣_0050.jpg,待分拣_0050.jpg,待分拣_0050.jpg,558,558,RGB,47035,,success,
2026-06-24 11:07:36,待分拣,train,D:\Garbage Classification\Garbage_Classification_Organized\dataset\待分拣\待分拣_0148.jpg,D:\Garbage Classification\Garbage_Classification_Organized\garbage_dataset_20260624_110735\train\待分拣\待分拣_0148.jpg,待分拣_0148.jpg,待分拣_0148.jpg,558,558,RGB,53527,,success,
2026-06-24 11:07:36,待分拣,train,D:\Garbage Classification\Garbage_Classification_Organized\dataset\待分拣\待分拣_0010.jpg,D:\Garbage Classification\Garbage_Classification_Organized\garbage_dataset_20260624_110735\train\待分拣\待分拣_0010.jpg,待分拣_0010.jpg,待分拣_0010.jpg,558,558,RGB,47135,,success,
2026-06-24 11:07:36,待分拣,train,D:\Garbage Classification\Garbage_Classification_Organized\dataset\待分拣\待分拣_0116.jpg,D:\Garbage Classification\Garbage_Classification_Organized\garbage_dataset_20260624_110735\train\待分拣\待分拣_0116.jpg,待分拣_0116.jpg,待分拣_0116.jpg,558,558,RGB,45884,,success,
2026-06-24 11:07:36,待分拣,train,D:\Garbage Classification\Garbage_Classification_Organized\dataset\待分拣\待分拣_0199.jpg,D:\Garbage Classification\Garbage_Classification_Organized\garbage_dataset_20260624_110735\train\待分拣\待分拣_0199.jpg,待分拣_0199.jpg,待分拣_0199.jpg,558,558,RGB,51233,,success,
2026-06-24 11:07:36,待分拣,train,D:\Garbage Classification\Garbage_Classification_Organized\dataset\待分拣\待分拣154.jpg,D:\Garbage Classification\Garbage_Classification_Organized\garbage_dataset_20260624_110735\train\待分拣\待分拣154.jpg,待分拣154.jpg,待分拣154.jpg,558,558,RGB,49412,,success,
2026-06-24 11:07:36,待分拣,train,D:\Garbage Classification\Garbage_Classification_Organized\dataset\待分拣\有害_0079.jpg,D:\Garbage Classification\Garbage_Classification_Organized\garbage_dataset_20260624_110735\train\待分拣\有害_0079.jpg,有害_0079.jpg,有害_0079.jpg,558,558,RGB,51086,,success,
2026-06-24 11:07:36,待分拣,train,D:\Garbage Classification\Garbage_Classification_Organized\dataset\待分拣\待分拣214.jpg,D:\Garbage Classification\Garbage_Classification_Organized\garbage_dataset_20260624_110735\train\待分拣\待分拣214.jpg,待分拣214.jpg,待分拣214.jpg,558,558,RGB,58758,,success,
2026-06-24 11:07:36,待分拣,train,D:\Garbage Classification\Garbage_Classification_Organized\dataset\待分拣\待分拣224.jpg,D:\Garbage Classification\Garbage_Classification_Organized\garbage_dataset_20260624_110735\train\待分拣\待分拣224.jpg,待分拣224.jpg,待分拣224.jpg,558,558,RGB,58131,,success,
2026-06-24 11:07:36,待分拣,train,D:\Garbage Classification\Garbage_Classification_Organized\dataset\待分拣\有害_0160.jpg,D:\Garbage Classification\Garbage_Classification_Organized\garbage_dataset_20260624_110735\train\待分拣\有害_0160.jpg,有害_0160.jpg,有害_0160.jpg,558,558,RGB,65650,,success,
2026-06-24 11:07:36,待分拣,train,D:\Garbage Classification\Garbage_Classification_Organized\dataset\待分拣\待分拣_0164.jpg,D:\Garbage Classification\Garbage_Classification_Organized\garbage_dataset_20260624_110735\train\待分拣\待分拣_0164.jpg,待分拣_0164.jpg,待分拣_0164.jpg,558,558,RGB,53659,,success,
2026-06-24 11:07:36,待分拣,train,D:\Garbage Classification\Garbage_Classification_Organized\dataset\待分拣\待分拣8.jpg,D:\Garbage Classification\Garbage_Classification_Organized\garbage_dataset_20260624_110735\train\待分拣\待分拣8.jpg,待分拣8.jpg,待分拣8.jpg,558,558,RGB,56323,,success,
2026-06-24 11:07:36,待分拣,train,D:\Garbage Classification\Garbage_Classification_Organized\dataset\待分拣\待分拣237.jpg,D:\Garbage Classification\Garbage_Classification_Organized\garbage_dataset_20260624_110735\train\待分拣\待分拣237.jpg,待分拣237.jpg,待分拣237.jpg,558,558,RGB,54434,,success,
2026-06-24 11:07:36,待分拣,train,D:\Garbage Classification\Garbage_Classification_Organized\dataset\待分拣\待分拣_0005.jpg,D:\Garbage Classification\Garbage_Classification_Organized\garbage_dataset_20260624_110735\train\待分拣\待分拣_0005.jpg,待分拣_0005.jpg,待分拣_0005.jpg,558,558,RGB,48827,,success,
2026-06-24 11:07:36,待分拣,train,D:\Garbage Classification\Garbage_Classification_Organized\dataset\待分拣\待分拣_0021.jpg,D:\Garbage Classification\Garbage_Classification_Organized\garbage_dataset_20260624_110735\train\待分拣\待分拣_0021.jpg,待分拣_0021.jpg,待分拣_0021.jpg,558,558,RGB,51374,,success,
2026-06-24 11:07:36,待分拣,train,D:\Garbage Classification\Garbage_Classification_Organized\dataset\待分拣\待分拣271.jpg,D:\Garbage Classification\Garbage_Classification_Organized\garbage_dataset_20260624_110735\train\待分拣\待分拣271.jpg,待分拣271.jpg,待分拣271.jpg,558,558,RGB,53462,,success,
2026-06-24 11:07:36,待分拣,train,D:\Garbage Classification\Garbage_Classification_Organized\dataset\待分拣\待分拣61.jpg,D:\Garbage Classification\Garbage_Classification_Organized\garbage_dataset_20260624_110735\train\待分拣\待分拣61.jpg,待分拣61.jpg,待分拣61.jpg,558,558,RGB,50336,,success,
2026-06-24 11:07:36,待分拣,train,D:\Garbage Classification\Garbage_Classification_Organized\dataset\待分拣\待分拣225.jpg,D:\Garbage Classification\Garbage_Classification_Organized\garbage_dataset_20260624_110735\train\待分拣\待分拣225.jpg,待分拣225.jpg,待分拣225.jpg,558,558,RGB,53963,,success,
2026-06-24 11:07:36,待分拣,train,D:\Garbage Classification\Garbage_Classification_Organized\dataset\待分拣\待分拣_0132.jpg,D:\Garbage Classification\Garbage_Classification_Organized\garbage_dataset_20260624_110735\train\待分拣\待分拣_0132.jpg,待分拣_0132.jpg,待分拣_0132.jpg,558,558,RGB,45064,,success,
2026-06-24 11:07:36,待分拣,train,D:\Garbage Classification\Garbage_Classification_Organized\dataset\待分拣\待分拣188.jpg,D:\Garbage Classification\Garbage_Classification_Organized\garbage_dataset_20260624_110735\train\待分拣\待分拣188.jpg,待分拣188.jpg,待分拣188.jpg,558,558,RGB,51391,,success,
2026-06-24 11:07:36,待分拣,train,D:\Garbage Classification\Garbage_Classification_Organized\dataset\待分拣\待分拣45.jpg,D:\Garbage Classification\Garbage_Classification_Organized\garbage_dataset_20260624_110735\train\待分拣\待分拣45.jpg,待分拣45.jpg,待分拣45.jpg,558,558,RGB,46443,,success,
2026-06-24 11:07:36,待分拣,train,D:\Garbage Classification\Garbage_Classification_Organized\dataset\待分拣\待分拣_0200.jpg,D:\Garbage Classification\Garbage_Classification_Organized\garbage_dataset_20260624_110735\train\待分拣\待分拣_0200.jpg,待分拣_0200.jpg,待分拣_0200.jpg,558,558,RGB,49775,,success,
2026-06-24 11:07:36,待分拣,train,D:\Garbage Classification\Garbage_Classification_Organized\dataset\待分拣\待分拣256.jpg,D:\Garbage Classification\Garbage_Classification_Organized\garbage_dataset_20260624_110735\train\待分拣\待分拣256.jpg,待分拣256.jpg,待分拣256.jpg,558,558,RGB,60643,,success,
2026-06-24 11:07:36,待分拣,train,D:\Garbage Classification\Garbage_Classification_Organized\dataset\待分拣\待分拣_0054.jpg,D:\Garbage Classification\Garbage_Classification_Organized\garbage_dataset_20260624_110735\train\待分拣\待分拣_0054.jpg,待分拣_0054.jpg,待分拣_0054.jpg,558,558,RGB,53791,,success,
2026-06-24 11:07:36,待分拣,train,D:\Garbage Classification\Garbage_Classification_Organized\dataset\待分拣\待分拣11.jpg,D:\Garbage Classification\Garbage_Classification_Organized\garbage_dataset_20260624_110735\train\待分拣\待分拣11.jpg,待分拣11.jpg,待分拣11.jpg,558,558,RGB,56651,,success,
2026-06-24 11:07:36,待分拣,train,D:\Garbage Classification\Garbage_Classification_Organized\dataset\待分拣\待分拣_0198.jpg,D:\Garbage Classification\Garbage_Classification_Organized\garbage_dataset_20260624_110735\train\待分拣\待分拣_0198.jpg,待分拣_0198.jpg,待分拣_0198.jpg,558,558,RGB,55568,,success,
2026-06-24 11:07:36,待分拣,train,D:\Garbage Classification\Garbage_Classification_Organized\dataset\待分拣\待分拣112.jpg,D:\Garbage Classification\Garbage_Classification_Organized\garbage_dataset_20260624_110735\train\待分拣\待分拣112.jpg,待分拣112.jpg,待分拣112.jpg,558,558,RGB,45440,,success,
2026-06-24 11:07:36,待分拣,train,D:\Garbage Classification\Garbage_Classification_Organized\dataset\待分拣\待分拣211.jpg,D:\Garbage Classification\Garbage_Classification_Organized\garbage_dataset_20260624_110735\train\待分拣\待分拣211.jpg,待分拣211.jpg,待分拣211.jpg,558,558,RGB,54876,,success,
2026-06-24 11:07:36,待分拣,train,D:\Garbage Classification\Garbage_Classification_Organized\dataset\待分拣\待分拣266.jpg,D:\Garbage Classification\Garbage_Classification_Organized\garbage_dataset_20260624_110735\train\待分拣\待分拣266.jpg,待分拣266.jpg,待分拣266.jpg,558,558,RGB,53644,,success,
2026-06-24 11:07:36,待分拣,train,D:\Garbage Classification\Garbage_Classification_Organized\dataset\待分拣\待分拣_0032.jpg,D:\Garbage Classification\Garbage_Classification_Organized\garbage_dataset_20260624_110735\train\待分拣\待分拣_0032.jpg,待分拣_0032.jpg,待分拣_0032.jpg,558,558,RGB,46542,,success,
2026-06-24 11:07:36,待分拣,train,D:\Garbage Classification\Garbage_Classification_Organized\dataset\待分拣\待分拣_0022.jpg,D:\Garbage Classification\Garbage_Classification_Organized\garbage_dataset_20260624_110735\train\待分拣\待分拣_0022.jpg,待分拣_0022.jpg,待分拣_0022.jpg,558,558,RGB,43660,,success,
2026-06-24 11:07:36,待分拣,train,D:\Garbage Classification\Garbage_Classification_Organized\dataset\待分拣\待分拣_0076.jpg,D:\Garbage Classification\Garbage_Classification_Organized\garbage_dataset_20260624_110735\train\待分拣\待分拣_0076.jpg,待分拣_0076.jpg,待分拣_0076.jpg,558,558,RGB,51742,,success,
2026-06-24 11:07:36,待分拣,train,D:\Garbage Classification\Garbage_Classification_Organized\dataset\待分拣\待分拣_0036.jpg,D:\Garbage Classification\Garbage_Classification_Organized\garbage_dataset_20260624_110735\train\待分拣\待分拣_0036.jpg,待分拣_0036.jpg,待分拣_0036.jpg,558,558,RGB,51621,,success,
2026-06-24 11:07:36,待分拣,train,D:\Garbage Classification\Garbage_Classification_Organized\dataset\待分拣\待分拣229.jpg,D:\Garbage Classification\Garbage_Classification_Organized\garbage_dataset_20260624_110735\train\待分拣\待分拣229.jpg,待分拣229.jpg,待分拣229.jpg,558,558,RGB,51401,,success,
2026-06-24 11:07:36,待分拣,train,D:\Garbage Classification\Garbage_Classification_Organized\dataset\待分拣\待分拣_0187.jpg,D:\Garbage Classification\Garbage_Classification_Organized\garbage_dataset_20260624_110735\train\待分拣\待分拣_0187.jpg,待分拣_0187.jpg,待分拣_0187.jpg,558,558,RGB,55975,,success,
2026-06-24 11:07:36,待分拣,train,D:\Garbage Classification\Garbage_Classification_Organized\dataset\待分拣\待分拣_0117.jpg,D:\Garbage Classification\Garbage_Classification_Organized\garbage_dataset_20260624_110735\train\待分拣\待分拣_0117.jpg,待分拣_0117.jpg,待分拣_0117.jpg,558,558,RGB,46233,,success,
2026-06-24 11:07:36,待分拣,train,D:\Garbage Classification\Garbage_Classification_Organized\dataset\待分拣\待分拣_0207.jpg,D:\Garbage Classification\Garbage_Classification_Organized\garbage_dataset_20260624_110735\train\待分拣\待分拣_0207.jpg,待分拣_0207.jpg,待分拣_0207.jpg,558,558,RGB,48258,,success,
2026-06-24 11:07:36,待分拣,train,D:\Garbage Classification\Garbage_Classification_Organized\dataset\待分拣\待分拣_0014.jpg,D:\Garbage Classification\Garbage_Classification_Organized\garbage_dataset_20260624_110735\train\待分拣\待分拣_0014.jpg,待分拣_0014.jpg,待分拣_0014.jpg,558,558,RGB,47601,,success,
2026-06-24 11:07:36,待分拣,train,D:\Garbage Classification\Garbage_Classification_Organized\dataset\待分拣\有害_0200.jpg,D:\Garbage Classification\Garbage_Classification_Organized\garbage_dataset_20260624_110735\train\待分拣\有害_0200.jpg,有害_0200.jpg,有害_0200.jpg,558,558,RGB,66892,,success,
2026-06-24 11:07:36,待分拣,train,D:\Garbage Classification\Garbage_Classification_Organized\dataset\待分拣\待分拣50.jpg,D:\Garbage Classification\Garbage_Classification_Organized\garbage_dataset_20260624_110735\train\待分拣\待分拣50.jpg,待分拣50.jpg,待分拣50.jpg,558,558,RGB,45837,,success,
2026-06-24 11:07:36,待分拣,train,D:\Garbage Classification\Garbage_Classification_Organized\dataset\待分拣\待分拣264.jpg,D:\Garbage Classification\Garbage_Classification_Organized\garbage_dataset_20260624_110735\train\待分拣\待分拣264.jpg,待分拣264.jpg,待分拣264.jpg,558,558,RGB,51402,,success,
2026-06-24 11:07:36,待分拣,train,D:\Garbage Classification\Garbage_Classification_Organized\dataset\待分拣\待分拣_0166.jpg,D:\Garbage Classification\Garbage_Classification_Organized\garbage_dataset_20260624_110735\train\待分拣\待分拣_0166.jpg,待分拣_0166.jpg,待分拣_0166.jpg,558,558,RGB,54967,,success,
2026-06-24 11:07:36,待分拣,train,D:\Garbage Classification\Garbage_Classification_Organized\dataset\待分拣\待分拣107.jpg,D:\Garbage Classification\Garbage_Classification_Organized\garbage_dataset_20260624_110735\train\待分拣\待分拣107.jpg,待分拣107.jpg,待分拣107.jpg,558,558,RGB,45617,,success,
2026-06-24 11:07:36,待分拣,train,D:\Garbage Classification\Garbage_Classification_Organized\dataset\待分拣\待分拣_0059.jpg,D:\Garbage Classification\Garbage_Classification_Organized\garbage_dataset_20260624_110735\train\待分拣\待分拣_0059.jpg,待分拣_0059.jpg,待分拣_0059.jpg,558,558,RGB,51060,,success,
2026-06-24 11:07:36,待分拣,train,D:\Garbage Classification\Garbage_Classification_Organized\dataset\待分拣\待分拣162.jpg,D:\Garbage Classification\Garbage_Classification_Organized\garbage_dataset_20260624_110735\train\待分拣\待分拣162.jpg,待分拣162.jpg,待分拣162.jpg,558,558,RGB,54519,,success,
2026-06-24 11:07:36,待分拣,train,D:\Garbage Classification\Garbage_Classification_Organized\dataset\待分拣\待分拣69.jpg,D:\Garbage Classification\Garbage_Classification_Organized\garbage_dataset_20260624_110735\train\待分拣\待分拣69.jpg,待分拣69.jpg,待分拣69.jpg,558,558,RGB,46771,,success,
2026-06-24 11:07:36,待分拣,train,D:\Garbage Classification\Garbage_Classification_Organized\dataset\待分拣\待分拣13.jpg,D:\Garbage Classification\Garbage_Classification_Organized\garbage_dataset_20260624_110735\train\待分拣\待分拣13.jpg,待分拣13.jpg,待分拣13.jpg,558,558,RGB,56544,,success,
2026-06-24 11:07:36,待分拣,train,D:\Garbage Classification\Garbage_Classification_Organized\dataset\待分拣\待分拣_0100.jpg,D:\Garbage Classification\Garbage_Classification_Organized\garbage_dataset_20260624_110735\train\待分拣\待分拣_0100.jpg,待分拣_0100.jpg,待分拣_0100.jpg,558,558,RGB,50542,,success,
2026-06-24 11:07:36,待分拣,train,D:\Garbage Classification\Garbage_Classification_Organized\dataset\待分拣\待分拣_0195.jpg,D:\Garbage Classification\Garbage_Classification_Organized\garbage_dataset_20260624_110735\train\待分拣\待分拣_0195.jpg,待分拣_0195.jpg,待分拣_0195.jpg,558,558,RGB,49114,,success,
2026-06-24 11:07:36,待分拣,train,D:\Garbage Classification\Garbage_Classification_Organized\dataset\待分拣\待分拣_0024.jpg,D:\Garbage Classification\Garbage_Classification_Organized\garbage_dataset_20260624_110735\train\待分拣\待分拣_0024.jpg,待分拣_0024.jpg,待分拣_0024.jpg,558,558,RGB,48392,,success,
2026-06-24 11:07:36,待分拣,train,D:\Garbage Classification\Garbage_Classification_Organized\dataset\待分拣\待分拣90.jpg,D:\Garbage Classification\Garbage_Classification_Organized\garbage_dataset_20260624_110735\train\待分拣\待分拣90.jpg,待分拣90.jpg,待分拣90.jpg,558,558,RGB,50117,,success,
2026-06-24 11:07:36,待分拣,train,D:\Garbage Classification\Garbage_Classification_Organized\dataset\待分拣\待分拣31.jpg,D:\Garbage Classification\Garbage_Classification_Organized\garbage_dataset_20260624_110735\train\待分拣\待分拣31.jpg,待分拣31.jpg,待分拣31.jpg,558,558,RGB,56996,,success,
2026-06-24 11:07:36,待分拣,train,D:\Garbage Classification\Garbage_Classification_Organized\dataset\待分拣\待分拣263.jpg,D:\Garbage Classification\Garbage_Classification_Organized\garbage_dataset_20260624_110735\train\待分拣\待分拣263.jpg,待分拣263.jpg,待分拣263.jpg,558,558,RGB,54458,,success,
2026-06-24 11:07:36,待分拣,train,D:\Garbage Classification\Garbage_Classification_Organized\dataset\待分拣\待分拣255.jpg,D:\Garbage Classification\Garbage_Classification_Organized\garbage_dataset_20260624_110735\train\待分拣\待分拣255.jpg,待分拣255.jpg,待分拣255.jpg,558,558,RGB,59028,,success,
2026-06-24 11:07:36,待分拣,train,D:\Garbage Classification\Garbage_Classification_Organized\dataset\待分拣\待分拣65.jpg,D:\Garbage Classification\Garbage_Classification_Organized\garbage_dataset_20260624_110735\train\待分拣\待分拣65.jpg,待分拣65.jpg,待分拣65.jpg,558,558,RGB,46740,,success,
2026-06-24 11:07:36,待分拣,train,D:\Garbage Classification\Garbage_Classification_Organized\dataset\待分拣\待分拣_0177.jpg,D:\Garbage Classification\Garbage_Classification_Organized\garbage_dataset_20260624_110735\train\待分拣\待分拣_0177.jpg,待分拣_0177.jpg,待分拣_0177.jpg,558,558,RGB,45063,,success,
2026-06-24 11:07:36,待分拣,train,D:\Garbage Classification\Garbage_Classification_Organized\dataset\待分拣\待分拣_0168.jpg,D:\Garbage Classification\Garbage_Classification_Organized\garbage_dataset_20260624_110735\train\待分拣\待分拣_0168.jpg,待分拣_0168.jpg,待分拣_0168.jpg,558,558,RGB,56613,,success,
2026-06-24 11:07:36,待分拣,train,D:\Garbage Classification\Garbage_Classification_Organized\dataset\待分拣\待分拣32.jpg,D:\Garbage Classification\Garbage_Classification_Organized\garbage_dataset_20260624_110735\train\待分拣\待分拣32.jpg,待分拣32.jpg,待分拣32.jpg,558,558,RGB,46648,,success,
2026-06-24 11:07:36,待分拣,train,D:\Garbage Classification\Garbage_Classification_Organized\dataset\待分拣\待分拣275.jpg,D:\Garbage Classification\Garbage_Classification_Organized\garbage_dataset_20260624_110735\train\待分拣\待分拣275.jpg,待分拣275.jpg,待分拣275.jpg,558,558,RGB,55854,,success,
2026-06-24 11:07:36,待分拣,train,D:\Garbage Classification\Garbage_Classification_Organized\dataset\待分拣\待分拣_0070.jpg,D:\Garbage Classification\Garbage_Classification_Organized\garbage_dataset_20260624_110735\train\待分拣\待分拣_0070.jpg,待分拣_0070.jpg,待分拣_0070.jpg,558,558,RGB,55455,,success,
2026-06-24 11:07:36,待分拣,train,D:\Garbage Classification\Garbage_Classification_Organized\dataset\待分拣\待分拣184.jpg,D:\Garbage Classification\Garbage_Classification_Organized\garbage_dataset_20260624_110735\train\待分拣\待分拣184.jpg,待分拣184.jpg,待分拣184.jpg,558,558,RGB,55868,,success,
2026-06-24 11:07:36,待分拣,train,D:\Garbage Classification\Garbage_Classification_Organized\dataset\待分拣\待分拣_0044.jpg,D:\Garbage Classification\Garbage_Classification_Organized\garbage_dataset_20260624_110735\train\待分拣\待分拣_0044.jpg,待分拣_0044.jpg,待分拣_0044.jpg,558,558,RGB,44637,,success,
2026-06-24 11:07:36,待分拣,train,D:\Garbage Classification\Garbage_Classification_Organized\dataset\待分拣\待分拣83.jpg,D:\Garbage Classification\Garbage_Classification_Organized\garbage_dataset_20260624_110735\train\待分拣\待分拣83.jpg,待分拣83.jpg,待分拣83.jpg,558,558,RGB,46291,,success,
2026-06-24 11:07:36,待分拣,train,D:\Garbage Classification\Garbage_Classification_Organized\dataset\待分拣\待分拣44.jpg,D:\Garbage Classification\Garbage_Classification_Organized\garbage_dataset_20260624_110735\train\待分拣\待分拣44.jpg,待分拣44.jpg,待分拣44.jpg,558,558,RGB,54155,,success,
2026-06-24 11:07:36,待分拣,train,D:\Garbage Classification\Garbage_Classification_Organized\dataset\待分拣\待分拣108.jpg,D:\Garbage Classification\Garbage_Classification_Organized\garbage_dataset_20260624_110735\train\待分拣\待分拣108.jpg,待分拣108.jpg,待分拣108.jpg,558,558,RGB,54972,,success,
2026-06-24 11:07:36,待分拣,train,D:\Garbage Classification\Garbage_Classification_Organized\dataset\待分拣\待分拣_0017.jpg,D:\Garbage Classification\Garbage_Classification_Organized\garbage_dataset_20260624_110735\train\待分拣\待分拣_0017.jpg,待分拣_0017.jpg,待分拣_0017.jpg,558,558,RGB,46709,,success,
2026-06-24 11:07:36,待分拣,train,D:\Garbage Classification\Garbage_Classification_Organized\dataset\待分拣\待分拣4.jpg,D:\Garbage Classification\Garbage_Classification_Organized\garbage_dataset_20260624_110735\train\待分拣\待分拣4.jpg,待分拣4.jpg,待分拣4.jpg,558,558,RGB,51047,,success,
2026-06-24 11:07:36,待分拣,train,D:\Garbage Classification\Garbage_Classification_Organized\dataset\待分拣\待分拣_0056.jpg,D:\Garbage Classification\Garbage_Classification_Organized\garbage_dataset_20260624_110735\train\待分拣\待分拣_0056.jpg,待分拣_0056.jpg,待分拣_0056.jpg,558,558,RGB,52234,,success,
2026-06-24 11:07:36,待分拣,train,D:\Garbage Classification\Garbage_Classification_Organized\dataset\待分拣\待分拣_0055.jpg,D:\Garbage Classification\Garbage_Classification_Organized\garbage_dataset_20260624_110735\train\待分拣\待分拣_0055.jpg,待分拣_0055.jpg,待分拣_0055.jpg,558,558,RGB,53264,,success,
2026-06-24 11:07:36,待分拣,train,D:\Garbage Classification\Garbage_Classification_Organized\dataset\待分拣\待分拣_0028.jpg,D:\Garbage Classification\Garbage_Classification_Organized\garbage_dataset_20260624_110735\train\待分拣\待分拣_0028.jpg,待分拣_0028.jpg,待分拣_0028.jpg,558,558,RGB,50719,,success,
2026-06-24 11:07:36,待分拣,train,D:\Garbage Classification\Garbage_Classification_Organized\dataset\待分拣\有害_0277.jpg,D:\Garbage Classification\Garbage_Classification_Organized\garbage_dataset_20260624_110735\train\待分拣\有害_0277.jpg,有害_0277.jpg,有害_0277.jpg,558,558,RGB,55896,,success,
2026-06-24 11:07:36,待分拣,train,D:\Garbage Classification\Garbage_Classification_Organized\dataset\待分拣\待分拣132.jpg,D:\Garbage Classification\Garbage_Classification_Organized\garbage_dataset_20260624_110735\train\待分拣\待分拣132.jpg,待分拣132.jpg,待分拣132.jpg,558,558,RGB,52305,,success,
2026-06-24 11:07:36,待分拣,train,D:\Garbage Classification\Garbage_Classification_Organized\dataset\待分拣\待分拣149.jpg,D:\Garbage Classification\Garbage_Classification_Organized\garbage_dataset_20260624_110735\train\待分拣\待分拣149.jpg,待分拣149.jpg,待分拣149.jpg,558,558,RGB,54618,,success,
2026-06-24 11:07:36,待分拣,train,D:\Garbage Classification\Garbage_Classification_Organized\dataset\待分拣\待分拣36.jpg,D:\Garbage Classification\Garbage_Classification_Organized\garbage_dataset_20260624_110735\train\待分拣\待分拣36.jpg,待分拣36.jpg,待分拣36.jpg,558,558,RGB,53389,,success,
2026-06-24 11:07:36,待分拣,train,D:\Garbage Classification\Garbage_Classification_Organized\dataset\待分拣\待分拣268.jpg,D:\Garbage Classification\Garbage_Classification_Organized\garbage_dataset_20260624_110735\train\待分拣\待分拣268.jpg,待分拣268.jpg,待分拣268.jpg,558,558,RGB,54710,,success,
2026-06-24 11:07:36,待分拣,train,D:\Garbage Classification\Garbage_Classification_Organized\dataset\待分拣\待分拣_0170.jpg,D:\Garbage Classification\Garbage_Classification_Organized\garbage_dataset_20260624_110735\train\待分拣\待分拣_0170.jpg,待分拣_0170.jpg,待分拣_0170.jpg,558,558,RGB,44731,,success,
2026-06-24 11:07:36,待分拣,train,D:\Garbage Classification\Garbage_Classification_Organized\dataset\待分拣\待分拣_0201.jpg,D:\Garbage Classification\Garbage_Classification_Organized\garbage_dataset_20260624_110735\train\待分拣\待分拣_0201.jpg,待分拣_0201.jpg,待分拣_0201.jpg,558,558,RGB,52849,,success,
2026-06-24 11:07:36,待分拣,train,D:\Garbage Classification\Garbage_Classification_Organized\dataset\待分拣\有害_0147.jpg,D:\Garbage Classification\Garbage_Classification_Organized\garbage_dataset_20260624_110735\train\待分拣\有害_0147.jpg,有害_0147.jpg,有害_0147.jpg,558,558,RGB,61607,,success,
2026-06-24 11:07:36,待分拣,train,D:\Garbage Classification\Garbage_Classification_Organized\dataset\待分拣\待分拣_0135.jpg,D:\Garbage Classification\Garbage_Classification_Organized\garbage_dataset_20260624_110735\train\待分拣\待分拣_0135.jpg,待分拣_0135.jpg,待分拣_0135.jpg,558,558,RGB,45011,,success,
2026-06-24 11:07:36,待分拣,train,D:\Garbage Classification\Garbage_Classification_Organized\dataset\待分拣\待分拣_0129.jpg,D:\Garbage Classification\Garbage_Classification_Organized\garbage_dataset_20260624_110735\train\待分拣\待分拣_0129.jpg,待分拣_0129.jpg,待分拣_0129.jpg,558,558,RGB,45093,,success,
2026-06-24 11:07:36,待分拣,train,D:\Garbage Classification\Garbage_Classification_Organized\dataset\待分拣\待分拣105.jpg,D:\Garbage Classification\Garbage_Classification_Organized\garbage_dataset_20260624_110735\train\待分拣\待分拣105.jpg,待分拣105.jpg,待分拣105.jpg,558,558,RGB,53079,,success,
2026-06-24 11:07:36,待分拣,train,D:\Garbage Classification\Garbage_Classification_Organized\dataset\待分拣\有害_0308.jpg,D:\Garbage Classification\Garbage_Classification_Organized\garbage_dataset_20260624_110735\train\待分拣\有害_0308.jpg,有害_0308.jpg,有害_0308.jpg,558,558,RGB,50742,,success,
2026-06-24 11:07:36,待分拣,train,D:\Garbage Classification\Garbage_Classification_Organized\dataset\待分拣\待分拣220.jpg,D:\Garbage Classification\Garbage_Classification_Organized\garbage_dataset_20260624_110735\train\待分拣\待分拣220.jpg,待分拣220.jpg,待分拣220.jpg,558,558,RGB,54689,,success,
2026-06-24 11:07:36,待分拣,train,D:\Garbage Classification\Garbage_Classification_Organized\dataset\待分拣\待分拣_0099.jpg,D:\Garbage Classification\Garbage_Classification_Organized\garbage_dataset_20260624_110735\train\待分拣\待分拣_0099.jpg,待分拣_0099.jpg,待分拣_0099.jpg,558,558,RGB,51284,,success,
2026-06-24 11:07:36,待分拣,train,D:\Garbage Classification\Garbage_Classification_Organized\dataset\待分拣\待分拣80.jpg,D:\Garbage Classification\Garbage_Classification_Organized\garbage_dataset_20260624_110735\train\待分拣\待分拣80.jpg,待分拣80.jpg,待分拣80.jpg,558,558,RGB,49668,,success,
2026-06-24 11:07:36,待分拣,train,D:\Garbage Classification\Garbage_Classification_Organized\dataset\待分拣\待分拣73.jpg,D:\Garbage Classification\Garbage_Classification_Organized\garbage_dataset_20260624_110735\train\待分拣\待分拣73.jpg,待分拣73.jpg,待分拣73.jpg,558,558,RGB,55228,,success,
2026-06-24 11:07:36,待分拣,train,D:\Garbage Classification\Garbage_Classification_Organized\dataset\待分拣\待分拣197.jpg,D:\Garbage Classification\Garbage_Classification_Organized\garbage_dataset_20260624_110735\train\待分拣\待分拣197.jpg,待分拣197.jpg,待分拣197.jpg,558,558,RGB,48375,,success,
2026-06-24 11:07:36,待分拣,train,D:\Garbage Classification\Garbage_Classification_Organized\dataset\待分拣\待分拣111.jpg,D:\Garbage Classification\Garbage_Classification_Organized\garbage_dataset_20260624_110735\train\待分拣\待分拣111.jpg,待分拣111.jpg,待分拣111.jpg,558,558,RGB,46021,,success,
2026-06-24 11:07:36,待分拣,train,D:\Garbage Classification\Garbage_Classification_Organized\dataset\待分拣\待分拣_0137.jpg,D:\Garbage Classification\Garbage_Classification_Organized\garbage_dataset_20260624_110735\train\待分拣\待分拣_0137.jpg,待分拣_0137.jpg,待分拣_0137.jpg,558,558,RGB,45228,,success,
2026-06-24 11:07:36,待分拣,train,D:\Garbage Classification\Garbage_Classification_Organized\dataset\待分拣\有害_0209.jpg,D:\Garbage Classification\Garbage_Classification_Organized\garbage_dataset_20260624_110735\train\待分拣\有害_0209.jpg,有害_0209.jpg,有害_0209.jpg,558,558,RGB,69696,,success,
2026-06-24 11:07:36,待分拣,train,D:\Garbage Classification\Garbage_Classification_Organized\dataset\待分拣\待分拣_0185.jpg,D:\Garbage Classification\Garbage_Classification_Organized\garbage_dataset_20260624_110735\train\待分拣\待分拣_0185.jpg,待分拣_0185.jpg,待分拣_0185.jpg,558,558,RGB,47546,,success,
2026-06-24 11:07:36,待分拣,train,D:\Garbage Classification\Garbage_Classification_Organized\dataset\待分拣\待分拣200.jpg,D:\Garbage Classification\Garbage_Classification_Organized\garbage_dataset_20260624_110735\train\待分拣\待分拣200.jpg,待分拣200.jpg,待分拣200.jpg,558,558,RGB,54900,,success,
2026-06-24 11:07:36,待分拣,train,D:\Garbage Classification\Garbage_Classification_Organized\dataset\待分拣\有害_0061.jpg,D:\Garbage Classification\Garbage_Classification_Organized\garbage_dataset_20260624_110735\train\待分拣\有害_0061.jpg,有害_0061.jpg,有害_0061.jpg,558,558,RGB,57258,,success,
2026-06-24 11:07:36,待分拣,train,D:\Garbage Classification\Garbage_Classification_Organized\dataset\待分拣\待分拣_0091.jpg,D:\Garbage Classification\Garbage_Classification_Organized\garbage_dataset_20260624_110735\train\待分拣\待分拣_0091.jpg,待分拣_0091.jpg,待分拣_0091.jpg,558,558,RGB,50918,,success,
2026-06-24 11:07:36,待分拣,train,D:\Garbage Classification\Garbage_Classification_Organized\dataset\待分拣\待分拣_0079.jpg,D:\Garbage Classification\Garbage_Classification_Organized\garbage_dataset_20260624_110735\train\待分拣\待分拣_0079.jpg,待分拣_0079.jpg,待分拣_0079.jpg,558,558,RGB,51518,,success,
2026-06-24 11:07:36,待分拣,train,D:\Garbage Classification\Garbage_Classification_Organized\dataset\待分拣\待分拣_0029.jpg,D:\Garbage Classification\Garbage_Classification_Organized\garbage_dataset_20260624_110735\train\待分拣\待分拣_0029.jpg,待分拣_0029.jpg,待分拣_0029.jpg,558,558,RGB,47850,,success,
2026-06-24 11:07:36,待分拣,train,D:\Garbage Classification\Garbage_Classification_Organized\dataset\待分拣\有害_0313.jpg,D:\Garbage Classification\Garbage_Classification_Organized\garbage_dataset_20260624_110735\train\待分拣\有害_0313.jpg,有害_0313.jpg,有害_0313.jpg,558,558,RGB,50625,,success,
2026-06-24 11:07:36,待分拣,train,D:\Garbage Classification\Garbage_Classification_Organized\dataset\待分拣\待分拣_0121.jpg,D:\Garbage Classification\Garbage_Classification_Organized\garbage_dataset_20260624_110735\train\待分拣\待分拣_0121.jpg,待分拣_0121.jpg,待分拣_0121.jpg,558,558,RGB,44870,,success,
2026-06-24 11:07:36,待分拣,train,D:\Garbage Classification\Garbage_Classification_Organized\dataset\待分拣\待分拣82.jpg,D:\Garbage Classification\Garbage_Classification_Organized\garbage_dataset_20260624_110735\train\待分拣\待分拣82.jpg,待分拣82.jpg,待分拣82.jpg,558,558,RGB,51205,,success,
2026-06-24 11:07:36,待分拣,train,D:\Garbage Classification\Garbage_Classification_Organized\dataset\待分拣\待分拣81.jpg,D:\Garbage Classification\Garbage_Classification_Organized\garbage_dataset_20260624_110735\train\待分拣\待分拣81.jpg,待分拣81.jpg,待分拣81.jpg,558,558,RGB,46008,,success,
2026-06-24 11:07:36,待分拣,train,D:\Garbage Classification\Garbage_Classification_Organized\dataset\待分拣\待分拣209.jpg,D:\Garbage Classification\Garbage_Classification_Organized\garbage_dataset_20260624_110735\train\待分拣\待分拣209.jpg,待分拣209.jpg,待分拣209.jpg,558,558,RGB,50896,,success,
2026-06-24 11:07:36,待分拣,train,D:\Garbage Classification\Garbage_Classification_Organized\dataset\待分拣\待分拣144.jpg,D:\Garbage Classification\Garbage_Classification_Organized\garbage_dataset_20260624_110735\train\待分拣\待分拣144.jpg,待分拣144.jpg,待分拣144.jpg,558,558,RGB,52913,,success,
2026-06-24 11:07:36,待分拣,train,D:\Garbage Classification\Garbage_Classification_Organized\dataset\待分拣\待分拣_0006.jpg,D:\Garbage Classification\Garbage_Classification_Organized\garbage_dataset_20260624_110735\train\待分拣\待分拣_0006.jpg,待分拣_0006.jpg,待分拣_0006.jpg,558,558,RGB,51351,,success,
2026-06-24 11:07:36,待分拣,train,D:\Garbage Classification\Garbage_Classification_Organized\dataset\待分拣\待分拣280.jpg,D:\Garbage Classification\Garbage_Classification_Organized\garbage_dataset_20260624_110735\train\待分拣\待分拣280.jpg,待分拣280.jpg,待分拣280.jpg,558,558,RGB,51727,,success,
2026-06-24 11:07:36,待分拣,train,D:\Garbage Classification\Garbage_Classification_Organized\dataset\待分拣\待分拣122.jpg,D:\Garbage Classification\Garbage_Classification_Organized\garbage_dataset_20260624_110735\train\待分拣\待分拣122.jpg,待分拣122.jpg,待分拣122.jpg,558,558,RGB,46184,,success,
2026-06-24 11:07:36,待分拣,train,D:\Garbage Classification\Garbage_Classification_Organized\dataset\待分拣\待分拣14.jpg,D:\Garbage Classification\Garbage_Classification_Organized\garbage_dataset_20260624_110735\train\待分拣\待分拣14.jpg,待分拣14.jpg,待分拣14.jpg,558,558,RGB,53546,,success,
2026-06-24 11:07:36,待分拣,train,D:\Garbage Classification\Garbage_Classification_Organized\dataset\待分拣\有害_0194.jpg,D:\Garbage Classification\Garbage_Classification_Organized\garbage_dataset_20260624_110735\train\待分拣\有害_0194.jpg,有害_0194.jpg,有害_0194.jpg,558,558,RGB,70344,,success,
2026-06-24 11:07:36,待分拣,train,D:\Garbage Classification\Garbage_Classification_Organized\dataset\待分拣\待分拣_0078.jpg,D:\Garbage Classification\Garbage_Classification_Organized\garbage_dataset_20260624_110735\train\待分拣\待分拣_0078.jpg,待分拣_0078.jpg,待分拣_0078.jpg,558,558,RGB,49665,,success,
2026-06-24 11:07:36,待分拣,train,D:\Garbage Classification\Garbage_Classification_Organized\dataset\待分拣\待分拣3.jpg,D:\Garbage Classification\Garbage_Classification_Organized\garbage_dataset_20260624_110735\train\待分拣\待分拣3.jpg,待分拣3.jpg,待分拣3.jpg,558,558,RGB,54136,,success,
2026-06-24 11:07:36,待分拣,train,D:\Garbage Classification\Garbage_Classification_Organized\dataset\待分拣\待分拣_0190.jpg,D:\Garbage Classification\Garbage_Classification_Organized\garbage_dataset_20260624_110735\train\待分拣\待分拣_0190.jpg,待分拣_0190.jpg,待分拣_0190.jpg,558,558,RGB,53020,,success,
2026-06-24 11:07:36,待分拣,train,D:\Garbage Classification\Garbage_Classification_Organized\dataset\待分拣\待分拣_0152.jpg,D:\Garbage Classification\Garbage_Classification_Organized\garbage_dataset_20260624_110735\train\待分拣\待分拣_0152.jpg,待分拣_0152.jpg,待分拣_0152.jpg,558,558,RGB,49121,,success,
2026-06-24 11:07:36,待分拣,train,D:\Garbage Classification\Garbage_Classification_Organized\dataset\待分拣\待分拣39.jpg,D:\Garbage Classification\Garbage_Classification_Organized\garbage_dataset_20260624_110735\train\待分拣\待分拣39.jpg,待分拣39.jpg,待分拣39.jpg,558,558,RGB,46795,,success,
2026-06-24 11:07:36,待分拣,train,D:\Garbage Classification\Garbage_Classification_Organized\dataset\待分拣\待分拣_0196.jpg,D:\Garbage Classification\Garbage_Classification_Organized\garbage_dataset_20260624_110735\train\待分拣\待分拣_0196.jpg,待分拣_0196.jpg,待分拣_0196.jpg,558,558,RGB,51406,,success,
2026-06-24 11:07:36,待分拣,train,D:\Garbage Classification\Garbage_Classification_Organized\dataset\待分拣\待分拣138.jpg,D:\Garbage Classification\Garbage_Classification_Organized\garbage_dataset_20260624_110735\train\待分拣\待分拣138.jpg,待分拣138.jpg,待分拣138.jpg,558,558,RGB,55150,,success,
2026-06-24 11:07:36,待分拣,train,D:\Garbage Classification\Garbage_Classification_Organized\dataset\待分拣\待分拣182.jpg,D:\Garbage Classification\Garbage_Classification_Organized\garbage_dataset_20260624_110735\train\待分拣\待分拣182.jpg,待分拣182.jpg,待分拣182.jpg,558,558,RGB,59281,,success,
2026-06-24 11:07:36,待分拣,train,D:\Garbage Classification\Garbage_Classification_Organized\dataset\待分拣\待分拣282.jpg,D:\Garbage Classification\Garbage_Classification_Organized\garbage_dataset_20260624_110735\train\待分拣\待分拣282.jpg,待分拣282.jpg,待分拣282.jpg,558,558,RGB,54722,,success,
2026-06-24 11:07:36,待分拣,train,D:\Garbage Classification\Garbage_Classification_Organized\dataset\待分拣\待分拣_0156.jpg,D:\Garbage Classification\Garbage_Classification_Organized\garbage_dataset_20260624_110735\train\待分拣\待分拣_0156.jpg,待分拣_0156.jpg,待分拣_0156.jpg,558,558,RGB,53241,,success,
2026-06-24 11:07:36,待分拣,train,D:\Garbage Classification\Garbage_Classification_Organized\dataset\待分拣\待分拣206.jpg,D:\Garbage Classification\Garbage_Classification_Organized\garbage_dataset_20260624_110735\train\待分拣\待分拣206.jpg,待分拣206.jpg,待分拣206.jpg,558,558,RGB,55820,,success,
2026-06-24 11:07:36,待分拣,train,D:\Garbage Classification\Garbage_Classification_Organized\dataset\待分拣\待分拣59.jpg,D:\Garbage Classification\Garbage_Classification_Organized\garbage_dataset_20260624_110735\train\待分拣\待分拣59.jpg,待分拣59.jpg,待分拣59.jpg,558,558,RGB,52159,,success,
2026-06-24 11:07:36,待分拣,train,D:\Garbage Classification\Garbage_Classification_Organized\dataset\待分拣\待分拣155.jpg,D:\Garbage Classification\Garbage_Classification_Organized\garbage_dataset_20260624_110735\train\待分拣\待分拣155.jpg,待分拣155.jpg,待分拣155.jpg,558,558,RGB,53789,,success,
2026-06-24 11:07:36,待分拣,train,D:\Garbage Classification\Garbage_Classification_Organized\dataset\待分拣\待分拣193.jpg,D:\Garbage Classification\Garbage_Classification_Organized\garbage_dataset_20260624_110735\train\待分拣\待分拣193.jpg,待分拣193.jpg,待分拣193.jpg,558,558,RGB,54830,,success,
2026-06-24 11:07:36,待分拣,train,D:\Garbage Classification\Garbage_Classification_Organized\dataset\待分拣\待分拣_0178.jpg,D:\Garbage Classification\Garbage_Classification_Organized\garbage_dataset_20260624_110735\train\待分拣\待分拣_0178.jpg,待分拣_0178.jpg,待分拣_0178.jpg,558,558,RGB,47732,,success,
2026-06-24 11:07:36,待分拣,train,D:\Garbage Classification\Garbage_Classification_Organized\dataset\待分拣\有害_0047.jpg,D:\Garbage Classification\Garbage_Classification_Organized\garbage_dataset_20260624_110735\train\待分拣\有害_0047.jpg,有害_0047.jpg,有害_0047.jpg,558,558,RGB,56795,,success,
2026-06-24 11:07:36,待分拣,train,D:\Garbage Classification\Garbage_Classification_Organized\dataset\待分拣\待分拣203.jpg,D:\Garbage Classification\Garbage_Classification_Organized\garbage_dataset_20260624_110735\train\待分拣\待分拣203.jpg,待分拣203.jpg,待分拣203.jpg,558,558,RGB,53660,,success,
2026-06-24 11:07:36,待分拣,train,D:\Garbage Classification\Garbage_Classification_Organized\dataset\待分拣\待分拣78.jpg,D:\Garbage Classification\Garbage_Classification_Organized\garbage_dataset_20260624_110735\train\待分拣\待分拣78.jpg,待分拣78.jpg,待分拣78.jpg,558,558,RGB,56677,,success,
2026-06-24 11:07:36,待分拣,train,D:\Garbage Classification\Garbage_Classification_Organized\dataset\待分拣\待分拣99.jpg,D:\Garbage Classification\Garbage_Classification_Organized\garbage_dataset_20260624_110735\train\待分拣\待分拣99.jpg,待分拣99.jpg,待分拣99.jpg,558,558,RGB,46274,,success,
2026-06-24 11:07:36,待分拣,train,D:\Garbage Classification\Garbage_Classification_Organized\dataset\待分拣\待分拣247.jpg,D:\Garbage Classification\Garbage_Classification_Organized\garbage_dataset_20260624_110735\train\待分拣\待分拣247.jpg,待分拣247.jpg,待分拣247.jpg,558,558,RGB,52602,,success,
2026-06-24 11:07:36,待分拣,train,D:\Garbage Classification\Garbage_Classification_Organized\dataset\待分拣\待分拣_0124.jpg,D:\Garbage Classification\Garbage_Classification_Organized\garbage_dataset_20260624_110735\train\待分拣\待分拣_0124.jpg,待分拣_0124.jpg,待分拣_0124.jpg,558,558,RGB,45435,,success,
2026-06-24 11:07:36,待分拣,train,D:\Garbage Classification\Garbage_Classification_Organized\dataset\待分拣\待分拣125.jpg,D:\Garbage Classification\Garbage_Classification_Organized\garbage_dataset_20260624_110735\train\待分拣\待分拣125.jpg,待分拣125.jpg,待分拣125.jpg,558,558,RGB,46742,,success,
2026-06-24 11:07:36,待分拣,train,D:\Garbage Classification\Garbage_Classification_Organized\dataset\待分拣\待分拣_0003.jpg,D:\Garbage Classification\Garbage_Classification_Organized\garbage_dataset_20260624_110735\train\待分拣\待分拣_0003.jpg,待分拣_0003.jpg,待分拣_0003.jpg,558,558,RGB,51590,,success,
2026-06-24 11:07:36,待分拣,train,D:\Garbage Classification\Garbage_Classification_Organized\dataset\待分拣\有害_0245.jpg,D:\Garbage Classification\Garbage_Classification_Organized\garbage_dataset_20260624_110735\train\待分拣\有害_0245.jpg,有害_0245.jpg,有害_0245.jpg,558,558,RGB,65081,,success,
2026-06-24 11:07:36,待分拣,train,D:\Garbage Classification\Garbage_Classification_Organized\dataset\待分拣\待分拣_0145.jpg,D:\Garbage Classification\Garbage_Classification_Organized\garbage_dataset_20260624_110735\train\待分拣\待分拣_0145.jpg,待分拣_0145.jpg,待分拣_0145.jpg,558,558,RGB,43480,,success,
2026-06-24 11:07:36,待分拣,train,D:\Garbage Classification\Garbage_Classification_Organized\dataset\待分拣\待分拣_0211.jpg,D:\Garbage Classification\Garbage_Classification_Organized\garbage_dataset_20260624_110735\train\待分拣\待分拣_0211.jpg,待分拣_0211.jpg,待分拣_0211.jpg,558,558,RGB,51533,,success,
2026-06-24 11:07:36,待分拣,train,D:\Garbage Classification\Garbage_Classification_Organized\dataset\待分拣\待分拣_0105.jpg,D:\Garbage Classification\Garbage_Classification_Organized\garbage_dataset_20260624_110735\train\待分拣\待分拣_0105.jpg,待分拣_0105.jpg,待分拣_0105.jpg,558,558,RGB,50192,,success,
2026-06-24 11:07:36,待分拣,train,D:\Garbage Classification\Garbage_Classification_Organized\dataset\待分拣\待分拣_0125.jpg,D:\Garbage Classification\Garbage_Classification_Organized\garbage_dataset_20260624_110735\train\待分拣\待分拣_0125.jpg,待分拣_0125.jpg,待分拣_0125.jpg,558,558,RGB,45153,,success,
2026-06-24 11:07:36,待分拣,train,D:\Garbage Classification\Garbage_Classification_Organized\dataset\待分拣\待分拣_0075.jpg,D:\Garbage Classification\Garbage_Classification_Organized\garbage_dataset_20260624_110735\train\待分拣\待分拣_0075.jpg,待分拣_0075.jpg,待分拣_0075.jpg,558,558,RGB,52744,,success,
2026-06-24 11:07:36,待分拣,train,D:\Garbage Classification\Garbage_Classification_Organized\dataset\待分拣\待分拣103.jpg,D:\Garbage Classification\Garbage_Classification_Organized\garbage_dataset_20260624_110735\train\待分拣\待分拣103.jpg,待分拣103.jpg,待分拣103.jpg,558,558,RGB,47809,,success,
2026-06-24 11:07:36,待分拣,train,D:\Garbage Classification\Garbage_Classification_Organized\dataset\待分拣\待分拣250.jpg,D:\Garbage Classification\Garbage_Classification_Organized\garbage_dataset_20260624_110735\train\待分拣\待分拣250.jpg,待分拣250.jpg,待分拣250.jpg,558,558,RGB,54630,,success,
2026-06-24 11:07:36,待分拣,train,D:\Garbage Classification\Garbage_Classification_Organized\dataset\待分拣\待分拣_0082.jpg,D:\Garbage Classification\Garbage_Classification_Organized\garbage_dataset_20260624_110735\train\待分拣\待分拣_0082.jpg,待分拣_0082.jpg,待分拣_0082.jpg,558,558,RGB,50708,,success,
2026-06-24 11:07:36,待分拣,train,D:\Garbage Classification\Garbage_Classification_Organized\dataset\待分拣\待分拣199.jpg,D:\Garbage Classification\Garbage_Classification_Organized\garbage_dataset_20260624_110735\train\待分拣\待分拣199.jpg,待分拣199.jpg,待分拣199.jpg,558,558,RGB,59149,,success,
2026-06-24 11:07:36,待分拣,train,D:\Garbage Classification\Garbage_Classification_Organized\dataset\待分拣\待分拣_0106.jpg,D:\Garbage Classification\Garbage_Classification_Organized\garbage_dataset_20260624_110735\train\待分拣\待分拣_0106.jpg,待分拣_0106.jpg,待分拣_0106.jpg,558,558,RGB,50507,,success,
2026-06-24 11:07:36,待分拣,train,D:\Garbage Classification\Garbage_Classification_Organized\dataset\待分拣\待分拣15.jpg,D:\Garbage Classification\Garbage_Classification_Organized\garbage_dataset_20260624_110735\train\待分拣\待分拣15.jpg,待分拣15.jpg,待分拣15.jpg,558,558,RGB,56951,,success,
2026-06-24 11:07:36,待分拣,train,D:\Garbage Classification\Garbage_Classification_Organized\dataset\待分拣\待分拣49.jpg,D:\Garbage Classification\Garbage_Classification_Organized\garbage_dataset_20260624_110735\train\待分拣\待分拣49.jpg,待分拣49.jpg,待分拣49.jpg,558,558,RGB,49115,,success,
2026-06-24 11:07:36,待分拣,train,D:\Garbage Classification\Garbage_Classification_Organized\dataset\待分拣\待分拣79.jpg,D:\Garbage Classification\Garbage_Classification_Organized\garbage_dataset_20260624_110735\train\待分拣\待分拣79.jpg,待分拣79.jpg,待分拣79.jpg,558,558,RGB,45802,,success,
2026-06-24 11:07:36,待分拣,train,D:\Garbage Classification\Garbage_Classification_Organized\dataset\待分拣\待分拣42.jpg,D:\Garbage Classification\Garbage_Classification_Organized\garbage_dataset_20260624_110735\train\待分拣\待分拣42.jpg,待分拣42.jpg,待分拣42.jpg,558,558,RGB,51813,,success,
2026-06-24 11:07:36,待分拣,train,D:\Garbage Classification\Garbage_Classification_Organized\dataset\待分拣\待分拣_0048.jpg,D:\Garbage Classification\Garbage_Classification_Organized\garbage_dataset_20260624_110735\train\待分拣\待分拣_0048.jpg,待分拣_0048.jpg,待分拣_0048.jpg,558,558,RGB,46677,,success,
2026-06-24 11:07:36,待分拣,train,D:\Garbage Classification\Garbage_Classification_Organized\dataset\待分拣\待分拣_0097.jpg,D:\Garbage Classification\Garbage_Classification_Organized\garbage_dataset_20260624_110735\train\待分拣\待分拣_0097.jpg,待分拣_0097.jpg,待分拣_0097.jpg,558,558,RGB,50429,,success,
2026-06-24 11:07:36,待分拣,train,D:\Garbage Classification\Garbage_Classification_Organized\dataset\待分拣\待分拣238.jpg,D:\Garbage Classification\Garbage_Classification_Organized\garbage_dataset_20260624_110735\train\待分拣\待分拣238.jpg,待分拣238.jpg,待分拣238.jpg,558,558,RGB,56924,,success,
2026-06-24 11:07:36,待分拣,train,D:\Garbage Classification\Garbage_Classification_Organized\dataset\待分拣\待分拣187.jpg,D:\Garbage Classification\Garbage_Classification_Organized\garbage_dataset_20260624_110735\train\待分拣\待分拣187.jpg,待分拣187.jpg,待分拣187.jpg,558,558,RGB,55726,,success,
2026-06-24 11:07:36,待分拣,train,D:\Garbage Classification\Garbage_Classification_Organized\dataset\待分拣\有害_0157.jpg,D:\Garbage Classification\Garbage_Classification_Organized\garbage_dataset_20260624_110735\train\待分拣\有害_0157.jpg,有害_0157.jpg,有害_0157.jpg,558,558,RGB,66908,,success,
2026-06-24 11:07:36,待分拣,train,D:\Garbage Classification\Garbage_Classification_Organized\dataset\待分拣\待分拣_0115.jpg,D:\Garbage Classification\Garbage_Classification_Organized\garbage_dataset_20260624_110735\train\待分拣\待分拣_0115.jpg,待分拣_0115.jpg,待分拣_0115.jpg,558,558,RGB,46106,,success,
2026-06-24 11:07:36,待分拣,train,D:\Garbage Classification\Garbage_Classification_Organized\dataset\待分拣\待分拣_0084.jpg,D:\Garbage Classification\Garbage_Classification_Organized\garbage_dataset_20260624_110735\train\待分拣\待分拣_0084.jpg,待分拣_0084.jpg,待分拣_0084.jpg,558,558,RGB,50652,,success,
2026-06-24 11:07:36,待分拣,train,D:\Garbage Classification\Garbage_Classification_Organized\dataset\待分拣\待分拣_0077.jpg,D:\Garbage Classification\Garbage_Classification_Organized\garbage_dataset_20260624_110735\train\待分拣\待分拣_0077.jpg,待分拣_0077.jpg,待分拣_0077.jpg,558,558,RGB,48896,,success,
2026-06-24 11:07:36,待分拣,train,D:\Garbage Classification\Garbage_Classification_Organized\dataset\待分拣\待分拣_0108.jpg,D:\Garbage Classification\Garbage_Classification_Organized\garbage_dataset_20260624_110735\train\待分拣\待分拣_0108.jpg,待分拣_0108.jpg,待分拣_0108.jpg,558,558,RGB,47072,,success,
2026-06-24 11:07:36,待分拣,train,D:\Garbage Classification\Garbage_Classification_Organized\dataset\待分拣\待分拣170.jpg,D:\Garbage Classification\Garbage_Classification_Organized\garbage_dataset_20260624_110735\train\待分拣\待分拣170.jpg,待分拣170.jpg,待分拣170.jpg,558,558,RGB,51896,,success,
2026-06-24 11:07:36,待分拣,train,D:\Garbage Classification\Garbage_Classification_Organized\dataset\待分拣\有害_0304.jpg,D:\Garbage Classification\Garbage_Classification_Organized\garbage_dataset_20260624_110735\train\待分拣\有害_0304.jpg,有害_0304.jpg,有害_0304.jpg,558,558,RGB,54098,,success,
2026-06-24 11:07:36,待分拣,train,D:\Garbage Classification\Garbage_Classification_Organized\dataset\待分拣\待分拣6.jpg,D:\Garbage Classification\Garbage_Classification_Organized\garbage_dataset_20260624_110735\train\待分拣\待分拣6.jpg,待分拣6.jpg,待分拣6.jpg,558,558,RGB,60869,,success,
2026-06-24 11:07:36,待分拣,train,D:\Garbage Classification\Garbage_Classification_Organized\dataset\待分拣\待分拣153.jpg,D:\Garbage Classification\Garbage_Classification_Organized\garbage_dataset_20260624_110735\train\待分拣\待分拣153.jpg,待分拣153.jpg,待分拣153.jpg,558,558,RGB,53914,,success,
2026-06-24 11:07:36,待分拣,train,D:\Garbage Classification\Garbage_Classification_Organized\dataset\待分拣\待分拣152.jpg,D:\Garbage Classification\Garbage_Classification_Organized\garbage_dataset_20260624_110735\train\待分拣\待分拣152.jpg,待分拣152.jpg,待分拣152.jpg,558,558,RGB,54771,,success,
2026-06-24 11:07:36,待分拣,train,D:\Garbage Classification\Garbage_Classification_Organized\dataset\待分拣\待分拣86.jpg,D:\Garbage Classification\Garbage_Classification_Organized\garbage_dataset_20260624_110735\train\待分拣\待分拣86.jpg,待分拣86.jpg,待分拣86.jpg,558,558,RGB,51397,,success,
2026-06-24 11:07:36,待分拣,train,D:\Garbage Classification\Garbage_Classification_Organized\dataset\待分拣\待分拣_0171.jpg,D:\Garbage Classification\Garbage_Classification_Organized\garbage_dataset_20260624_110735\train\待分拣\待分拣_0171.jpg,待分拣_0171.jpg,待分拣_0171.jpg,558,558,RGB,47846,,success,
2026-06-24 11:07:36,待分拣,train,D:\Garbage Classification\Garbage_Classification_Organized\dataset\待分拣\待分拣64.jpg,D:\Garbage Classification\Garbage_Classification_Organized\garbage_dataset_20260624_110735\train\待分拣\待分拣64.jpg,待分拣64.jpg,待分拣64.jpg,558,558,RGB,51469,,success,
2026-06-24 11:07:36,待分拣,train,D:\Garbage Classification\Garbage_Classification_Organized\dataset\待分拣\待分拣133.jpg,D:\Garbage Classification\Garbage_Classification_Organized\garbage_dataset_20260624_110735\train\待分拣\待分拣133.jpg,待分拣133.jpg,待分拣133.jpg,558,558,RGB,49020,,success,
2026-06-24 11:07:36,待分拣,train,D:\Garbage Classification\Garbage_Classification_Organized\dataset\待分拣\待分拣_0165.jpg,D:\Garbage Classification\Garbage_Classification_Organized\garbage_dataset_20260624_110735\train\待分拣\待分拣_0165.jpg,待分拣_0165.jpg,待分拣_0165.jpg,558,558,RGB,49413,,success,
2026-06-24 11:07:36,待分拣,train,D:\Garbage Classification\Garbage_Classification_Organized\dataset\待分拣\待分拣_0118.jpg,D:\Garbage Classification\Garbage_Classification_Organized\garbage_dataset_20260624_110735\train\待分拣\待分拣_0118.jpg,待分拣_0118.jpg,待分拣_0118.jpg,558,558,RGB,45486,,success,
2026-06-24 11:07:36,待分拣,train,D:\Garbage Classification\Garbage_Classification_Organized\dataset\待分拣\待分拣205.jpg,D:\Garbage Classification\Garbage_Classification_Organized\garbage_dataset_20260624_110735\train\待分拣\待分拣205.jpg,待分拣205.jpg,待分拣205.jpg,558,558,RGB,49299,,success,
2026-06-24 11:07:36,待分拣,train,D:\Garbage Classification\Garbage_Classification_Organized\dataset\待分拣\待分拣120.jpg,D:\Garbage Classification\Garbage_Classification_Organized\garbage_dataset_20260624_110735\train\待分拣\待分拣120.jpg,待分拣120.jpg,待分拣120.jpg,558,558,RGB,47171,,success,
2026-06-24 11:07:36,待分拣,train,D:\Garbage Classification\Garbage_Classification_Organized\dataset\待分拣\待分拣204.jpg,D:\Garbage Classification\Garbage_Classification_Organized\garbage_dataset_20260624_110735\train\待分拣\待分拣204.jpg,待分拣204.jpg,待分拣204.jpg,558,558,RGB,57759,,success,
2026-06-24 11:07:36,待分拣,train,D:\Garbage Classification\Garbage_Classification_Organized\dataset\待分拣\待分拣236.jpg,D:\Garbage Classification\Garbage_Classification_Organized\garbage_dataset_20260624_110735\train\待分拣\待分拣236.jpg,待分拣236.jpg,待分拣236.jpg,558,558,RGB,55286,,success,
2026-06-24 11:07:36,待分拣,train,D:\Garbage Classification\Garbage_Classification_Organized\dataset\待分拣\待分拣_0101.jpg,D:\Garbage Classification\Garbage_Classification_Organized\garbage_dataset_20260624_110735\train\待分拣\待分拣_0101.jpg,待分拣_0101.jpg,待分拣_0101.jpg,558,558,RGB,50107,,success,
2026-06-24 11:07:36,待分拣,train,D:\Garbage Classification\Garbage_Classification_Organized\dataset\待分拣\待分拣_0133.jpg,D:\Garbage Classification\Garbage_Classification_Organized\garbage_dataset_20260624_110735\train\待分拣\待分拣_0133.jpg,待分拣_0133.jpg,待分拣_0133.jpg,558,558,RGB,45186,,success,
2026-06-24 11:07:36,待分拣,train,D:\Garbage Classification\Garbage_Classification_Organized\dataset\待分拣\待分拣102.jpg,D:\Garbage Classification\Garbage_Classification_Organized\garbage_dataset_20260624_110735\train\待分拣\待分拣102.jpg,待分拣102.jpg,待分拣102.jpg,558,558,RGB,49156,,success,
2026-06-24 11:07:36,待分拣,train,D:\Garbage Classification\Garbage_Classification_Organized\dataset\待分拣\有害_0302.jpg,D:\Garbage Classification\Garbage_Classification_Organized\garbage_dataset_20260624_110735\train\待分拣\有害_0302.jpg,有害_0302.jpg,有害_0302.jpg,558,558,RGB,51997,,success,
2026-06-24 11:07:36,待分拣,train,D:\Garbage Classification\Garbage_Classification_Organized\dataset\待分拣\待分拣243.jpg,D:\Garbage Classification\Garbage_Classification_Organized\garbage_dataset_20260624_110735\train\待分拣\待分拣243.jpg,待分拣243.jpg,待分拣243.jpg,558,558,RGB,52565,,success,
2026-06-24 11:07:36,待分拣,train,D:\Garbage Classification\Garbage_Classification_Organized\dataset\待分拣\待分拣_0020.jpg,D:\Garbage Classification\Garbage_Classification_Organized\garbage_dataset_20260624_110735\train\待分拣\待分拣_0020.jpg,待分拣_0020.jpg,待分拣_0020.jpg,558,558,RGB,53874,,success,
2026-06-24 11:07:36,待分拣,train,D:\Garbage Classification\Garbage_Classification_Organized\dataset\待分拣\可回收_0060.jpg,D:\Garbage Classification\Garbage_Classification_Organized\garbage_dataset_20260624_110735\train\待分拣\可回收_0060.jpg,可回收_0060.jpg,可回收_0060.jpg,558,558,RGB,53537,,success,
2026-06-24 11:07:36,待分拣,train,D:\Garbage Classification\Garbage_Classification_Organized\dataset\待分拣\待分拣85.jpg,D:\Garbage Classification\Garbage_Classification_Organized\garbage_dataset_20260624_110735\train\待分拣\待分拣85.jpg,待分拣85.jpg,待分拣85.jpg,558,558,RGB,46475,,success,
2026-06-24 11:07:36,待分拣,train,D:\Garbage Classification\Garbage_Classification_Organized\dataset\待分拣\待分拣9.jpg,D:\Garbage Classification\Garbage_Classification_Organized\garbage_dataset_20260624_110735\train\待分拣\待分拣9.jpg,待分拣9.jpg,待分拣9.jpg,558,558,RGB,59957,,success,
2026-06-24 11:07:36,待分拣,train,D:\Garbage Classification\Garbage_Classification_Organized\dataset\待分拣\待分拣169.jpg,D:\Garbage Classification\Garbage_Classification_Organized\garbage_dataset_20260624_110735\train\待分拣\待分拣169.jpg,待分拣169.jpg,待分拣169.jpg,558,558,RGB,52819,,success,
2026-06-24 11:07:36,待分拣,train,D:\Garbage Classification\Garbage_Classification_Organized\dataset\待分拣\待分拣267.jpg,D:\Garbage Classification\Garbage_Classification_Organized\garbage_dataset_20260624_110735\train\待分拣\待分拣267.jpg,待分拣267.jpg,待分拣267.jpg,558,558,RGB,59358,,success,
2026-06-24 11:07:36,待分拣,train,D:\Garbage Classification\Garbage_Classification_Organized\dataset\待分拣\待分拣_0088.jpg,D:\Garbage Classification\Garbage_Classification_Organized\garbage_dataset_20260624_110735\train\待分拣\待分拣_0088.jpg,待分拣_0088.jpg,待分拣_0088.jpg,558,558,RGB,47967,,success,
2026-06-24 11:07:36,待分拣,train,D:\Garbage Classification\Garbage_Classification_Organized\dataset\待分拣\有害_0178.jpg,D:\Garbage Classification\Garbage_Classification_Organized\garbage_dataset_20260624_110735\train\待分拣\有害_0178.jpg,有害_0178.jpg,有害_0178.jpg,558,558,RGB,69721,,success,
2026-06-24 11:07:36,待分拣,train,D:\Garbage Classification\Garbage_Classification_Organized\dataset\待分拣\待分拣_0144.jpg,D:\Garbage Classification\Garbage_Classification_Organized\garbage_dataset_20260624_110735\train\待分拣\待分拣_0144.jpg,待分拣_0144.jpg,待分拣_0144.jpg,558,558,RGB,45033,,success,
2026-06-24 11:07:36,待分拣,train,D:\Garbage Classification\Garbage_Classification_Organized\dataset\待分拣\待分拣_0150.jpg,D:\Garbage Classification\Garbage_Classification_Organized\garbage_dataset_20260624_110735\train\待分拣\待分拣_0150.jpg,待分拣_0150.jpg,待分拣_0150.jpg,558,558,RGB,51452,,success,
2026-06-24 11:07:36,待分拣,train,D:\Garbage Classification\Garbage_Classification_Organized\dataset\待分拣\待分拣_0134.jpg,D:\Garbage Classification\Garbage_Classification_Organized\garbage_dataset_20260624_110735\train\待分拣\待分拣_0134.jpg,待分拣_0134.jpg,待分拣_0134.jpg,558,558,RGB,44964,,success,
2026-06-24 11:07:36,待分拣,train,D:\Garbage Classification\Garbage_Classification_Organized\dataset\待分拣\待分拣231.jpg,D:\Garbage Classification\Garbage_Classification_Organized\garbage_dataset_20260624_110735\train\待分拣\待分拣231.jpg,待分拣231.jpg,待分拣231.jpg,558,558,RGB,51877,,success,
2026-06-24 11:07:36,待分拣,train,D:\Garbage Classification\Garbage_Classification_Organized\dataset\待分拣\待分拣_0034.jpg,D:\Garbage Classification\Garbage_Classification_Organized\garbage_dataset_20260624_110735\train\待分拣\待分拣_0034.jpg,待分拣_0034.jpg,待分拣_0034.jpg,558,558,RGB,50187,,success,
2026-06-24 11:07:36,待分拣,train,D:\Garbage Classification\Garbage_Classification_Organized\dataset\待分拣\待分拣143.jpg,D:\Garbage Classification\Garbage_Classification_Organized\garbage_dataset_20260624_110735\train\待分拣\待分拣143.jpg,待分拣143.jpg,待分拣143.jpg,558,558,RGB,52332,,success,
2026-06-24 11:07:36,待分拣,train,D:\Garbage Classification\Garbage_Classification_Organized\dataset\待分拣\待分拣74.jpg,D:\Garbage Classification\Garbage_Classification_Organized\garbage_dataset_20260624_110735\train\待分拣\待分拣74.jpg,待分拣74.jpg,待分拣74.jpg,558,558,RGB,45591,,success,
2026-06-24 11:07:36,待分拣,train,D:\Garbage Classification\Garbage_Classification_Organized\dataset\待分拣\待分拣177.jpg,D:\Garbage Classification\Garbage_Classification_Organized\garbage_dataset_20260624_110735\train\待分拣\待分拣177.jpg,待分拣177.jpg,待分拣177.jpg,558,558,RGB,58365,,success,
2026-06-24 11:07:36,待分拣,train,D:\Garbage Classification\Garbage_Classification_Organized\dataset\待分拣\待分拣71.jpg,D:\Garbage Classification\Garbage_Classification_Organized\garbage_dataset_20260624_110735\train\待分拣\待分拣71.jpg,待分拣71.jpg,待分拣71.jpg,558,558,RGB,46498,,success,
2026-06-24 11:07:36,待分拣,train,D:\Garbage Classification\Garbage_Classification_Organized\dataset\待分拣\待分拣_0210.jpg,D:\Garbage Classification\Garbage_Classification_Organized\garbage_dataset_20260624_110735\train\待分拣\待分拣_0210.jpg,待分拣_0210.jpg,待分拣_0210.jpg,558,558,RGB,52698,,success,
2026-06-24 11:07:36,待分拣,train,D:\Garbage Classification\Garbage_Classification_Organized\dataset\待分拣\可回收_0065.jpg,D:\Garbage Classification\Garbage_Classification_Organized\garbage_dataset_20260624_110735\train\待分拣\可回收_0065.jpg,可回收_0065.jpg,可回收_0065.jpg,558,558,RGB,48359,,success,
2026-06-24 11:07:36,待分拣,train,D:\Garbage Classification\Garbage_Classification_Organized\dataset\待分拣\待分拣_0158.jpg,D:\Garbage Classification\Garbage_Classification_Organized\garbage_dataset_20260624_110735\train\待分拣\待分拣_0158.jpg,待分拣_0158.jpg,待分拣_0158.jpg,558,558,RGB,48850,,success,
2026-06-24 11:07:36,待分拣,train,D:\Garbage Classification\Garbage_Classification_Organized\dataset\待分拣\待分拣167.jpg,D:\Garbage Classification\Garbage_Classification_Organized\garbage_dataset_20260624_110735\train\待分拣\待分拣167.jpg,待分拣167.jpg,待分拣167.jpg,558,558,RGB,45756,,success,
2026-06-24 11:07:36,待分拣,train,D:\Garbage Classification\Garbage_Classification_Organized\dataset\待分拣\待分拣40.jpg,D:\Garbage Classification\Garbage_Classification_Organized\garbage_dataset_20260624_110735\train\待分拣\待分拣40.jpg,待分拣40.jpg,待分拣40.jpg,558,558,RGB,45761,,success,
2026-06-24 11:07:36,待分拣,train,D:\Garbage Classification\Garbage_Classification_Organized\dataset\待分拣\待分拣_0181.jpg,D:\Garbage Classification\Garbage_Classification_Organized\garbage_dataset_20260624_110735\train\待分拣\待分拣_0181.jpg,待分拣_0181.jpg,待分拣_0181.jpg,558,558,RGB,48359,,success,
2026-06-24 11:07:36,待分拣,train,D:\Garbage Classification\Garbage_Classification_Organized\dataset\待分拣\待分拣146.jpg,D:\Garbage Classification\Garbage_Classification_Organized\garbage_dataset_20260624_110735\train\待分拣\待分拣146.jpg,待分拣146.jpg,待分拣146.jpg,558,558,RGB,55828,,success,
2026-06-24 11:07:36,待分拣,train,D:\Garbage Classification\Garbage_Classification_Organized\dataset\待分拣\待分拣_0205.jpg,D:\Garbage Classification\Garbage_Classification_Organized\garbage_dataset_20260624_110735\train\待分拣\待分拣_0205.jpg,待分拣_0205.jpg,待分拣_0205.jpg,558,558,RGB,48620,,success,
2026-06-24 11:07:36,待分拣,train,D:\Garbage Classification\Garbage_Classification_Organized\dataset\待分拣\待分拣_0042.jpg,D:\Garbage Classification\Garbage_Classification_Organized\garbage_dataset_20260624_110735\train\待分拣\待分拣_0042.jpg,待分拣_0042.jpg,待分拣_0042.jpg,558,558,RGB,50440,,success,
2026-06-24 11:07:36,待分拣,train,D:\Garbage Classification\Garbage_Classification_Organized\dataset\待分拣\待分拣_0149.jpg,D:\Garbage Classification\Garbage_Classification_Organized\garbage_dataset_20260624_110735\train\待分拣\待分拣_0149.jpg,待分拣_0149.jpg,待分拣_0149.jpg,558,558,RGB,53138,,success,
2026-06-24 11:07:36,待分拣,train,D:\Garbage Classification\Garbage_Classification_Organized\dataset\待分拣\待分拣_0186.jpg,D:\Garbage Classification\Garbage_Classification_Organized\garbage_dataset_20260624_110735\train\待分拣\待分拣_0186.jpg,待分拣_0186.jpg,待分拣_0186.jpg,558,558,RGB,52148,,success,
2026-06-24 11:07:36,待分拣,train,D:\Garbage Classification\Garbage_Classification_Organized\dataset\待分拣\待分拣_0194.jpg,D:\Garbage Classification\Garbage_Classification_Organized\garbage_dataset_20260624_110735\train\待分拣\待分拣_0194.jpg,待分拣_0194.jpg,待分拣_0194.jpg,558,558,RGB,47683,,success,
2026-06-24 11:07:36,待分拣,train,D:\Garbage Classification\Garbage_Classification_Organized\dataset\待分拣\待分拣147.jpg,D:\Garbage Classification\Garbage_Classification_Organized\garbage_dataset_20260624_110735\train\待分拣\待分拣147.jpg,待分拣147.jpg,待分拣147.jpg,558,558,RGB,52912,,success,
2026-06-24 11:07:36,待分拣,train,D:\Garbage Classification\Garbage_Classification_Organized\dataset\待分拣\待分拣_0085.jpg,D:\Garbage Classification\Garbage_Classification_Organized\garbage_dataset_20260624_110735\train\待分拣\待分拣_0085.jpg,待分拣_0085.jpg,待分拣_0085.jpg,558,558,RGB,48523,,success,
2026-06-24 11:07:36,待分拣,train,D:\Garbage Classification\Garbage_Classification_Organized\dataset\待分拣\待分拣1.jpg,D:\Garbage Classification\Garbage_Classification_Organized\garbage_dataset_20260624_110735\train\待分拣\待分拣1.jpg,待分拣1.jpg,待分拣1.jpg,558,558,RGB,58699,,success,
2026-06-24 11:07:36,待分拣,train,D:\Garbage Classification\Garbage_Classification_Organized\dataset\待分拣\待分拣96.jpg,D:\Garbage Classification\Garbage_Classification_Organized\garbage_dataset_20260624_110735\train\待分拣\待分拣96.jpg,待分拣96.jpg,待分拣96.jpg,558,558,RGB,45790,,success,
2026-06-24 11:07:36,待分拣,train,D:\Garbage Classification\Garbage_Classification_Organized\dataset\待分拣\待分拣21.jpg,D:\Garbage Classification\Garbage_Classification_Organized\garbage_dataset_20260624_110735\train\待分拣\待分拣21.jpg,待分拣21.jpg,待分拣21.jpg,558,558,RGB,53484,,success,
2026-06-24 11:07:36,待分拣,train,D:\Garbage Classification\Garbage_Classification_Organized\dataset\待分拣\待分拣84.jpg,D:\Garbage Classification\Garbage_Classification_Organized\garbage_dataset_20260624_110735\train\待分拣\待分拣84.jpg,待分拣84.jpg,待分拣84.jpg,558,558,RGB,46445,,success,
2026-06-24 11:07:36,待分拣,train,D:\Garbage Classification\Garbage_Classification_Organized\dataset\待分拣\待分拣56.jpg,D:\Garbage Classification\Garbage_Classification_Organized\garbage_dataset_20260624_110735\train\待分拣\待分拣56.jpg,待分拣56.jpg,待分拣56.jpg,558,558,RGB,46636,,success,
2026-06-24 11:07:36,待分拣,train,D:\Garbage Classification\Garbage_Classification_Organized\dataset\待分拣\待分拣_0083.jpg,D:\Garbage Classification\Garbage_Classification_Organized\garbage_dataset_20260624_110735\train\待分拣\待分拣_0083.jpg,待分拣_0083.jpg,待分拣_0083.jpg,558,558,RGB,52112,,success,
2026-06-24 11:07:36,待分拣,train,D:\Garbage Classification\Garbage_Classification_Organized\dataset\待分拣\待分拣270.jpg,D:\Garbage Classification\Garbage_Classification_Organized\garbage_dataset_20260624_110735\train\待分拣\待分拣270.jpg,待分拣270.jpg,待分拣270.jpg,558,558,RGB,57795,,success,
2026-06-24 11:07:36,待分拣,train,D:\Garbage Classification\Garbage_Classification_Organized\dataset\待分拣\待分拣272.jpg,D:\Garbage Classification\Garbage_Classification_Organized\garbage_dataset_20260624_110735\train\待分拣\待分拣272.jpg,待分拣272.jpg,待分拣272.jpg,558,558,RGB,58841,,success,
2026-06-24 11:07:36,待分拣,val,D:\Garbage Classification\Garbage_Classification_Organized\dataset\待分拣\有害_0251.jpg,D:\Garbage Classification\Garbage_Classification_Organized\garbage_dataset_20260624_110735\val\待分拣\有害_0251.jpg,有害_0251.jpg,有害_0251.jpg,558,558,RGB,57416,,success,
2026-06-24 11:07:36,待分拣,val,D:\Garbage Classification\Garbage_Classification_Organized\dataset\待分拣\待分拣_0019.jpg,D:\Garbage Classification\Garbage_Classification_Organized\garbage_dataset_20260624_110735\val\待分拣\待分拣_0019.jpg,待分拣_0019.jpg,待分拣_0019.jpg,558,558,RGB,48079,,success,
2026-06-24 11:07:36,待分拣,val,D:\Garbage Classification\Garbage_Classification_Organized\dataset\待分拣\待分拣_0206.jpg,D:\Garbage Classification\Garbage_Classification_Organized\garbage_dataset_20260624_110735\val\待分拣\待分拣_0206.jpg,待分拣_0206.jpg,待分拣_0206.jpg,558,558,RGB,51773,,success,
2026-06-24 11:07:36,待分拣,val,D:\Garbage Classification\Garbage_Classification_Organized\dataset\待分拣\待分拣_0062.jpg,D:\Garbage Classification\Garbage_Classification_Organized\garbage_dataset_20260624_110735\val\待分拣\待分拣_0062.jpg,待分拣_0062.jpg,待分拣_0062.jpg,558,558,RGB,52018,,success,
2026-06-24 11:07:36,待分拣,val,D:\Garbage Classification\Garbage_Classification_Organized\dataset\待分拣\待分拣_0208.jpg,D:\Garbage Classification\Garbage_Classification_Organized\garbage_dataset_20260624_110735\val\待分拣\待分拣_0208.jpg,待分拣_0208.jpg,待分拣_0208.jpg,558,558,RGB,51156,,success,
2026-06-24 11:07:36,待分拣,val,D:\Garbage Classification\Garbage_Classification_Organized\dataset\待分拣\待分拣_0179.jpg,D:\Garbage Classification\Garbage_Classification_Organized\garbage_dataset_20260624_110735\val\待分拣\待分拣_0179.jpg,待分拣_0179.jpg,待分拣_0179.jpg,558,558,RGB,54084,,success,
2026-06-24 11:07:36,待分拣,val,D:\Garbage Classification\Garbage_Classification_Organized\dataset\待分拣\待分拣165.jpg,D:\Garbage Classification\Garbage_Classification_Organized\garbage_dataset_20260624_110735\val\待分拣\待分拣165.jpg,待分拣165.jpg,待分拣165.jpg,558,558,RGB,48555,,success,
2026-06-24 11:07:36,待分拣,val,D:\Garbage Classification\Garbage_Classification_Organized\dataset\待分拣\待分拣145.jpg,D:\Garbage Classification\Garbage_Classification_Organized\garbage_dataset_20260624_110735\val\待分拣\待分拣145.jpg,待分拣145.jpg,待分拣145.jpg,558,558,RGB,54216,,success,
2026-06-24 11:07:36,待分拣,val,D:\Garbage Classification\Garbage_Classification_Organized\dataset\待分拣\待分拣116.jpg,D:\Garbage Classification\Garbage_Classification_Organized\garbage_dataset_20260624_110735\val\待分拣\待分拣116.jpg,待分拣116.jpg,待分拣116.jpg,558,558,RGB,49510,,success,
2026-06-24 11:07:36,待分拣,val,D:\Garbage Classification\Garbage_Classification_Organized\dataset\待分拣\待分拣136.jpg,D:\Garbage Classification\Garbage_Classification_Organized\garbage_dataset_20260624_110735\val\待分拣\待分拣136.jpg,待分拣136.jpg,待分拣136.jpg,558,558,RGB,51474,,success,
2026-06-24 11:07:36,待分拣,val,D:\Garbage Classification\Garbage_Classification_Organized\dataset\待分拣\待分拣68.jpg,D:\Garbage Classification\Garbage_Classification_Organized\garbage_dataset_20260624_110735\val\待分拣\待分拣68.jpg,待分拣68.jpg,待分拣68.jpg,558,558,RGB,47093,,success,
2026-06-24 11:07:36,待分拣,val,D:\Garbage Classification\Garbage_Classification_Organized\dataset\待分拣\待分拣75.jpg,D:\Garbage Classification\Garbage_Classification_Organized\garbage_dataset_20260624_110735\val\待分拣\待分拣75.jpg,待分拣75.jpg,待分拣75.jpg,558,558,RGB,48518,,success,
2026-06-24 11:07:37,待分拣,val,D:\Garbage Classification\Garbage_Classification_Organized\dataset\待分拣\待分拣158.jpg,D:\Garbage Classification\Garbage_Classification_Organized\garbage_dataset_20260624_110735\val\待分拣\待分拣158.jpg,待分拣158.jpg,待分拣158.jpg,558,558,RGB,54841,,success,
2026-06-24 11:07:37,待分拣,val,D:\Garbage Classification\Garbage_Classification_Organized\dataset\待分拣\待分拣_0131.jpg,D:\Garbage Classification\Garbage_Classification_Organized\garbage_dataset_20260624_110735\val\待分拣\待分拣_0131.jpg,待分拣_0131.jpg,待分拣_0131.jpg,558,558,RGB,45236,,success,
2026-06-24 11:07:37,待分拣,val,D:\Garbage Classification\Garbage_Classification_Organized\dataset\待分拣\待分拣_0175.jpg,D:\Garbage Classification\Garbage_Classification_Organized\garbage_dataset_20260624_110735\val\待分拣\待分拣_0175.jpg,待分拣_0175.jpg,待分拣_0175.jpg,558,558,RGB,47210,,success,
2026-06-24 11:07:37,待分拣,val,D:\Garbage Classification\Garbage_Classification_Organized\dataset\待分拣\待分拣279.jpg,D:\Garbage Classification\Garbage_Classification_Organized\garbage_dataset_20260624_110735\val\待分拣\待分拣279.jpg,待分拣279.jpg,待分拣279.jpg,558,558,RGB,56977,,success,
2026-06-24 11:07:37,待分拣,val,D:\Garbage Classification\Garbage_Classification_Organized\dataset\待分拣\待分拣_0012.jpg,D:\Garbage Classification\Garbage_Classification_Organized\garbage_dataset_20260624_110735\val\待分拣\待分拣_0012.jpg,待分拣_0012.jpg,待分拣_0012.jpg,558,558,RGB,53277,,success,
2026-06-24 11:07:37,待分拣,val,D:\Garbage Classification\Garbage_Classification_Organized\dataset\待分拣\待分拣38.jpg,D:\Garbage Classification\Garbage_Classification_Organized\garbage_dataset_20260624_110735\val\待分拣\待分拣38.jpg,待分拣38.jpg,待分拣38.jpg,558,558,RGB,52874,,success,
2026-06-24 11:07:37,待分拣,val,D:\Garbage Classification\Garbage_Classification_Organized\dataset\待分拣\待分拣_0013.jpg,D:\Garbage Classification\Garbage_Classification_Organized\garbage_dataset_20260624_110735\val\待分拣\待分拣_0013.jpg,待分拣_0013.jpg,待分拣_0013.jpg,558,558,RGB,46623,,success,
2026-06-24 11:07:37,待分拣,val,D:\Garbage Classification\Garbage_Classification_Organized\dataset\待分拣\待分拣_0096.jpg,D:\Garbage Classification\Garbage_Classification_Organized\garbage_dataset_20260624_110735\val\待分拣\待分拣_0096.jpg,待分拣_0096.jpg,待分拣_0096.jpg,558,558,RGB,48177,,success,
2026-06-24 11:07:37,待分拣,val,D:\Garbage Classification\Garbage_Classification_Organized\dataset\待分拣\待分拣215.jpg,D:\Garbage Classification\Garbage_Classification_Organized\garbage_dataset_20260624_110735\val\待分拣\待分拣215.jpg,待分拣215.jpg,待分拣215.jpg,558,558,RGB,52009,,success,
2026-06-24 11:07:37,待分拣,val,D:\Garbage Classification\Garbage_Classification_Organized\dataset\待分拣\待分拣89.jpg,D:\Garbage Classification\Garbage_Classification_Organized\garbage_dataset_20260624_110735\val\待分拣\待分拣89.jpg,待分拣89.jpg,待分拣89.jpg,558,558,RGB,46847,,success,
2026-06-24 11:07:37,待分拣,val,D:\Garbage Classification\Garbage_Classification_Organized\dataset\待分拣\有害_0185.jpg,D:\Garbage Classification\Garbage_Classification_Organized\garbage_dataset_20260624_110735\val\待分拣\有害_0185.jpg,有害_0185.jpg,有害_0185.jpg,558,558,RGB,64686,,success,
2026-06-24 11:07:37,待分拣,val,D:\Garbage Classification\Garbage_Classification_Organized\dataset\待分拣\待分拣_0095.jpg,D:\Garbage Classification\Garbage_Classification_Organized\garbage_dataset_20260624_110735\val\待分拣\待分拣_0095.jpg,待分拣_0095.jpg,待分拣_0095.jpg,558,558,RGB,51435,,success,
2026-06-24 11:07:37,待分拣,val,D:\Garbage Classification\Garbage_Classification_Organized\dataset\待分拣\待分拣208.jpg,D:\Garbage Classification\Garbage_Classification_Organized\garbage_dataset_20260624_110735\val\待分拣\待分拣208.jpg,待分拣208.jpg,待分拣208.jpg,558,558,RGB,51548,,success,
2026-06-24 11:07:37,待分拣,val,D:\Garbage Classification\Garbage_Classification_Organized\dataset\待分拣\待分拣159.jpg,D:\Garbage Classification\Garbage_Classification_Organized\garbage_dataset_20260624_110735\val\待分拣\待分拣159.jpg,待分拣159.jpg,待分拣159.jpg,558,558,RGB,51888,,success,
2026-06-24 11:07:37,待分拣,val,D:\Garbage Classification\Garbage_Classification_Organized\dataset\待分拣\待分拣_0191.jpg,D:\Garbage Classification\Garbage_Classification_Organized\garbage_dataset_20260624_110735\val\待分拣\待分拣_0191.jpg,待分拣_0191.jpg,待分拣_0191.jpg,558,558,RGB,48707,,success,
2026-06-24 11:07:37,待分拣,val,D:\Garbage Classification\Garbage_Classification_Organized\dataset\待分拣\待分拣160.jpg,D:\Garbage Classification\Garbage_Classification_Organized\garbage_dataset_20260624_110735\val\待分拣\待分拣160.jpg,待分拣160.jpg,待分拣160.jpg,558,558,RGB,53211,,success,
2026-06-24 11:07:37,待分拣,val,D:\Garbage Classification\Garbage_Classification_Organized\dataset\待分拣\待分拣51.jpg,D:\Garbage Classification\Garbage_Classification_Organized\garbage_dataset_20260624_110735\val\待分拣\待分拣51.jpg,待分拣51.jpg,待分拣51.jpg,558,558,RGB,56175,,success,
2026-06-24 11:07:37,待分拣,val,D:\Garbage Classification\Garbage_Classification_Organized\dataset\待分拣\待分拣_0043.jpg,D:\Garbage Classification\Garbage_Classification_Organized\garbage_dataset_20260624_110735\val\待分拣\待分拣_0043.jpg,待分拣_0043.jpg,待分拣_0043.jpg,558,558,RGB,49513,,success,
2026-06-24 11:07:37,待分拣,val,D:\Garbage Classification\Garbage_Classification_Organized\dataset\待分拣\待分拣277.jpg,D:\Garbage Classification\Garbage_Classification_Organized\garbage_dataset_20260624_110735\val\待分拣\待分拣277.jpg,待分拣277.jpg,待分拣277.jpg,558,558,RGB,56755,,success,
2026-06-24 11:07:37,待分拣,val,D:\Garbage Classification\Garbage_Classification_Organized\dataset\待分拣\待分拣70.jpg,D:\Garbage Classification\Garbage_Classification_Organized\garbage_dataset_20260624_110735\val\待分拣\待分拣70.jpg,待分拣70.jpg,待分拣70.jpg,558,558,RGB,47844,,success,
2026-06-24 11:07:37,待分拣,val,D:\Garbage Classification\Garbage_Classification_Organized\dataset\待分拣\待分拣_0049.jpg,D:\Garbage Classification\Garbage_Classification_Organized\garbage_dataset_20260624_110735\val\待分拣\待分拣_0049.jpg,待分拣_0049.jpg,待分拣_0049.jpg,558,558,RGB,45613,,success,
2026-06-24 11:07:37,待分拣,val,D:\Garbage Classification\Garbage_Classification_Organized\dataset\待分拣\待分拣_0119.jpg,D:\Garbage Classification\Garbage_Classification_Organized\garbage_dataset_20260624_110735\val\待分拣\待分拣_0119.jpg,待分拣_0119.jpg,待分拣_0119.jpg,558,558,RGB,45372,,success,
2026-06-24 11:07:37,待分拣,val,D:\Garbage Classification\Garbage_Classification_Organized\dataset\待分拣\待分拣_0123.jpg,D:\Garbage Classification\Garbage_Classification_Organized\garbage_dataset_20260624_110735\val\待分拣\待分拣_0123.jpg,待分拣_0123.jpg,待分拣_0123.jpg,558,558,RGB,45200,,success,
2026-06-24 11:07:37,待分拣,val,D:\Garbage Classification\Garbage_Classification_Organized\dataset\待分拣\待分拣_0081.jpg,D:\Garbage Classification\Garbage_Classification_Organized\garbage_dataset_20260624_110735\val\待分拣\待分拣_0081.jpg,待分拣_0081.jpg,待分拣_0081.jpg,558,558,RGB,50137,,success,
2026-06-24 11:07:37,待分拣,val,D:\Garbage Classification\Garbage_Classification_Organized\dataset\待分拣\待分拣_0004.jpg,D:\Garbage Classification\Garbage_Classification_Organized\garbage_dataset_20260624_110735\val\待分拣\待分拣_0004.jpg,待分拣_0004.jpg,待分拣_0004.jpg,558,558,RGB,49289,,success,
2026-06-24 11:07:37,待分拣,val,D:\Garbage Classification\Garbage_Classification_Organized\dataset\待分拣\待分拣192.jpg,D:\Garbage Classification\Garbage_Classification_Organized\garbage_dataset_20260624_110735\val\待分拣\待分拣192.jpg,待分拣192.jpg,待分拣192.jpg,558,558,RGB,55892,,success,
2026-06-24 11:07:37,待分拣,val,D:\Garbage Classification\Garbage_Classification_Organized\dataset\待分拣\待分拣124.jpg,D:\Garbage Classification\Garbage_Classification_Organized\garbage_dataset_20260624_110735\val\待分拣\待分拣124.jpg,待分拣124.jpg,待分拣124.jpg,558,558,RGB,47617,,success,
2026-06-24 11:07:37,待分拣,val,D:\Garbage Classification\Garbage_Classification_Organized\dataset\待分拣\待分拣218.jpg,D:\Garbage Classification\Garbage_Classification_Organized\garbage_dataset_20260624_110735\val\待分拣\待分拣218.jpg,待分拣218.jpg,待分拣218.jpg,558,558,RGB,57535,,success,
2026-06-24 11:07:37,待分拣,val,D:\Garbage Classification\Garbage_Classification_Organized\dataset\待分拣\待分拣28.jpg,D:\Garbage Classification\Garbage_Classification_Organized\garbage_dataset_20260624_110735\val\待分拣\待分拣28.jpg,待分拣28.jpg,待分拣28.jpg,558,558,RGB,47910,,success,
2026-06-24 11:07:37,待分拣,val,D:\Garbage Classification\Garbage_Classification_Organized\dataset\待分拣\待分拣24.jpg,D:\Garbage Classification\Garbage_Classification_Organized\garbage_dataset_20260624_110735\val\待分拣\待分拣24.jpg,待分拣24.jpg,待分拣24.jpg,558,558,RGB,47329,,success,
2026-06-24 11:07:37,待分拣,val,D:\Garbage Classification\Garbage_Classification_Organized\dataset\待分拣\待分拣109.jpg,D:\Garbage Classification\Garbage_Classification_Organized\garbage_dataset_20260624_110735\val\待分拣\待分拣109.jpg,待分拣109.jpg,待分拣109.jpg,558,558,RGB,47791,,success,
2026-06-24 11:07:37,待分拣,val,D:\Garbage Classification\Garbage_Classification_Organized\dataset\待分拣\待分拣20.jpg,D:\Garbage Classification\Garbage_Classification_Organized\garbage_dataset_20260624_110735\val\待分拣\待分拣20.jpg,待分拣20.jpg,待分拣20.jpg,558,558,RGB,54666,,success,
2026-06-24 11:07:37,待分拣,val,D:\Garbage Classification\Garbage_Classification_Organized\dataset\待分拣\待分拣12.jpg,D:\Garbage Classification\Garbage_Classification_Organized\garbage_dataset_20260624_110735\val\待分拣\待分拣12.jpg,待分拣12.jpg,待分拣12.jpg,558,558,RGB,54938,,success,
2026-06-24 11:07:37,待分拣,val,D:\Garbage Classification\Garbage_Classification_Organized\dataset\待分拣\待分拣_0111.jpg,D:\Garbage Classification\Garbage_Classification_Organized\garbage_dataset_20260624_110735\val\待分拣\待分拣_0111.jpg,待分拣_0111.jpg,待分拣_0111.jpg,558,558,RGB,46799,,success,
2026-06-24 11:07:37,待分拣,val,D:\Garbage Classification\Garbage_Classification_Organized\dataset\待分拣\待分拣_0107.jpg,D:\Garbage Classification\Garbage_Classification_Organized\garbage_dataset_20260624_110735\val\待分拣\待分拣_0107.jpg,待分拣_0107.jpg,待分拣_0107.jpg,558,558,RGB,47469,,success,
2026-06-24 11:07:37,待分拣,val,D:\Garbage Classification\Garbage_Classification_Organized\dataset\待分拣\待分拣244.jpg,D:\Garbage Classification\Garbage_Classification_Organized\garbage_dataset_20260624_110735\val\待分拣\待分拣244.jpg,待分拣244.jpg,待分拣244.jpg,558,558,RGB,56825,,success,
2026-06-24 11:07:37,待分拣,val,D:\Garbage Classification\Garbage_Classification_Organized\dataset\待分拣\待分拣_0064.jpg,D:\Garbage Classification\Garbage_Classification_Organized\garbage_dataset_20260624_110735\val\待分拣\待分拣_0064.jpg,待分拣_0064.jpg,待分拣_0064.jpg,558,558,RGB,53376,,success,
2026-06-24 11:07:37,待分拣,val,D:\Garbage Classification\Garbage_Classification_Organized\dataset\待分拣\有害_0081.jpg,D:\Garbage Classification\Garbage_Classification_Organized\garbage_dataset_20260624_110735\val\待分拣\有害_0081.jpg,有害_0081.jpg,有害_0081.jpg,558,558,RGB,57650,,success,
2026-06-24 11:07:37,待分拣,val,D:\Garbage Classification\Garbage_Classification_Organized\dataset\待分拣\待分拣98.jpg,D:\Garbage Classification\Garbage_Classification_Organized\garbage_dataset_20260624_110735\val\待分拣\待分拣98.jpg,待分拣98.jpg,待分拣98.jpg,558,558,RGB,47436,,success,
2026-06-24 11:07:37,待分拣,val,D:\Garbage Classification\Garbage_Classification_Organized\dataset\待分拣\待分拣_0066.jpg,D:\Garbage Classification\Garbage_Classification_Organized\garbage_dataset_20260624_110735\val\待分拣\待分拣_0066.jpg,待分拣_0066.jpg,待分拣_0066.jpg,558,558,RGB,51333,,success,
2026-06-24 11:07:37,待分拣,val,D:\Garbage Classification\Garbage_Classification_Organized\dataset\待分拣\待分拣_0041.jpg,D:\Garbage Classification\Garbage_Classification_Organized\garbage_dataset_20260624_110735\val\待分拣\待分拣_0041.jpg,待分拣_0041.jpg,待分拣_0041.jpg,558,558,RGB,48423,,success,
2026-06-24 11:07:37,待分拣,val,D:\Garbage Classification\Garbage_Classification_Organized\dataset\待分拣\待分拣219.jpg,D:\Garbage Classification\Garbage_Classification_Organized\garbage_dataset_20260624_110735\val\待分拣\待分拣219.jpg,待分拣219.jpg,待分拣219.jpg,558,558,RGB,54559,,success,
2026-06-24 11:07:37,待分拣,val,D:\Garbage Classification\Garbage_Classification_Organized\dataset\待分拣\待分拣_0160.jpg,D:\Garbage Classification\Garbage_Classification_Organized\garbage_dataset_20260624_110735\val\待分拣\待分拣_0160.jpg,待分拣_0160.jpg,待分拣_0160.jpg,558,558,RGB,49731,,success,
2026-06-24 11:07:37,待分拣,val,D:\Garbage Classification\Garbage_Classification_Organized\dataset\待分拣\待分拣53.jpg,D:\Garbage Classification\Garbage_Classification_Organized\garbage_dataset_20260624_110735\val\待分拣\待分拣53.jpg,待分拣53.jpg,待分拣53.jpg,558,558,RGB,46664,,success,
2026-06-24 11:07:37,待分拣,val,D:\Garbage Classification\Garbage_Classification_Organized\dataset\待分拣\待分拣_0154.jpg,D:\Garbage Classification\Garbage_Classification_Organized\garbage_dataset_20260624_110735\val\待分拣\待分拣_0154.jpg,待分拣_0154.jpg,待分拣_0154.jpg,558,558,RGB,54711,,success,
2026-06-24 11:07:37,待分拣,val,D:\Garbage Classification\Garbage_Classification_Organized\dataset\待分拣\待分拣207.jpg,D:\Garbage Classification\Garbage_Classification_Organized\garbage_dataset_20260624_110735\val\待分拣\待分拣207.jpg,待分拣207.jpg,待分拣207.jpg,558,558,RGB,55154,,success,
2026-06-24 11:07:37,待分拣,val,D:\Garbage Classification\Garbage_Classification_Organized\dataset\待分拣\待分拣_0188.jpg,D:\Garbage Classification\Garbage_Classification_Organized\garbage_dataset_20260624_110735\val\待分拣\待分拣_0188.jpg,待分拣_0188.jpg,待分拣_0188.jpg,558,558,RGB,49221,,success,
2026-06-24 11:07:37,待分拣,val,D:\Garbage Classification\Garbage_Classification_Organized\dataset\待分拣\待分拣87.jpg,D:\Garbage Classification\Garbage_Classification_Organized\garbage_dataset_20260624_110735\val\待分拣\待分拣87.jpg,待分拣87.jpg,待分拣87.jpg,558,558,RGB,46882,,success,
2026-06-24 11:07:37,待分拣,val,D:\Garbage Classification\Garbage_Classification_Organized\dataset\待分拣\待分拣173.jpg,D:\Garbage Classification\Garbage_Classification_Organized\garbage_dataset_20260624_110735\val\待分拣\待分拣173.jpg,待分拣173.jpg,待分拣173.jpg,558,558,RGB,54384,,success,
2026-06-24 11:07:37,待分拣,val,D:\Garbage Classification\Garbage_Classification_Organized\dataset\待分拣\待分拣_0162.jpg,D:\Garbage Classification\Garbage_Classification_Organized\garbage_dataset_20260624_110735\val\待分拣\待分拣_0162.jpg,待分拣_0162.jpg,待分拣_0162.jpg,558,558,RGB,56369,,success,
2026-06-24 11:07:37,待分拣,val,D:\Garbage Classification\Garbage_Classification_Organized\dataset\待分拣\待分拣_0025.jpg,D:\Garbage Classification\Garbage_Classification_Organized\garbage_dataset_20260624_110735\val\待分拣\待分拣_0025.jpg,待分拣_0025.jpg,待分拣_0025.jpg,558,558,RGB,50986,,success,
2026-06-24 11:07:37,待分拣,val,D:\Garbage Classification\Garbage_Classification_Organized\dataset\待分拣\待分拣127.jpg,D:\Garbage Classification\Garbage_Classification_Organized\garbage_dataset_20260624_110735\val\待分拣\待分拣127.jpg,待分拣127.jpg,待分拣127.jpg,558,558,RGB,53196,,success,
2026-06-24 11:07:37,待分拣,val,D:\Garbage Classification\Garbage_Classification_Organized\dataset\待分拣\待分拣_0045.jpg,D:\Garbage Classification\Garbage_Classification_Organized\garbage_dataset_20260624_110735\val\待分拣\待分拣_0045.jpg,待分拣_0045.jpg,待分拣_0045.jpg,558,558,RGB,44277,,success,
2026-06-24 11:07:37,待分拣,val,D:\Garbage Classification\Garbage_Classification_Organized\dataset\待分拣\待分拣_0063.jpg,D:\Garbage Classification\Garbage_Classification_Organized\garbage_dataset_20260624_110735\val\待分拣\待分拣_0063.jpg,待分拣_0063.jpg,待分拣_0063.jpg,558,558,RGB,53248,,success,
2026-06-24 11:07:37,待分拣,val,D:\Garbage Classification\Garbage_Classification_Organized\dataset\待分拣\有害_0152.jpg,D:\Garbage Classification\Garbage_Classification_Organized\garbage_dataset_20260624_110735\val\待分拣\有害_0152.jpg,有害_0152.jpg,有害_0152.jpg,558,558,RGB,61448,,success,
2026-06-24 11:07:37,待分拣,val,D:\Garbage Classification\Garbage_Classification_Organized\dataset\待分拣\待分拣217.jpg,D:\Garbage Classification\Garbage_Classification_Organized\garbage_dataset_20260624_110735\val\待分拣\待分拣217.jpg,待分拣217.jpg,待分拣217.jpg,558,558,RGB,54809,,success,
2026-06-24 11:07:37,待分拣,val,D:\Garbage Classification\Garbage_Classification_Organized\dataset\待分拣\待分拣_0057.jpg,D:\Garbage Classification\Garbage_Classification_Organized\garbage_dataset_20260624_110735\val\待分拣\待分拣_0057.jpg,待分拣_0057.jpg,待分拣_0057.jpg,558,558,RGB,51177,,success,
2026-06-24 11:07:37,待分拣,val,D:\Garbage Classification\Garbage_Classification_Organized\dataset\待分拣\待分拣191.jpg,D:\Garbage Classification\Garbage_Classification_Organized\garbage_dataset_20260624_110735\val\待分拣\待分拣191.jpg,待分拣191.jpg,待分拣191.jpg,558,558,RGB,48995,,success,
2026-06-24 11:07:37,待分拣,val,D:\Garbage Classification\Garbage_Classification_Organized\dataset\待分拣\待分拣258.jpg,D:\Garbage Classification\Garbage_Classification_Organized\garbage_dataset_20260624_110735\val\待分拣\待分拣258.jpg,待分拣258.jpg,待分拣258.jpg,558,558,RGB,56630,,success,
2026-06-24 11:07:37,待分拣,val,D:\Garbage Classification\Garbage_Classification_Organized\dataset\待分拣\待分拣265.jpg,D:\Garbage Classification\Garbage_Classification_Organized\garbage_dataset_20260624_110735\val\待分拣\待分拣265.jpg,待分拣265.jpg,待分拣265.jpg,558,558,RGB,51333,,success,
2026-06-24 11:07:37,待分拣,val,D:\Garbage Classification\Garbage_Classification_Organized\dataset\待分拣\待分拣17.jpg,D:\Garbage Classification\Garbage_Classification_Organized\garbage_dataset_20260624_110735\val\待分拣\待分拣17.jpg,待分拣17.jpg,待分拣17.jpg,558,558,RGB,56394,,success,
2026-06-24 11:07:37,待分拣,val,D:\Garbage Classification\Garbage_Classification_Organized\dataset\待分拣\待分拣262.jpg,D:\Garbage Classification\Garbage_Classification_Organized\garbage_dataset_20260624_110735\val\待分拣\待分拣262.jpg,待分拣262.jpg,待分拣262.jpg,558,558,RGB,52591,,success,
2026-06-24 11:07:37,待分拣,val,D:\Garbage Classification\Garbage_Classification_Organized\dataset\待分拣\待分拣_0141.jpg,D:\Garbage Classification\Garbage_Classification_Organized\garbage_dataset_20260624_110735\val\待分拣\待分拣_0141.jpg,待分拣_0141.jpg,待分拣_0141.jpg,558,558,RGB,44849,,success,
2026-06-24 11:07:37,待分拣,val,D:\Garbage Classification\Garbage_Classification_Organized\dataset\待分拣\待分拣_0039.jpg,D:\Garbage Classification\Garbage_Classification_Organized\garbage_dataset_20260624_110735\val\待分拣\待分拣_0039.jpg,待分拣_0039.jpg,待分拣_0039.jpg,558,558,RGB,47993,,success,
2026-06-24 11:07:37,待分拣,val,D:\Garbage Classification\Garbage_Classification_Organized\dataset\待分拣\待分拣5.jpg,D:\Garbage Classification\Garbage_Classification_Organized\garbage_dataset_20260624_110735\val\待分拣\待分拣5.jpg,待分拣5.jpg,待分拣5.jpg,558,558,RGB,52791,,success,
2026-06-24 11:07:37,待分拣,val,D:\Garbage Classification\Garbage_Classification_Organized\dataset\待分拣\待分拣_0204.jpg,D:\Garbage Classification\Garbage_Classification_Organized\garbage_dataset_20260624_110735\val\待分拣\待分拣_0204.jpg,待分拣_0204.jpg,待分拣_0204.jpg,558,558,RGB,48791,,success,
2026-06-24 11:07:37,待分拣,test,D:\Garbage Classification\Garbage_Classification_Organized\dataset\待分拣\待分拣_0197.jpg,D:\Garbage Classification\Garbage_Classification_Organized\garbage_dataset_20260624_110735\test\待分拣\待分拣_0197.jpg,待分拣_0197.jpg,待分拣_0197.jpg,558,558,RGB,47579,,success,
2026-06-24 11:07:37,待分拣,test,D:\Garbage Classification\Garbage_Classification_Organized\dataset\待分拣\待分拣140.jpg,D:\Garbage Classification\Garbage_Classification_Organized\garbage_dataset_20260624_110735\test\待分拣\待分拣140.jpg,待分拣140.jpg,待分拣140.jpg,558,558,RGB,57108,,success,
2026-06-24 11:07:37,待分拣,test,D:\Garbage Classification\Garbage_Classification_Organized\dataset\待分拣\待分拣_0157.jpg,D:\Garbage Classification\Garbage_Classification_Organized\garbage_dataset_20260624_110735\test\待分拣\待分拣_0157.jpg,待分拣_0157.jpg,待分拣_0157.jpg,558,558,RGB,47903,,success,
2026-06-24 11:07:37,待分拣,test,D:\Garbage Classification\Garbage_Classification_Organized\dataset\待分拣\待分拣201.jpg,D:\Garbage Classification\Garbage_Classification_Organized\garbage_dataset_20260624_110735\test\待分拣\待分拣201.jpg,待分拣201.jpg,待分拣201.jpg,558,558,RGB,52181,,success,
2026-06-24 11:07:37,待分拣,test,D:\Garbage Classification\Garbage_Classification_Organized\dataset\待分拣\待分拣_0151.jpg,D:\Garbage Classification\Garbage_Classification_Organized\garbage_dataset_20260624_110735\test\待分拣\待分拣_0151.jpg,待分拣_0151.jpg,待分拣_0151.jpg,558,558,RGB,48184,,success,
2026-06-24 11:07:37,待分拣,test,D:\Garbage Classification\Garbage_Classification_Organized\dataset\待分拣\待分拣_0183.jpg,D:\Garbage Classification\Garbage_Classification_Organized\garbage_dataset_20260624_110735\test\待分拣\待分拣_0183.jpg,待分拣_0183.jpg,待分拣_0183.jpg,558,558,RGB,49793,,success,
2026-06-24 11:07:37,待分拣,test,D:\Garbage Classification\Garbage_Classification_Organized\dataset\待分拣\待分拣228.jpg,D:\Garbage Classification\Garbage_Classification_Organized\garbage_dataset_20260624_110735\test\待分拣\待分拣228.jpg,待分拣228.jpg,待分拣228.jpg,558,558,RGB,49637,,success,
2026-06-24 11:07:37,待分拣,test,D:\Garbage Classification\Garbage_Classification_Organized\dataset\待分拣\待分拣_0109.jpg,D:\Garbage Classification\Garbage_Classification_Organized\garbage_dataset_20260624_110735\test\待分拣\待分拣_0109.jpg,待分拣_0109.jpg,待分拣_0109.jpg,558,558,RGB,46923,,success,
2026-06-24 11:07:37,待分拣,test,D:\Garbage Classification\Garbage_Classification_Organized\dataset\待分拣\待分拣2.jpg,D:\Garbage Classification\Garbage_Classification_Organized\garbage_dataset_20260624_110735\test\待分拣\待分拣2.jpg,待分拣2.jpg,待分拣2.jpg,558,558,RGB,53072,,success,
2026-06-24 11:07:37,待分拣,test,D:\Garbage Classification\Garbage_Classification_Organized\dataset\待分拣\待分拣_0052.jpg,D:\Garbage Classification\Garbage_Classification_Organized\garbage_dataset_20260624_110735\test\待分拣\待分拣_0052.jpg,待分拣_0052.jpg,待分拣_0052.jpg,558,558,RGB,54620,,success,
2026-06-24 11:07:37,待分拣,test,D:\Garbage Classification\Garbage_Classification_Organized\dataset\待分拣\待分拣115.jpg,D:\Garbage Classification\Garbage_Classification_Organized\garbage_dataset_20260624_110735\test\待分拣\待分拣115.jpg,待分拣115.jpg,待分拣115.jpg,558,558,RGB,45854,,success,
2026-06-24 11:07:37,待分拣,test,D:\Garbage Classification\Garbage_Classification_Organized\dataset\待分拣\待分拣126.jpg,D:\Garbage Classification\Garbage_Classification_Organized\garbage_dataset_20260624_110735\test\待分拣\待分拣126.jpg,待分拣126.jpg,待分拣126.jpg,558,558,RGB,53542,,success,
2026-06-24 11:07:37,待分拣,test,D:\Garbage Classification\Garbage_Classification_Organized\dataset\待分拣\待分拣_0074.jpg,D:\Garbage Classification\Garbage_Classification_Organized\garbage_dataset_20260624_110735\test\待分拣\待分拣_0074.jpg,待分拣_0074.jpg,待分拣_0074.jpg,558,558,RGB,52918,,success,
2026-06-24 11:07:37,待分拣,test,D:\Garbage Classification\Garbage_Classification_Organized\dataset\待分拣\待分拣183.jpg,D:\Garbage Classification\Garbage_Classification_Organized\garbage_dataset_20260624_110735\test\待分拣\待分拣183.jpg,待分拣183.jpg,待分拣183.jpg,558,558,RGB,53268,,success,
2026-06-24 11:07:37,待分拣,test,D:\Garbage Classification\Garbage_Classification_Organized\dataset\待分拣\待分拣_0009.jpg,D:\Garbage Classification\Garbage_Classification_Organized\garbage_dataset_20260624_110735\test\待分拣\待分拣_0009.jpg,待分拣_0009.jpg,待分拣_0009.jpg,558,558,RGB,47072,,success,
2026-06-24 11:07:37,待分拣,test,D:\Garbage Classification\Garbage_Classification_Organized\dataset\待分拣\待分拣261.jpg,D:\Garbage Classification\Garbage_Classification_Organized\garbage_dataset_20260624_110735\test\待分拣\待分拣261.jpg,待分拣261.jpg,待分拣261.jpg,558,558,RGB,49438,,success,
2026-06-24 11:07:37,待分拣,test,D:\Garbage Classification\Garbage_Classification_Organized\dataset\待分拣\待分拣_0155.jpg,D:\Garbage Classification\Garbage_Classification_Organized\garbage_dataset_20260624_110735\test\待分拣\待分拣_0155.jpg,待分拣_0155.jpg,待分拣_0155.jpg,558,558,RGB,53847,,success,
2026-06-24 11:07:37,待分拣,test,D:\Garbage Classification\Garbage_Classification_Organized\dataset\待分拣\待分拣_0167.jpg,D:\Garbage Classification\Garbage_Classification_Organized\garbage_dataset_20260624_110735\test\待分拣\待分拣_0167.jpg,待分拣_0167.jpg,待分拣_0167.jpg,558,558,RGB,48622,,success,
2026-06-24 11:07:37,待分拣,test,D:\Garbage Classification\Garbage_Classification_Organized\dataset\待分拣\待分拣_0030.jpg,D:\Garbage Classification\Garbage_Classification_Organized\garbage_dataset_20260624_110735\test\待分拣\待分拣_0030.jpg,待分拣_0030.jpg,待分拣_0030.jpg,558,558,RGB,53396,,success,
2026-06-24 11:07:37,待分拣,test,D:\Garbage Classification\Garbage_Classification_Organized\dataset\待分拣\待分拣_0035.jpg,D:\Garbage Classification\Garbage_Classification_Organized\garbage_dataset_20260624_110735\test\待分拣\待分拣_0035.jpg,待分拣_0035.jpg,待分拣_0035.jpg,558,558,RGB,50323,,success,
2026-06-24 11:07:37,待分拣,test,D:\Garbage Classification\Garbage_Classification_Organized\dataset\待分拣\待分拣_0138.jpg,D:\Garbage Classification\Garbage_Classification_Organized\garbage_dataset_20260624_110735\test\待分拣\待分拣_0138.jpg,待分拣_0138.jpg,待分拣_0138.jpg,558,558,RGB,45030,,success,
2026-06-24 11:07:37,待分拣,test,D:\Garbage Classification\Garbage_Classification_Organized\dataset\待分拣\待分拣23.jpg,D:\Garbage Classification\Garbage_Classification_Organized\garbage_dataset_20260624_110735\test\待分拣\待分拣23.jpg,待分拣23.jpg,待分拣23.jpg,558,558,RGB,51123,,success,
2026-06-24 11:07:37,待分拣,test,D:\Garbage Classification\Garbage_Classification_Organized\dataset\待分拣\待分拣95.jpg,D:\Garbage Classification\Garbage_Classification_Organized\garbage_dataset_20260624_110735\test\待分拣\待分拣95.jpg,待分拣95.jpg,待分拣95.jpg,558,558,RGB,53697,,success,
2026-06-24 11:07:37,待分拣,test,D:\Garbage Classification\Garbage_Classification_Organized\dataset\待分拣\待分拣130.jpg,D:\Garbage Classification\Garbage_Classification_Organized\garbage_dataset_20260624_110735\test\待分拣\待分拣130.jpg,待分拣130.jpg,待分拣130.jpg,558,558,RGB,51304,,success,
2026-06-24 11:07:37,待分拣,test,D:\Garbage Classification\Garbage_Classification_Organized\dataset\待分拣\待分拣269.jpg,D:\Garbage Classification\Garbage_Classification_Organized\garbage_dataset_20260624_110735\test\待分拣\待分拣269.jpg,待分拣269.jpg,待分拣269.jpg,558,558,RGB,47371,,success,
2026-06-24 11:07:37,待分拣,test,D:\Garbage Classification\Garbage_Classification_Organized\dataset\待分拣\待分拣151.jpg,D:\Garbage Classification\Garbage_Classification_Organized\garbage_dataset_20260624_110735\test\待分拣\待分拣151.jpg,待分拣151.jpg,待分拣151.jpg,558,558,RGB,54569,,success,
2026-06-24 11:07:37,待分拣,test,D:\Garbage Classification\Garbage_Classification_Organized\dataset\待分拣\待分拣88.jpg,D:\Garbage Classification\Garbage_Classification_Organized\garbage_dataset_20260624_110735\test\待分拣\待分拣88.jpg,待分拣88.jpg,待分拣88.jpg,558,558,RGB,47605,,success,
2026-06-24 11:07:37,待分拣,test,D:\Garbage Classification\Garbage_Classification_Organized\dataset\待分拣\待分拣52.jpg,D:\Garbage Classification\Garbage_Classification_Organized\garbage_dataset_20260624_110735\test\待分拣\待分拣52.jpg,待分拣52.jpg,待分拣52.jpg,558,558,RGB,48695,,success,
2026-06-24 11:07:37,待分拣,test,D:\Garbage Classification\Garbage_Classification_Organized\dataset\待分拣\待分拣_0087.jpg,D:\Garbage Classification\Garbage_Classification_Organized\garbage_dataset_20260624_110735\test\待分拣\待分拣_0087.jpg,待分拣_0087.jpg,待分拣_0087.jpg,558,558,RGB,56105,,success,
2026-06-24 11:07:37,待分拣,test,D:\Garbage Classification\Garbage_Classification_Organized\dataset\待分拣\待分拣114.jpg,D:\Garbage Classification\Garbage_Classification_Organized\garbage_dataset_20260624_110735\test\待分拣\待分拣114.jpg,待分拣114.jpg,待分拣114.jpg,558,558,RGB,50385,,success,
2026-06-24 11:07:37,待分拣,test,D:\Garbage Classification\Garbage_Classification_Organized\dataset\待分拣\待分拣_0127.jpg,D:\Garbage Classification\Garbage_Classification_Organized\garbage_dataset_20260624_110735\test\待分拣\待分拣_0127.jpg,待分拣_0127.jpg,待分拣_0127.jpg,558,558,RGB,45022,,success,
2026-06-24 11:07:37,待分拣,test,D:\Garbage Classification\Garbage_Classification_Organized\dataset\待分拣\待分拣216.jpg,D:\Garbage Classification\Garbage_Classification_Organized\garbage_dataset_20260624_110735\test\待分拣\待分拣216.jpg,待分拣216.jpg,待分拣216.jpg,558,558,RGB,56682,,success,
2026-06-24 11:07:37,待分拣,test,D:\Garbage Classification\Garbage_Classification_Organized\dataset\待分拣\待分拣_0023.jpg,D:\Garbage Classification\Garbage_Classification_Organized\garbage_dataset_20260624_110735\test\待分拣\待分拣_0023.jpg,待分拣_0023.jpg,待分拣_0023.jpg,558,558,RGB,48618,,success,
2026-06-24 11:07:37,待分拣,test,D:\Garbage Classification\Garbage_Classification_Organized\dataset\待分拣\待分拣253.jpg,D:\Garbage Classification\Garbage_Classification_Organized\garbage_dataset_20260624_110735\test\待分拣\待分拣253.jpg,待分拣253.jpg,待分拣253.jpg,558,558,RGB,58277,,success,
2026-06-24 11:07:37,待分拣,test,D:\Garbage Classification\Garbage_Classification_Organized\dataset\待分拣\待分拣_0147.jpg,D:\Garbage Classification\Garbage_Classification_Organized\garbage_dataset_20260624_110735\test\待分拣\待分拣_0147.jpg,待分拣_0147.jpg,待分拣_0147.jpg,558,558,RGB,48605,,success,
2026-06-24 11:07:37,待分拣,test,D:\Garbage Classification\Garbage_Classification_Organized\dataset\待分拣\待分拣26.jpg,D:\Garbage Classification\Garbage_Classification_Organized\garbage_dataset_20260624_110735\test\待分拣\待分拣26.jpg,待分拣26.jpg,待分拣26.jpg,558,558,RGB,47365,,success,
2026-06-24 11:07:37,待分拣,test,D:\Garbage Classification\Garbage_Classification_Organized\dataset\待分拣\待分拣139.jpg,D:\Garbage Classification\Garbage_Classification_Organized\garbage_dataset_20260624_110735\test\待分拣\待分拣139.jpg,待分拣139.jpg,待分拣139.jpg,558,558,RGB,53656,,success,
2026-06-24 11:07:37,待分拣,test,D:\Garbage Classification\Garbage_Classification_Organized\dataset\待分拣\待分拣27.jpg,D:\Garbage Classification\Garbage_Classification_Organized\garbage_dataset_20260624_110735\test\待分拣\待分拣27.jpg,待分拣27.jpg,待分拣27.jpg,558,558,RGB,46514,,success,
2026-06-24 11:07:37,待分拣,test,D:\Garbage Classification\Garbage_Classification_Organized\dataset\待分拣\待分拣137.jpg,D:\Garbage Classification\Garbage_Classification_Organized\garbage_dataset_20260624_110735\test\待分拣\待分拣137.jpg,待分拣137.jpg,待分拣137.jpg,558,558,RGB,53936,,success,
2026-06-24 11:07:37,待分拣,test,D:\Garbage Classification\Garbage_Classification_Organized\dataset\待分拣\待分拣141.jpg,D:\Garbage Classification\Garbage_Classification_Organized\garbage_dataset_20260624_110735\test\待分拣\待分拣141.jpg,待分拣141.jpg,待分拣141.jpg,558,558,RGB,56092,,success,
2026-06-24 11:07:37,待分拣,test,D:\Garbage Classification\Garbage_Classification_Organized\dataset\待分拣\待分拣25.jpg,D:\Garbage Classification\Garbage_Classification_Organized\garbage_dataset_20260624_110735\test\待分拣\待分拣25.jpg,待分拣25.jpg,待分拣25.jpg,558,558,RGB,55130,,success,
2026-06-24 11:07:37,待分拣,test,D:\Garbage Classification\Garbage_Classification_Organized\dataset\待分拣\待分拣_0104.jpg,D:\Garbage Classification\Garbage_Classification_Organized\garbage_dataset_20260624_110735\test\待分拣\待分拣_0104.jpg,待分拣_0104.jpg,待分拣_0104.jpg,558,558,RGB,51411,,success,
2026-06-24 11:07:37,待分拣,test,D:\Garbage Classification\Garbage_Classification_Organized\dataset\待分拣\待分拣194.jpg,D:\Garbage Classification\Garbage_Classification_Organized\garbage_dataset_20260624_110735\test\待分拣\待分拣194.jpg,待分拣194.jpg,待分拣194.jpg,558,558,RGB,53238,,success,
2026-06-24 11:07:37,待分拣,test,D:\Garbage Classification\Garbage_Classification_Organized\dataset\待分拣\待分拣166.jpg,D:\Garbage Classification\Garbage_Classification_Organized\garbage_dataset_20260624_110735\test\待分拣\待分拣166.jpg,待分拣166.jpg,待分拣166.jpg,558,558,RGB,52857,,success,
2026-06-24 11:07:37,待分拣,test,D:\Garbage Classification\Garbage_Classification_Organized\dataset\待分拣\有害_0066.jpg,D:\Garbage Classification\Garbage_Classification_Organized\garbage_dataset_20260624_110735\test\待分拣\有害_0066.jpg,有害_0066.jpg,有害_0066.jpg,558,558,RGB,58521,,success,
2026-06-24 11:07:37,待分拣,test,D:\Garbage Classification\Garbage_Classification_Organized\dataset\待分拣\待分拣251.jpg,D:\Garbage Classification\Garbage_Classification_Organized\garbage_dataset_20260624_110735\test\待分拣\待分拣251.jpg,待分拣251.jpg,待分拣251.jpg,558,558,RGB,57033,,success,
2026-06-24 11:07:37,待分拣,test,D:\Garbage Classification\Garbage_Classification_Organized\dataset\待分拣\待分拣35.jpg,D:\Garbage Classification\Garbage_Classification_Organized\garbage_dataset_20260624_110735\test\待分拣\待分拣35.jpg,待分拣35.jpg,待分拣35.jpg,558,558,RGB,47359,,success,
2026-06-24 11:07:37,待分拣,test,D:\Garbage Classification\Garbage_Classification_Organized\dataset\待分拣\待分拣_0071.jpg,D:\Garbage Classification\Garbage_Classification_Organized\garbage_dataset_20260624_110735\test\待分拣\待分拣_0071.jpg,待分拣_0071.jpg,待分拣_0071.jpg,558,558,RGB,50250,,success,
2026-06-24 11:07:37,待分拣,test,D:\Garbage Classification\Garbage_Classification_Organized\dataset\待分拣\待分拣168.jpg,D:\Garbage Classification\Garbage_Classification_Organized\garbage_dataset_20260624_110735\test\待分拣\待分拣168.jpg,待分拣168.jpg,待分拣168.jpg,558,558,RGB,54983,,success,
2026-06-24 11:07:37,待分拣,test,D:\Garbage Classification\Garbage_Classification_Organized\dataset\待分拣\待分拣_0126.jpg,D:\Garbage Classification\Garbage_Classification_Organized\garbage_dataset_20260624_110735\test\待分拣\待分拣_0126.jpg,待分拣_0126.jpg,待分拣_0126.jpg,558,558,RGB,45125,,success,
2026-06-24 11:07:37,待分拣,test,D:\Garbage Classification\Garbage_Classification_Organized\dataset\待分拣\待分拣_0102.jpg,D:\Garbage Classification\Garbage_Classification_Organized\garbage_dataset_20260624_110735\test\待分拣\待分拣_0102.jpg,待分拣_0102.jpg,待分拣_0102.jpg,558,558,RGB,49612,,success,
2026-06-24 11:07:37,待分拣,test,D:\Garbage Classification\Garbage_Classification_Organized\dataset\待分拣\可回收_0081.jpg,D:\Garbage Classification\Garbage_Classification_Organized\garbage_dataset_20260624_110735\test\待分拣\可回收_0081.jpg,可回收_0081.jpg,可回收_0081.jpg,558,558,RGB,48765,,success,
2026-06-24 11:07:37,待分拣,test,D:\Garbage Classification\Garbage_Classification_Organized\dataset\待分拣\待分拣_0159.jpg,D:\Garbage Classification\Garbage_Classification_Organized\garbage_dataset_20260624_110735\test\待分拣\待分拣_0159.jpg,待分拣_0159.jpg,待分拣_0159.jpg,558,558,RGB,48848,,success,
2026-06-24 11:07:37,待分拣,test,D:\Garbage Classification\Garbage_Classification_Organized\dataset\待分拣\待分拣_0128.jpg,D:\Garbage Classification\Garbage_Classification_Organized\garbage_dataset_20260624_110735\test\待分拣\待分拣_0128.jpg,待分拣_0128.jpg,待分拣_0128.jpg,558,558,RGB,44732,,success,
2026-06-24 11:07:37,待分拣,test,D:\Garbage Classification\Garbage_Classification_Organized\dataset\待分拣\有害_0287.jpg,D:\Garbage Classification\Garbage_Classification_Organized\garbage_dataset_20260624_110735\test\待分拣\有害_0287.jpg,有害_0287.jpg,有害_0287.jpg,558,558,RGB,52424,,success,
2026-06-24 11:07:37,待分拣,test,D:\Garbage Classification\Garbage_Classification_Organized\dataset\待分拣\待分拣_0015.jpg,D:\Garbage Classification\Garbage_Classification_Organized\garbage_dataset_20260624_110735\test\待分拣\待分拣_0015.jpg,待分拣_0015.jpg,待分拣_0015.jpg,558,558,RGB,50452,,success,
2026-06-24 11:07:37,待分拣,test,D:\Garbage Classification\Garbage_Classification_Organized\dataset\待分拣\待分拣47.jpg,D:\Garbage Classification\Garbage_Classification_Organized\garbage_dataset_20260624_110735\test\待分拣\待分拣47.jpg,待分拣47.jpg,待分拣47.jpg,558,558,RGB,46746,,success,
2026-06-24 11:07:37,待分拣,test,D:\Garbage Classification\Garbage_Classification_Organized\dataset\待分拣\待分拣196.jpg,D:\Garbage Classification\Garbage_Classification_Organized\garbage_dataset_20260624_110735\test\待分拣\待分拣196.jpg,待分拣196.jpg,待分拣196.jpg,558,558,RGB,54140,,success,
2026-06-24 11:07:37,待分拣,test,D:\Garbage Classification\Garbage_Classification_Organized\dataset\待分拣\待分拣33.jpg,D:\Garbage Classification\Garbage_Classification_Organized\garbage_dataset_20260624_110735\test\待分拣\待分拣33.jpg,待分拣33.jpg,待分拣33.jpg,558,558,RGB,47098,,success,
2026-06-24 11:07:37,待分拣,test,D:\Garbage Classification\Garbage_Classification_Organized\dataset\待分拣\待分拣92.jpg,D:\Garbage Classification\Garbage_Classification_Organized\garbage_dataset_20260624_110735\test\待分拣\待分拣92.jpg,待分拣92.jpg,待分拣92.jpg,558,558,RGB,47499,,success,
2026-06-24 11:07:37,待分拣,test,D:\Garbage Classification\Garbage_Classification_Organized\dataset\待分拣\待分拣_0073.jpg,D:\Garbage Classification\Garbage_Classification_Organized\garbage_dataset_20260624_110735\test\待分拣\待分拣_0073.jpg,待分拣_0073.jpg,待分拣_0073.jpg,558,558,RGB,55851,,success,
2026-06-24 11:07:37,待分拣,test,D:\Garbage Classification\Garbage_Classification_Organized\dataset\待分拣\待分拣_0046.jpg,D:\Garbage Classification\Garbage_Classification_Organized\garbage_dataset_20260624_110735\test\待分拣\待分拣_0046.jpg,待分拣_0046.jpg,待分拣_0046.jpg,558,558,RGB,44722,,success,
2026-06-24 11:07:37,待分拣,test,D:\Garbage Classification\Garbage_Classification_Organized\dataset\待分拣\待分拣_0080.jpg,D:\Garbage Classification\Garbage_Classification_Organized\garbage_dataset_20260624_110735\test\待分拣\待分拣_0080.jpg,待分拣_0080.jpg,待分拣_0080.jpg,558,558,RGB,50244,,success,
2026-06-24 11:07:37,待分拣,test,D:\Garbage Classification\Garbage_Classification_Organized\dataset\待分拣\待分拣186.jpg,D:\Garbage Classification\Garbage_Classification_Organized\garbage_dataset_20260624_110735\test\待分拣\待分拣186.jpg,待分拣186.jpg,待分拣186.jpg,558,558,RGB,58258,,success,
2026-06-24 11:07:37,待分拣,test,D:\Garbage Classification\Garbage_Classification_Organized\dataset\待分拣\待分拣_0001.jpg,D:\Garbage Classification\Garbage_Classification_Organized\garbage_dataset_20260624_110735\test\待分拣\待分拣_0001.jpg,待分拣_0001.jpg,待分拣_0001.jpg,558,558,RGB,45388,,success,
2026-06-24 11:07:37,待分拣,test,D:\Garbage Classification\Garbage_Classification_Organized\dataset\待分拣\待分拣119.jpg,D:\Garbage Classification\Garbage_Classification_Organized\garbage_dataset_20260624_110735\test\待分拣\待分拣119.jpg,待分拣119.jpg,待分拣119.jpg,558,558,RGB,45434,,success,
2026-06-24 11:07:37,待分拣,test,D:\Garbage Classification\Garbage_Classification_Organized\dataset\待分拣\待分拣55.jpg,D:\Garbage Classification\Garbage_Classification_Organized\garbage_dataset_20260624_110735\test\待分拣\待分拣55.jpg,待分拣55.jpg,待分拣55.jpg,558,558,RGB,47238,,success,
2026-06-24 11:07:37,待分拣,test,D:\Garbage Classification\Garbage_Classification_Organized\dataset\待分拣\待分拣41.jpg,D:\Garbage Classification\Garbage_Classification_Organized\garbage_dataset_20260624_110735\test\待分拣\待分拣41.jpg,待分拣41.jpg,待分拣41.jpg,558,558,RGB,46665,,success,
2026-06-24 11:07:37,待分拣,test,D:\Garbage Classification\Garbage_Classification_Organized\dataset\待分拣\待分拣180.jpg,D:\Garbage Classification\Garbage_Classification_Organized\garbage_dataset_20260624_110735\test\待分拣\待分拣180.jpg,待分拣180.jpg,待分拣180.jpg,558,558,RGB,55927,,success,
2026-06-24 11:07:37,待分拣,test,D:\Garbage Classification\Garbage_Classification_Organized\dataset\待分拣\待分拣121.jpg,D:\Garbage Classification\Garbage_Classification_Organized\garbage_dataset_20260624_110735\test\待分拣\待分拣121.jpg,待分拣121.jpg,待分拣121.jpg,558,558,RGB,45868,,success,
2026-06-24 11:07:37,待分拣,test,D:\Garbage Classification\Garbage_Classification_Organized\dataset\待分拣\待分拣123.jpg,D:\Garbage Classification\Garbage_Classification_Organized\garbage_dataset_20260624_110735\test\待分拣\待分拣123.jpg,待分拣123.jpg,待分拣123.jpg,558,558,RGB,45342,,success,
2026-06-24 11:07:37,待分拣,test,D:\Garbage Classification\Garbage_Classification_Organized\dataset\待分拣\待分拣_0146.jpg,D:\Garbage Classification\Garbage_Classification_Organized\garbage_dataset_20260624_110735\test\待分拣\待分拣_0146.jpg,待分拣_0146.jpg,待分拣_0146.jpg,558,558,RGB,51717,,success,
2026-06-24 11:07:37,待分拣,test,D:\Garbage Classification\Garbage_Classification_Organized\dataset\待分拣\待分拣175.jpg,D:\Garbage Classification\Garbage_Classification_Organized\garbage_dataset_20260624_110735\test\待分拣\待分拣175.jpg,待分拣175.jpg,待分拣175.jpg,558,558,RGB,59319,,success,
2026-06-24 11:07:37,待分拣,test,D:\Garbage Classification\Garbage_Classification_Organized\dataset\待分拣\待分拣189.jpg,D:\Garbage Classification\Garbage_Classification_Organized\garbage_dataset_20260624_110735\test\待分拣\待分拣189.jpg,待分拣189.jpg,待分拣189.jpg,558,558,RGB,60905,,success,
2026-06-24 11:07:37,待分拣,test,D:\Garbage Classification\Garbage_Classification_Organized\dataset\待分拣\待分拣222.jpg,D:\Garbage Classification\Garbage_Classification_Organized\garbage_dataset_20260624_110735\test\待分拣\待分拣222.jpg,待分拣222.jpg,待分拣222.jpg,558,558,RGB,51066,,success,
2026-06-24 11:07:37,待分拣,test,D:\Garbage Classification\Garbage_Classification_Organized\dataset\待分拣\待分拣46.jpg,D:\Garbage Classification\Garbage_Classification_Organized\garbage_dataset_20260624_110735\test\待分拣\待分拣46.jpg,待分拣46.jpg,待分拣46.jpg,558,558,RGB,54296,,success,
2026-06-24 11:07:37,待分拣,test,D:\Garbage Classification\Garbage_Classification_Organized\dataset\待分拣\待分拣66.jpg,D:\Garbage Classification\Garbage_Classification_Organized\garbage_dataset_20260624_110735\test\待分拣\待分拣66.jpg,待分拣66.jpg,待分拣66.jpg,558,558,RGB,48818,,success,
2026-06-24 11:07:37,待分拣,test,D:\Garbage Classification\Garbage_Classification_Organized\dataset\待分拣\待分拣94.jpg,D:\Garbage Classification\Garbage_Classification_Organized\garbage_dataset_20260624_110735\test\待分拣\待分拣94.jpg,待分拣94.jpg,待分拣94.jpg,558,558,RGB,46364,,success,
2026-06-24 11:07:37,待分拣,test,D:\Garbage Classification\Garbage_Classification_Organized\dataset\待分拣\待分拣117.jpg,D:\Garbage Classification\Garbage_Classification_Organized\garbage_dataset_20260624_110735\test\待分拣\待分拣117.jpg,待分拣117.jpg,待分拣117.jpg,558,558,RGB,53664,,success,
2026-06-24 11:07:37,待分拣,test,D:\Garbage Classification\Garbage_Classification_Organized\dataset\待分拣\待分拣198.jpg,D:\Garbage Classification\Garbage_Classification_Organized\garbage_dataset_20260624_110735\test\待分拣\待分拣198.jpg,待分拣198.jpg,待分拣198.jpg,558,558,RGB,56908,,success,
2026-06-24 11:07:37,其他,train,D:\Garbage Classification\Garbage_Classification_Organized\dataset\其他\其他7.jpg,D:\Garbage Classification\Garbage_Classification_Organized\garbage_dataset_20260624_110735\train\其他\其他7.jpg,其他7.jpg,其他7.jpg,1280,720,RGB,66810,,success,
2026-06-24 11:07:37,其他,train,D:\Garbage Classification\Garbage_Classification_Organized\dataset\其他\其他143.jpg,D:\Garbage Classification\Garbage_Classification_Organized\garbage_dataset_20260624_110735\train\其他\其他143.jpg,其他143.jpg,其他143.jpg,558,558,RGB,48066,,success,
2026-06-24 11:07:37,其他,train,D:\Garbage Classification\Garbage_Classification_Organized\dataset\其他\其他98.jpg,D:\Garbage Classification\Garbage_Classification_Organized\garbage_dataset_20260624_110735\train\其他\其他98.jpg,其他98.jpg,其他98.jpg,558,558,RGB,50490,,success,
2026-06-24 11:07:37,其他,train,D:\Garbage Classification\Garbage_Classification_Organized\dataset\其他\其他275.jpg,D:\Garbage Classification\Garbage_Classification_Organized\garbage_dataset_20260624_110735\train\其他\其他275.jpg,其他275.jpg,其他275.jpg,1280,720,RGB,73643,,success,
2026-06-24 11:07:37,其他,train,D:\Garbage Classification\Garbage_Classification_Organized\dataset\其他\其他_0050.jpg,D:\Garbage Classification\Garbage_Classification_Organized\garbage_dataset_20260624_110735\train\其他\其他_0050.jpg,其他_0050.jpg,其他_0050.jpg,558,558,RGB,50583,,success,
2026-06-24 11:07:37,其他,train,D:\Garbage Classification\Garbage_Classification_Organized\dataset\其他\其他27.jpg,D:\Garbage Classification\Garbage_Classification_Organized\garbage_dataset_20260624_110735\train\其他\其他27.jpg,其他27.jpg,其他27.jpg,1280,720,RGB,70011,,success,
2026-06-24 11:07:37,其他,train,D:\Garbage Classification\Garbage_Classification_Organized\dataset\其他\其他152.jpg,D:\Garbage Classification\Garbage_Classification_Organized\garbage_dataset_20260624_110735\train\其他\其他152.jpg,其他152.jpg,其他152.jpg,558,558,RGB,50188,,success,
2026-06-24 11:07:37,其他,train,D:\Garbage Classification\Garbage_Classification_Organized\dataset\其他\其他171.jpg,D:\Garbage Classification\Garbage_Classification_Organized\garbage_dataset_20260624_110735\train\其他\其他171.jpg,其他171.jpg,其他171.jpg,558,558,RGB,49162,,success,
2026-06-24 11:07:37,其他,train,D:\Garbage Classification\Garbage_Classification_Organized\dataset\其他\其他191.jpg,D:\Garbage Classification\Garbage_Classification_Organized\garbage_dataset_20260624_110735\train\其他\其他191.jpg,其他191.jpg,其他191.jpg,273,268,RGB,13993,,success,
2026-06-24 11:07:37,其他,train,D:\Garbage Classification\Garbage_Classification_Organized\dataset\其他\其他_0039.jpg,D:\Garbage Classification\Garbage_Classification_Organized\garbage_dataset_20260624_110735\train\其他\其他_0039.jpg,其他_0039.jpg,其他_0039.jpg,558,558,RGB,55273,,success,
2026-06-24 11:07:37,其他,train,D:\Garbage Classification\Garbage_Classification_Organized\dataset\其他\其他_0165.jpg,D:\Garbage Classification\Garbage_Classification_Organized\garbage_dataset_20260624_110735\train\其他\其他_0165.jpg,其他_0165.jpg,其他_0165.jpg,558,558,RGB,57221,,success,
2026-06-24 11:07:37,其他,train,D:\Garbage Classification\Garbage_Classification_Organized\dataset\其他\其他_0149.jpg,D:\Garbage Classification\Garbage_Classification_Organized\garbage_dataset_20260624_110735\train\其他\其他_0149.jpg,其他_0149.jpg,其他_0149.jpg,558,558,RGB,53424,,success,
2026-06-24 11:07:37,其他,train,D:\Garbage Classification\Garbage_Classification_Organized\dataset\其他\其他_0179.jpg,D:\Garbage Classification\Garbage_Classification_Organized\garbage_dataset_20260624_110735\train\其他\其他_0179.jpg,其他_0179.jpg,其他_0179.jpg,558,558,RGB,52976,,success,
2026-06-24 11:07:37,其他,train,D:\Garbage Classification\Garbage_Classification_Organized\dataset\其他\其他263.jpg,D:\Garbage Classification\Garbage_Classification_Organized\garbage_dataset_20260624_110735\train\其他\其他263.jpg,其他263.jpg,其他263.jpg,1996,1160,RGB,626473,,success,
2026-06-24 11:07:37,其他,train,D:\Garbage Classification\Garbage_Classification_Organized\dataset\其他\其他3.jpg,D:\Garbage Classification\Garbage_Classification_Organized\garbage_dataset_20260624_110735\train\其他\其他3.jpg,其他3.jpg,其他3.jpg,1280,720,RGB,72615,,success,
2026-06-24 11:07:37,其他,train,D:\Garbage Classification\Garbage_Classification_Organized\dataset\其他\其他_0189.jpg,D:\Garbage Classification\Garbage_Classification_Organized\garbage_dataset_20260624_110735\train\其他\其他_0189.jpg,其他_0189.jpg,其他_0189.jpg,558,558,RGB,52755,,success,
2026-06-24 11:07:37,其他,train,D:\Garbage Classification\Garbage_Classification_Organized\dataset\其他\其他_0168.jpg,D:\Garbage Classification\Garbage_Classification_Organized\garbage_dataset_20260624_110735\train\其他\其他_0168.jpg,其他_0168.jpg,其他_0168.jpg,558,558,RGB,53337,,success,
2026-06-24 11:07:37,其他,train,D:\Garbage Classification\Garbage_Classification_Organized\dataset\其他\其他214.jpg,D:\Garbage Classification\Garbage_Classification_Organized\garbage_dataset_20260624_110735\train\其他\其他214.jpg,其他214.jpg,其他214.jpg,558,558,RGB,50366,,success,
2026-06-24 11:07:37,其他,train,D:\Garbage Classification\Garbage_Classification_Organized\dataset\其他\其他106.jpg,D:\Garbage Classification\Garbage_Classification_Organized\garbage_dataset_20260624_110735\train\其他\其他106.jpg,其他106.jpg,其他106.jpg,558,558,RGB,49351,,success,
2026-06-24 11:07:37,其他,train,D:\Garbage Classification\Garbage_Classification_Organized\dataset\其他\其他117.jpg,D:\Garbage Classification\Garbage_Classification_Organized\garbage_dataset_20260624_110735\train\其他\其他117.jpg,其他117.jpg,其他117.jpg,271,292,RGB,14181,,success,
2026-06-24 11:07:37,其他,train,D:\Garbage Classification\Garbage_Classification_Organized\dataset\其他\其他_0077.jpg,D:\Garbage Classification\Garbage_Classification_Organized\garbage_dataset_20260624_110735\train\其他\其他_0077.jpg,其他_0077.jpg,其他_0077.jpg,558,558,RGB,52175,,success,
2026-06-24 11:07:37,其他,train,D:\Garbage Classification\Garbage_Classification_Organized\dataset\其他\其他195.jpg,D:\Garbage Classification\Garbage_Classification_Organized\garbage_dataset_20260624_110735\train\其他\其他195.jpg,其他195.jpg,其他195.jpg,558,558,RGB,52289,,success,
2026-06-24 11:07:37,其他,train,D:\Garbage Classification\Garbage_Classification_Organized\dataset\其他\其他192.jpg,D:\Garbage Classification\Garbage_Classification_Organized\garbage_dataset_20260624_110735\train\其他\其他192.jpg,其他192.jpg,其他192.jpg,558,558,RGB,50854,,success,
2026-06-24 11:07:37,其他,train,D:\Garbage Classification\Garbage_Classification_Organized\dataset\其他\其他49.jpg,D:\Garbage Classification\Garbage_Classification_Organized\garbage_dataset_20260624_110735\train\其他\其他49.jpg,其他49.jpg,其他49.jpg,1280,720,RGB,76238,,success,
2026-06-24 11:07:37,其他,train,D:\Garbage Classification\Garbage_Classification_Organized\dataset\其他\其他39.jpg,D:\Garbage Classification\Garbage_Classification_Organized\garbage_dataset_20260624_110735\train\其他\其他39.jpg,其他39.jpg,其他39.jpg,1280,720,RGB,67991,,success,
2026-06-24 11:07:37,其他,train,D:\Garbage Classification\Garbage_Classification_Organized\dataset\其他\其他29.jpg,D:\Garbage Classification\Garbage_Classification_Organized\garbage_dataset_20260624_110735\train\其他\其他29.jpg,其他29.jpg,其他29.jpg,1280,720,RGB,69825,,success,
2026-06-24 11:07:37,其他,train,D:\Garbage Classification\Garbage_Classification_Organized\dataset\其他\其他15.jpg,D:\Garbage Classification\Garbage_Classification_Organized\garbage_dataset_20260624_110735\train\其他\其他15.jpg,其他15.jpg,其他15.jpg,1280,720,RGB,72903,,success,
2026-06-24 11:07:37,其他,train,D:\Garbage Classification\Garbage_Classification_Organized\dataset\其他\其他_0058.jpg,D:\Garbage Classification\Garbage_Classification_Organized\garbage_dataset_20260624_110735\train\其他\其他_0058.jpg,其他_0058.jpg,其他_0058.jpg,558,558,RGB,56295,,success,
2026-06-24 11:07:37,其他,train,D:\Garbage Classification\Garbage_Classification_Organized\dataset\其他\其他115.jpg,D:\Garbage Classification\Garbage_Classification_Organized\garbage_dataset_20260624_110735\train\其他\其他115.jpg,其他115.jpg,其他115.jpg,558,558,RGB,50509,,success,
2026-06-24 11:07:37,其他,train,D:\Garbage Classification\Garbage_Classification_Organized\dataset\其他\其他_0205.jpg,D:\Garbage Classification\Garbage_Classification_Organized\garbage_dataset_20260624_110735\train\其他\其他_0205.jpg,其他_0205.jpg,其他_0205.jpg,558,558,RGB,54270,,success,
2026-06-24 11:07:37,其他,train,D:\Garbage Classification\Garbage_Classification_Organized\dataset\其他\其他_0157.jpg,D:\Garbage Classification\Garbage_Classification_Organized\garbage_dataset_20260624_110735\train\其他\其他_0157.jpg,其他_0157.jpg,其他_0157.jpg,558,558,RGB,49813,,success,
2026-06-24 11:07:37,其他,train,D:\Garbage Classification\Garbage_Classification_Organized\dataset\其他\其他_0079.jpg,D:\Garbage Classification\Garbage_Classification_Organized\garbage_dataset_20260624_110735\train\其他\其他_0079.jpg,其他_0079.jpg,其他_0079.jpg,558,558,RGB,52161,,success,
2026-06-24 11:07:37,其他,train,D:\Garbage Classification\Garbage_Classification_Organized\dataset\其他\其他_0076.jpg,D:\Garbage Classification\Garbage_Classification_Organized\garbage_dataset_20260624_110735\train\其他\其他_0076.jpg,其他_0076.jpg,其他_0076.jpg,558,558,RGB,52669,,success,
2026-06-24 11:07:37,其他,train,D:\Garbage Classification\Garbage_Classification_Organized\dataset\其他\其他_0125.jpg,D:\Garbage Classification\Garbage_Classification_Organized\garbage_dataset_20260624_110735\train\其他\其他_0125.jpg,其他_0125.jpg,其他_0125.jpg,558,558,RGB,51657,,success,
2026-06-24 11:07:37,其他,train,D:\Garbage Classification\Garbage_Classification_Organized\dataset\其他\其他129.jpg,D:\Garbage Classification\Garbage_Classification_Organized\garbage_dataset_20260624_110735\train\其他\其他129.jpg,其他129.jpg,其他129.jpg,558,558,RGB,50911,,success,
2026-06-24 11:07:37,其他,train,D:\Garbage Classification\Garbage_Classification_Organized\dataset\其他\其他_0193.jpg,D:\Garbage Classification\Garbage_Classification_Organized\garbage_dataset_20260624_110735\train\其他\其他_0193.jpg,其他_0193.jpg,其他_0193.jpg,558,558,RGB,54668,,success,
2026-06-24 11:07:37,其他,train,D:\Garbage Classification\Garbage_Classification_Organized\dataset\其他\其他_0093.jpg,D:\Garbage Classification\Garbage_Classification_Organized\garbage_dataset_20260624_110735\train\其他\其他_0093.jpg,其他_0093.jpg,其他_0093.jpg,558,558,RGB,52601,,success,
2026-06-24 11:07:37,其他,train,D:\Garbage Classification\Garbage_Classification_Organized\dataset\其他\其他165.jpg,D:\Garbage Classification\Garbage_Classification_Organized\garbage_dataset_20260624_110735\train\其他\其他165.jpg,其他165.jpg,其他165.jpg,558,558,RGB,49575,,success,
2026-06-24 11:07:37,其他,train,D:\Garbage Classification\Garbage_Classification_Organized\dataset\其他\其他64.jpg,D:\Garbage Classification\Garbage_Classification_Organized\garbage_dataset_20260624_110735\train\其他\其他64.jpg,其他64.jpg,其他64.jpg,1280,720,RGB,72180,,success,
2026-06-24 11:07:37,其他,train,D:\Garbage Classification\Garbage_Classification_Organized\dataset\其他\其他_0203.jpg,D:\Garbage Classification\Garbage_Classification_Organized\garbage_dataset_20260624_110735\train\其他\其他_0203.jpg,其他_0203.jpg,其他_0203.jpg,558,558,RGB,57718,,success,
2026-06-24 11:07:37,其他,train,D:\Garbage Classification\Garbage_Classification_Organized\dataset\其他\其他164.jpg,D:\Garbage Classification\Garbage_Classification_Organized\garbage_dataset_20260624_110735\train\其他\其他164.jpg,其他164.jpg,其他164.jpg,558,558,RGB,47478,,success,
2026-06-24 11:07:37,其他,train,D:\Garbage Classification\Garbage_Classification_Organized\dataset\其他\其他94.jpg,D:\Garbage Classification\Garbage_Classification_Organized\garbage_dataset_20260624_110735\train\其他\其他94.jpg,其他94.jpg,其他94.jpg,558,558,RGB,52010,,success,
2026-06-24 11:07:37,其他,train,D:\Garbage Classification\Garbage_Classification_Organized\dataset\其他\其他220.jpg,D:\Garbage Classification\Garbage_Classification_Organized\garbage_dataset_20260624_110735\train\其他\其他220.jpg,其他220.jpg,其他220.jpg,558,558,RGB,52724,,success,
2026-06-24 11:07:37,其他,train,D:\Garbage Classification\Garbage_Classification_Organized\dataset\其他\其他244.jpg,D:\Garbage Classification\Garbage_Classification_Organized\garbage_dataset_20260624_110735\train\其他\其他244.jpg,其他244.jpg,其他244.jpg,2241,2119,RGB,687838,,success,
2026-06-24 11:07:37,其他,train,D:\Garbage Classification\Garbage_Classification_Organized\dataset\其他\其他107.jpg,D:\Garbage Classification\Garbage_Classification_Organized\garbage_dataset_20260624_110735\train\其他\其他107.jpg,其他107.jpg,其他107.jpg,558,558,RGB,53224,,success,
2026-06-24 11:07:37,其他,train,D:\Garbage Classification\Garbage_Classification_Organized\dataset\其他\其他268.jpg,D:\Garbage Classification\Garbage_Classification_Organized\garbage_dataset_20260624_110735\train\其他\其他268.jpg,其他268.jpg,其他268.jpg,1280,720,RGB,71103,,success,
2026-06-24 11:07:37,其他,train,D:\Garbage Classification\Garbage_Classification_Organized\dataset\其他\其他_0142.jpg,D:\Garbage Classification\Garbage_Classification_Organized\garbage_dataset_20260624_110735\train\其他\其他_0142.jpg,其他_0142.jpg,其他_0142.jpg,558,558,RGB,53106,,success,
2026-06-24 11:07:37,其他,train,D:\Garbage Classification\Garbage_Classification_Organized\dataset\其他\其他31.jpg,D:\Garbage Classification\Garbage_Classification_Organized\garbage_dataset_20260624_110735\train\其他\其他31.jpg,其他31.jpg,其他31.jpg,1280,720,RGB,70163,,success,
2026-06-24 11:07:37,其他,train,D:\Garbage Classification\Garbage_Classification_Organized\dataset\其他\其他157.jpg,D:\Garbage Classification\Garbage_Classification_Organized\garbage_dataset_20260624_110735\train\其他\其他157.jpg,其他157.jpg,其他157.jpg,558,558,RGB,50284,,success,
2026-06-24 11:07:37,其他,train,D:\Garbage Classification\Garbage_Classification_Organized\dataset\其他\其他147.jpg,D:\Garbage Classification\Garbage_Classification_Organized\garbage_dataset_20260624_110735\train\其他\其他147.jpg,其他147.jpg,其他147.jpg,558,558,RGB,49562,,success,
2026-06-24 11:07:37,其他,train,D:\Garbage Classification\Garbage_Classification_Organized\dataset\其他\其他_0184.jpg,D:\Garbage Classification\Garbage_Classification_Organized\garbage_dataset_20260624_110735\train\其他\其他_0184.jpg,其他_0184.jpg,其他_0184.jpg,558,558,RGB,55496,,success,
2026-06-24 11:07:37,其他,train,D:\Garbage Classification\Garbage_Classification_Organized\dataset\其他\其他88.jpg,D:\Garbage Classification\Garbage_Classification_Organized\garbage_dataset_20260624_110735\train\其他\其他88.jpg,其他88.jpg,其他88.jpg,558,558,RGB,50137,,success,
2026-06-24 11:07:37,其他,train,D:\Garbage Classification\Garbage_Classification_Organized\dataset\其他\其他_0106.jpg,D:\Garbage Classification\Garbage_Classification_Organized\garbage_dataset_20260624_110735\train\其他\其他_0106.jpg,其他_0106.jpg,其他_0106.jpg,558,558,RGB,50579,,success,
2026-06-24 11:07:37,其他,train,D:\Garbage Classification\Garbage_Classification_Organized\dataset\其他\其他146.jpg,D:\Garbage Classification\Garbage_Classification_Organized\garbage_dataset_20260624_110735\train\其他\其他146.jpg,其他146.jpg,其他146.jpg,558,558,RGB,49729,,success,
2026-06-24 11:07:37,其他,train,D:\Garbage Classification\Garbage_Classification_Organized\dataset\其他\其他36.jpg,D:\Garbage Classification\Garbage_Classification_Organized\garbage_dataset_20260624_110735\train\其他\其他36.jpg,其他36.jpg,其他36.jpg,1280,720,RGB,73143,,success,
2026-06-24 11:07:37,其他,train,D:\Garbage Classification\Garbage_Classification_Organized\dataset\其他\其他233.jpg,D:\Garbage Classification\Garbage_Classification_Organized\garbage_dataset_20260624_110735\train\其他\其他233.jpg,其他233.jpg,其他233.jpg,2913,1485,RGB,550773,,success,
2026-06-24 11:07:37,其他,train,D:\Garbage Classification\Garbage_Classification_Organized\dataset\其他\其他51.jpg,D:\Garbage Classification\Garbage_Classification_Organized\garbage_dataset_20260624_110735\train\其他\其他51.jpg,其他51.jpg,其他51.jpg,1280,720,RGB,76008,,success,
2026-06-24 11:07:37,其他,train,D:\Garbage Classification\Garbage_Classification_Organized\dataset\其他\其他_0053.jpg,D:\Garbage Classification\Garbage_Classification_Organized\garbage_dataset_20260624_110735\train\其他\其他_0053.jpg,其他_0053.jpg,其他_0053.jpg,558,558,RGB,54283,,success,
2026-06-24 11:07:37,其他,train,D:\Garbage Classification\Garbage_Classification_Organized\dataset\其他\其他_0052.jpg,D:\Garbage Classification\Garbage_Classification_Organized\garbage_dataset_20260624_110735\train\其他\其他_0052.jpg,其他_0052.jpg,其他_0052.jpg,558,558,RGB,50450,,success,
2026-06-24 11:07:37,其他,train,D:\Garbage Classification\Garbage_Classification_Organized\dataset\其他\其他270.jpg,D:\Garbage Classification\Garbage_Classification_Organized\garbage_dataset_20260624_110735\train\其他\其他270.jpg,其他270.jpg,其他270.jpg,1280,720,RGB,68000,,success,
2026-06-24 11:07:37,其他,train,D:\Garbage Classification\Garbage_Classification_Organized\dataset\其他\其他22.jpg,D:\Garbage Classification\Garbage_Classification_Organized\garbage_dataset_20260624_110735\train\其他\其他22.jpg,其他22.jpg,其他22.jpg,1280,720,RGB,66146,,success,
2026-06-24 11:07:37,其他,train,D:\Garbage Classification\Garbage_Classification_Organized\dataset\其他\其他_0054.jpg,D:\Garbage Classification\Garbage_Classification_Organized\garbage_dataset_20260624_110735\train\其他\其他_0054.jpg,其他_0054.jpg,其他_0054.jpg,558,558,RGB,54685,,success,
2026-06-24 11:07:37,其他,train,D:\Garbage Classification\Garbage_Classification_Organized\dataset\其他\其他_0068.jpg,D:\Garbage Classification\Garbage_Classification_Organized\garbage_dataset_20260624_110735\train\其他\其他_0068.jpg,其他_0068.jpg,其他_0068.jpg,558,558,RGB,52646,,success,
2026-06-24 11:07:37,其他,train,D:\Garbage Classification\Garbage_Classification_Organized\dataset\其他\其他_0087.jpg,D:\Garbage Classification\Garbage_Classification_Organized\garbage_dataset_20260624_110735\train\其他\其他_0087.jpg,其他_0087.jpg,其他_0087.jpg,558,558,RGB,51614,,success,
2026-06-24 11:07:37,其他,train,D:\Garbage Classification\Garbage_Classification_Organized\dataset\其他\其他81.jpg,D:\Garbage Classification\Garbage_Classification_Organized\garbage_dataset_20260624_110735\train\其他\其他81.jpg,其他81.jpg,其他81.jpg,1280,720,RGB,72136,,success,
2026-06-24 11:07:37,其他,train,D:\Garbage Classification\Garbage_Classification_Organized\dataset\其他\其他176.jpg,D:\Garbage Classification\Garbage_Classification_Organized\garbage_dataset_20260624_110735\train\其他\其他176.jpg,其他176.jpg,其他176.jpg,558,558,RGB,53515,,success,
2026-06-24 11:07:37,其他,train,D:\Garbage Classification\Garbage_Classification_Organized\dataset\其他\其他72.jpg,D:\Garbage Classification\Garbage_Classification_Organized\garbage_dataset_20260624_110735\train\其他\其他72.jpg,其他72.jpg,其他72.jpg,1280,720,RGB,73467,,success,
2026-06-24 11:07:37,其他,train,D:\Garbage Classification\Garbage_Classification_Organized\dataset\其他\其他272.jpg,D:\Garbage Classification\Garbage_Classification_Organized\garbage_dataset_20260624_110735\train\其他\其他272.jpg,其他272.jpg,其他272.jpg,1280,720,RGB,74261,,success,
2026-06-24 11:07:37,其他,train,D:\Garbage Classification\Garbage_Classification_Organized\dataset\其他\其他203.jpg,D:\Garbage Classification\Garbage_Classification_Organized\garbage_dataset_20260624_110735\train\其他\其他203.jpg,其他203.jpg,其他203.jpg,230,293,RGB,13201,,success,
2026-06-24 11:07:37,其他,train,D:\Garbage Classification\Garbage_Classification_Organized\dataset\其他\其他_0138.jpg,D:\Garbage Classification\Garbage_Classification_Organized\garbage_dataset_20260624_110735\train\其他\其他_0138.jpg,其他_0138.jpg,其他_0138.jpg,558,558,RGB,54260,,success,
2026-06-24 11:07:37,其他,train,D:\Garbage Classification\Garbage_Classification_Organized\dataset\其他\其他_0139.jpg,D:\Garbage Classification\Garbage_Classification_Organized\garbage_dataset_20260624_110735\train\其他\其他_0139.jpg,其他_0139.jpg,其他_0139.jpg,558,558,RGB,55050,,success,
2026-06-24 11:07:37,其他,train,D:\Garbage Classification\Garbage_Classification_Organized\dataset\其他\其他_0209.jpg,D:\Garbage Classification\Garbage_Classification_Organized\garbage_dataset_20260624_110735\train\其他\其他_0209.jpg,其他_0209.jpg,其他_0209.jpg,558,558,RGB,56643,,success,
2026-06-24 11:07:37,其他,train,D:\Garbage Classification\Garbage_Classification_Organized\dataset\其他\其他9.jpg,D:\Garbage Classification\Garbage_Classification_Organized\garbage_dataset_20260624_110735\train\其他\其他9.jpg,其他9.jpg,其他9.jpg,1280,720,RGB,68120,,success,
2026-06-24 11:07:37,其他,train,D:\Garbage Classification\Garbage_Classification_Organized\dataset\其他\其他89.jpg,D:\Garbage Classification\Garbage_Classification_Organized\garbage_dataset_20260624_110735\train\其他\其他89.jpg,其他89.jpg,其他89.jpg,558,558,RGB,50176,,success,
2026-06-24 11:07:37,其他,train,D:\Garbage Classification\Garbage_Classification_Organized\dataset\其他\其他113.jpg,D:\Garbage Classification\Garbage_Classification_Organized\garbage_dataset_20260624_110735\train\其他\其他113.jpg,其他113.jpg,其他113.jpg,558,558,RGB,50709,,success,
2026-06-24 11:07:37,其他,train,D:\Garbage Classification\Garbage_Classification_Organized\dataset\其他\其他265.jpg,D:\Garbage Classification\Garbage_Classification_Organized\garbage_dataset_20260624_110735\train\其他\其他265.jpg,其他265.jpg,其他265.jpg,1280,720,RGB,72532,,success,
2026-06-24 11:07:37,其他,train,D:\Garbage Classification\Garbage_Classification_Organized\dataset\其他\其他10.jpg,D:\Garbage Classification\Garbage_Classification_Organized\garbage_dataset_20260624_110735\train\其他\其他10.jpg,其他10.jpg,其他10.jpg,1280,720,RGB,68410,,success,
2026-06-24 11:07:37,其他,train,D:\Garbage Classification\Garbage_Classification_Organized\dataset\其他\其他133.jpg,D:\Garbage Classification\Garbage_Classification_Organized\garbage_dataset_20260624_110735\train\其他\其他133.jpg,其他133.jpg,其他133.jpg,558,558,RGB,49291,,success,
2026-06-24 11:07:37,其他,train,D:\Garbage Classification\Garbage_Classification_Organized\dataset\其他\其他24.jpg,D:\Garbage Classification\Garbage_Classification_Organized\garbage_dataset_20260624_110735\train\其他\其他24.jpg,其他24.jpg,其他24.jpg,1280,720,RGB,69024,,success,
2026-06-24 11:07:37,其他,train,D:\Garbage Classification\Garbage_Classification_Organized\dataset\其他\其他278.jpg,D:\Garbage Classification\Garbage_Classification_Organized\garbage_dataset_20260624_110735\train\其他\其他278.jpg,其他278.jpg,其他278.jpg,1280,720,RGB,66075,,success,
2026-06-24 11:07:37,其他,train,D:\Garbage Classification\Garbage_Classification_Organized\dataset\其他\其他_0204.jpg,D:\Garbage Classification\Garbage_Classification_Organized\garbage_dataset_20260624_110735\train\其他\其他_0204.jpg,其他_0204.jpg,其他_0204.jpg,558,558,RGB,57076,,success,
2026-06-24 11:07:37,其他,train,D:\Garbage Classification\Garbage_Classification_Organized\dataset\其他\其他_0046.jpg,D:\Garbage Classification\Garbage_Classification_Organized\garbage_dataset_20260624_110735\train\其他\其他_0046.jpg,其他_0046.jpg,其他_0046.jpg,558,558,RGB,52598,,success,
2026-06-24 11:07:37,其他,train,D:\Garbage Classification\Garbage_Classification_Organized\dataset\其他\其他181.jpg,D:\Garbage Classification\Garbage_Classification_Organized\garbage_dataset_20260624_110735\train\其他\其他181.jpg,其他181.jpg,其他181.jpg,558,558,RGB,52334,,success,
2026-06-24 11:07:37,其他,train,D:\Garbage Classification\Garbage_Classification_Organized\dataset\其他\其他_0120.jpg,D:\Garbage Classification\Garbage_Classification_Organized\garbage_dataset_20260624_110735\train\其他\其他_0120.jpg,其他_0120.jpg,其他_0120.jpg,558,558,RGB,51914,,success,
2026-06-24 11:07:37,其他,train,D:\Garbage Classification\Garbage_Classification_Organized\dataset\其他\其他131.jpg,D:\Garbage Classification\Garbage_Classification_Organized\garbage_dataset_20260624_110735\train\其他\其他131.jpg,其他131.jpg,其他131.jpg,558,558,RGB,50911,,success,
2026-06-24 11:07:37,其他,train,D:\Garbage Classification\Garbage_Classification_Organized\dataset\其他\其他168.jpg,D:\Garbage Classification\Garbage_Classification_Organized\garbage_dataset_20260624_110735\train\其他\其他168.jpg,其他168.jpg,其他168.jpg,558,558,RGB,50698,,success,
2026-06-24 11:07:37,其他,train,D:\Garbage Classification\Garbage_Classification_Organized\dataset\其他\其他_0008.jpg,D:\Garbage Classification\Garbage_Classification_Organized\garbage_dataset_20260624_110735\train\其他\其他_0008.jpg,其他_0008.jpg,其他_0008.jpg,558,558,RGB,52943,,success,
2026-06-24 11:07:37,其他,train,D:\Garbage Classification\Garbage_Classification_Organized\dataset\其他\其他_0191.jpg,D:\Garbage Classification\Garbage_Classification_Organized\garbage_dataset_20260624_110735\train\其他\其他_0191.jpg,其他_0191.jpg,其他_0191.jpg,558,558,RGB,53598,,success,
2026-06-24 11:07:37,其他,train,D:\Garbage Classification\Garbage_Classification_Organized\dataset\其他\其他_0200.jpg,D:\Garbage Classification\Garbage_Classification_Organized\garbage_dataset_20260624_110735\train\其他\其他_0200.jpg,其他_0200.jpg,其他_0200.jpg,558,558,RGB,55630,,success,
2026-06-24 11:07:37,其他,train,D:\Garbage Classification\Garbage_Classification_Organized\dataset\其他\其他216.jpg,D:\Garbage Classification\Garbage_Classification_Organized\garbage_dataset_20260624_110735\train\其他\其他216.jpg,其他216.jpg,其他216.jpg,558,558,RGB,51276,,success,
2026-06-24 11:07:37,其他,train,D:\Garbage Classification\Garbage_Classification_Organized\dataset\其他\其他79.jpg,D:\Garbage Classification\Garbage_Classification_Organized\garbage_dataset_20260624_110735\train\其他\其他79.jpg,其他79.jpg,其他79.jpg,1280,720,RGB,69806,,success,
2026-06-24 11:07:37,其他,train,D:\Garbage Classification\Garbage_Classification_Organized\dataset\其他\其他234.jpg,D:\Garbage Classification\Garbage_Classification_Organized\garbage_dataset_20260624_110735\train\其他\其他234.jpg,其他234.jpg,其他234.jpg,2881,1590,RGB,582085,,success,
2026-06-24 11:07:37,其他,train,D:\Garbage Classification\Garbage_Classification_Organized\dataset\其他\其他_0130.jpg,D:\Garbage Classification\Garbage_Classification_Organized\garbage_dataset_20260624_110735\train\其他\其他_0130.jpg,其他_0130.jpg,其他_0130.jpg,558,558,RGB,52166,,success,
2026-06-24 11:07:37,其他,train,D:\Garbage Classification\Garbage_Classification_Organized\dataset\其他\其他76.jpg,D:\Garbage Classification\Garbage_Classification_Organized\garbage_dataset_20260624_110735\train\其他\其他76.jpg,其他76.jpg,其他76.jpg,1280,720,RGB,68648,,success,
2026-06-24 11:07:37,其他,train,D:\Garbage Classification\Garbage_Classification_Organized\dataset\其他\其他59.jpg,D:\Garbage Classification\Garbage_Classification_Organized\garbage_dataset_20260624_110735\train\其他\其他59.jpg,其他59.jpg,其他59.jpg,1280,720,RGB,70943,,success,
2026-06-24 11:07:37,其他,train,D:\Garbage Classification\Garbage_Classification_Organized\dataset\其他\其他_0110.jpg,D:\Garbage Classification\Garbage_Classification_Organized\garbage_dataset_20260624_110735\train\其他\其他_0110.jpg,其他_0110.jpg,其他_0110.jpg,558,558,RGB,54296,,success,
2026-06-24 11:07:37,其他,train,D:\Garbage Classification\Garbage_Classification_Organized\dataset\其他\其他135.jpg,D:\Garbage Classification\Garbage_Classification_Organized\garbage_dataset_20260624_110735\train\其他\其他135.jpg,其他135.jpg,其他135.jpg,558,558,RGB,51798,,success,
2026-06-24 11:07:37,其他,train,D:\Garbage Classification\Garbage_Classification_Organized\dataset\其他\其他120.jpg,D:\Garbage Classification\Garbage_Classification_Organized\garbage_dataset_20260624_110735\train\其他\其他120.jpg,其他120.jpg,其他120.jpg,558,558,RGB,50295,,success,
2026-06-24 11:07:37,其他,train,D:\Garbage Classification\Garbage_Classification_Organized\dataset\其他\其他256.jpg,D:\Garbage Classification\Garbage_Classification_Organized\garbage_dataset_20260624_110735\train\其他\其他256.jpg,其他256.jpg,其他256.jpg,2126,2211,RGB,901445,,success,
2026-06-24 11:07:37,其他,train,D:\Garbage Classification\Garbage_Classification_Organized\dataset\其他\其他112.jpg,D:\Garbage Classification\Garbage_Classification_Organized\garbage_dataset_20260624_110735\train\其他\其他112.jpg,其他112.jpg,其他112.jpg,558,558,RGB,52620,,success,
2026-06-24 11:07:37,其他,train,D:\Garbage Classification\Garbage_Classification_Organized\dataset\其他\其他41.jpg,D:\Garbage Classification\Garbage_Classification_Organized\garbage_dataset_20260624_110735\train\其他\其他41.jpg,其他41.jpg,其他41.jpg,1280,720,RGB,71990,,success,
2026-06-24 11:07:37,其他,train,D:\Garbage Classification\Garbage_Classification_Organized\dataset\其他\其他83.jpg,D:\Garbage Classification\Garbage_Classification_Organized\garbage_dataset_20260624_110735\train\其他\其他83.jpg,其他83.jpg,其他83.jpg,1280,720,RGB,69117,,success,
2026-06-24 11:07:37,其他,train,D:\Garbage Classification\Garbage_Classification_Organized\dataset\其他\其他_0022.jpg,D:\Garbage Classification\Garbage_Classification_Organized\garbage_dataset_20260624_110735\train\其他\其他_0022.jpg,其他_0022.jpg,其他_0022.jpg,558,558,RGB,57541,,success,
2026-06-24 11:07:37,其他,train,D:\Garbage Classification\Garbage_Classification_Organized\dataset\其他\其他13.jpg,D:\Garbage Classification\Garbage_Classification_Organized\garbage_dataset_20260624_110735\train\其他\其他13.jpg,其他13.jpg,其他13.jpg,1280,720,RGB,70312,,success,
2026-06-24 11:07:37,其他,train,D:\Garbage Classification\Garbage_Classification_Organized\dataset\其他\其他151.jpg,D:\Garbage Classification\Garbage_Classification_Organized\garbage_dataset_20260624_110735\train\其他\其他151.jpg,其他151.jpg,其他151.jpg,558,558,RGB,51999,,success,
2026-06-24 11:07:37,其他,train,D:\Garbage Classification\Garbage_Classification_Organized\dataset\其他\其他_0005.jpg,D:\Garbage Classification\Garbage_Classification_Organized\garbage_dataset_20260624_110735\train\其他\其他_0005.jpg,其他_0005.jpg,其他_0005.jpg,558,558,RGB,54006,,success,
2026-06-24 11:07:37,其他,train,D:\Garbage Classification\Garbage_Classification_Organized\dataset\其他\其他266.jpg,D:\Garbage Classification\Garbage_Classification_Organized\garbage_dataset_20260624_110735\train\其他\其他266.jpg,其他266.jpg,其他266.jpg,1280,720,RGB,66795,,success,
2026-06-24 11:07:37,其他,train,D:\Garbage Classification\Garbage_Classification_Organized\dataset\其他\其他46.jpg,D:\Garbage Classification\Garbage_Classification_Organized\garbage_dataset_20260624_110735\train\其他\其他46.jpg,其他46.jpg,其他46.jpg,1280,720,RGB,74503,,success,
2026-06-24 11:07:37,其他,train,D:\Garbage Classification\Garbage_Classification_Organized\dataset\其他\其他200.jpg,D:\Garbage Classification\Garbage_Classification_Organized\garbage_dataset_20260624_110735\train\其他\其他200.jpg,其他200.jpg,其他200.jpg,558,558,RGB,51423,,success,
2026-06-24 11:07:37,其他,train,D:\Garbage Classification\Garbage_Classification_Organized\dataset\其他\其他185.jpg,D:\Garbage Classification\Garbage_Classification_Organized\garbage_dataset_20260624_110735\train\其他\其他185.jpg,其他185.jpg,其他185.jpg,558,558,RGB,55143,,success,
2026-06-24 11:07:37,其他,train,D:\Garbage Classification\Garbage_Classification_Organized\dataset\其他\其他228.jpg,D:\Garbage Classification\Garbage_Classification_Organized\garbage_dataset_20260624_110735\train\其他\其他228.jpg,其他228.jpg,其他228.jpg,558,558,RGB,53416,,success,
2026-06-24 11:07:37,其他,train,D:\Garbage Classification\Garbage_Classification_Organized\dataset\其他\其他139.jpg,D:\Garbage Classification\Garbage_Classification_Organized\garbage_dataset_20260624_110735\train\其他\其他139.jpg,其他139.jpg,其他139.jpg,558,558,RGB,50705,,success,
2026-06-24 11:07:37,其他,train,D:\Garbage Classification\Garbage_Classification_Organized\dataset\其他\其他16.jpg,D:\Garbage Classification\Garbage_Classification_Organized\garbage_dataset_20260624_110735\train\其他\其他16.jpg,其他16.jpg,其他16.jpg,1280,720,RGB,71106,,success,
2026-06-24 11:07:37,其他,train,D:\Garbage Classification\Garbage_Classification_Organized\dataset\其他\其他73.jpg,D:\Garbage Classification\Garbage_Classification_Organized\garbage_dataset_20260624_110735\train\其他\其他73.jpg,其他73.jpg,其他73.jpg,1280,720,RGB,71924,,success,
2026-06-24 11:07:37,其他,train,D:\Garbage Classification\Garbage_Classification_Organized\dataset\其他\其他153.jpg,D:\Garbage Classification\Garbage_Classification_Organized\garbage_dataset_20260624_110735\train\其他\其他153.jpg,其他153.jpg,其他153.jpg,558,558,RGB,50782,,success,
2026-06-24 11:07:37,其他,train,D:\Garbage Classification\Garbage_Classification_Organized\dataset\其他\其他_0131.jpg,D:\Garbage Classification\Garbage_Classification_Organized\garbage_dataset_20260624_110735\train\其他\其他_0131.jpg,其他_0131.jpg,其他_0131.jpg,558,558,RGB,51513,,success,
2026-06-24 11:07:37,其他,train,D:\Garbage Classification\Garbage_Classification_Organized\dataset\其他\其他166.jpg,D:\Garbage Classification\Garbage_Classification_Organized\garbage_dataset_20260624_110735\train\其他\其他166.jpg,其他166.jpg,其他166.jpg,558,558,RGB,49951,,success,
2026-06-24 11:07:37,其他,train,D:\Garbage Classification\Garbage_Classification_Organized\dataset\其他\其他_0011.jpg,D:\Garbage Classification\Garbage_Classification_Organized\garbage_dataset_20260624_110735\train\其他\其他_0011.jpg,其他_0011.jpg,其他_0011.jpg,558,558,RGB,49902,,success,
2026-06-24 11:07:37,其他,train,D:\Garbage Classification\Garbage_Classification_Organized\dataset\其他\其他_0143.jpg,D:\Garbage Classification\Garbage_Classification_Organized\garbage_dataset_20260624_110735\train\其他\其他_0143.jpg,其他_0143.jpg,其他_0143.jpg,558,558,RGB,52581,,success,
2026-06-24 11:07:37,其他,train,D:\Garbage Classification\Garbage_Classification_Organized\dataset\其他\其他_0029.jpg,D:\Garbage Classification\Garbage_Classification_Organized\garbage_dataset_20260624_110735\train\其他\其他_0029.jpg,其他_0029.jpg,其他_0029.jpg,558,558,RGB,60026,,success,
2026-06-24 11:07:37,其他,train,D:\Garbage Classification\Garbage_Classification_Organized\dataset\其他\其他269.jpg,D:\Garbage Classification\Garbage_Classification_Organized\garbage_dataset_20260624_110735\train\其他\其他269.jpg,其他269.jpg,其他269.jpg,1280,720,RGB,73230,,success,
2026-06-24 11:07:37,其他,train,D:\Garbage Classification\Garbage_Classification_Organized\dataset\其他\其他_0031.jpg,D:\Garbage Classification\Garbage_Classification_Organized\garbage_dataset_20260624_110735\train\其他\其他_0031.jpg,其他_0031.jpg,其他_0031.jpg,558,558,RGB,59981,,success,
2026-06-24 11:07:37,其他,train,D:\Garbage Classification\Garbage_Classification_Organized\dataset\其他\其他124.jpg,D:\Garbage Classification\Garbage_Classification_Organized\garbage_dataset_20260624_110735\train\其他\其他124.jpg,其他124.jpg,其他124.jpg,558,558,RGB,48759,,success,
2026-06-24 11:07:37,其他,train,D:\Garbage Classification\Garbage_Classification_Organized\dataset\其他\其他_0115.jpg,D:\Garbage Classification\Garbage_Classification_Organized\garbage_dataset_20260624_110735\train\其他\其他_0115.jpg,其他_0115.jpg,其他_0115.jpg,558,558,RGB,53901,,success,
2026-06-24 11:07:37,其他,train,D:\Garbage Classification\Garbage_Classification_Organized\dataset\其他\其他109.jpg,D:\Garbage Classification\Garbage_Classification_Organized\garbage_dataset_20260624_110735\train\其他\其他109.jpg,其他109.jpg,其他109.jpg,558,558,RGB,54927,,success,
2026-06-24 11:07:37,其他,train,D:\Garbage Classification\Garbage_Classification_Organized\dataset\其他\其他_0155.jpg,D:\Garbage Classification\Garbage_Classification_Organized\garbage_dataset_20260624_110735\train\其他\其他_0155.jpg,其他_0155.jpg,其他_0155.jpg,558,558,RGB,50545,,success,
2026-06-24 11:07:37,其他,train,D:\Garbage Classification\Garbage_Classification_Organized\dataset\其他\其他_0105.jpg,D:\Garbage Classification\Garbage_Classification_Organized\garbage_dataset_20260624_110735\train\其他\其他_0105.jpg,其他_0105.jpg,其他_0105.jpg,558,558,RGB,50907,,success,
2026-06-24 11:07:37,其他,train,D:\Garbage Classification\Garbage_Classification_Organized\dataset\其他\其他201.jpg,D:\Garbage Classification\Garbage_Classification_Organized\garbage_dataset_20260624_110735\train\其他\其他201.jpg,其他201.jpg,其他201.jpg,558,558,RGB,51880,,success,
2026-06-24 11:07:37,其他,train,D:\Garbage Classification\Garbage_Classification_Organized\dataset\其他\其他217.jpg,D:\Garbage Classification\Garbage_Classification_Organized\garbage_dataset_20260624_110735\train\其他\其他217.jpg,其他217.jpg,其他217.jpg,558,558,RGB,52717,,success,
2026-06-24 11:07:37,其他,train,D:\Garbage Classification\Garbage_Classification_Organized\dataset\其他\其他55.jpg,D:\Garbage Classification\Garbage_Classification_Organized\garbage_dataset_20260624_110735\train\其他\其他55.jpg,其他55.jpg,其他55.jpg,1280,720,RGB,70680,,success,
2026-06-24 11:07:37,其他,train,D:\Garbage Classification\Garbage_Classification_Organized\dataset\其他\其他250.jpg,D:\Garbage Classification\Garbage_Classification_Organized\garbage_dataset_20260624_110735\train\其他\其他250.jpg,其他250.jpg,其他250.jpg,1236,1905,RGB,490135,,success,
2026-06-24 11:07:37,其他,train,D:\Garbage Classification\Garbage_Classification_Organized\dataset\其他\其他259.jpg,D:\Garbage Classification\Garbage_Classification_Organized\garbage_dataset_20260624_110735\train\其他\其他259.jpg,其他259.jpg,其他259.jpg,1714,1495,RGB,612823,,success,
2026-06-24 11:07:37,其他,train,D:\Garbage Classification\Garbage_Classification_Organized\dataset\其他\其他193.jpg,D:\Garbage Classification\Garbage_Classification_Organized\garbage_dataset_20260624_110735\train\其他\其他193.jpg,其他193.jpg,其他193.jpg,558,558,RGB,50706,,success,
2026-06-24 11:07:37,其他,train,D:\Garbage Classification\Garbage_Classification_Organized\dataset\其他\其他_0085.jpg,D:\Garbage Classification\Garbage_Classification_Organized\garbage_dataset_20260624_110735\train\其他\其他_0085.jpg,其他_0085.jpg,其他_0085.jpg,558,558,RGB,52692,,success,
2026-06-24 11:07:37,其他,train,D:\Garbage Classification\Garbage_Classification_Organized\dataset\其他\其他118.jpg,D:\Garbage Classification\Garbage_Classification_Organized\garbage_dataset_20260624_110735\train\其他\其他118.jpg,其他118.jpg,其他118.jpg,558,558,RGB,50348,,success,
2026-06-24 11:07:37,其他,train,D:\Garbage Classification\Garbage_Classification_Organized\dataset\其他\其他142.jpg,D:\Garbage Classification\Garbage_Classification_Organized\garbage_dataset_20260624_110735\train\其他\其他142.jpg,其他142.jpg,其他142.jpg,558,558,RGB,48825,,success,
2026-06-24 11:07:37,其他,train,D:\Garbage Classification\Garbage_Classification_Organized\dataset\其他\其他_0061.jpg,D:\Garbage Classification\Garbage_Classification_Organized\garbage_dataset_20260624_110735\train\其他\其他_0061.jpg,其他_0061.jpg,其他_0061.jpg,558,558,RGB,55512,,success,
2026-06-24 11:07:37,其他,train,D:\Garbage Classification\Garbage_Classification_Organized\dataset\其他\其他_0099.jpg,D:\Garbage Classification\Garbage_Classification_Organized\garbage_dataset_20260624_110735\train\其他\其他_0099.jpg,其他_0099.jpg,其他_0099.jpg,558,558,RGB,51275,,success,
2026-06-24 11:07:37,其他,train,D:\Garbage Classification\Garbage_Classification_Organized\dataset\其他\其他_0043.jpg,D:\Garbage Classification\Garbage_Classification_Organized\garbage_dataset_20260624_110735\train\其他\其他_0043.jpg,其他_0043.jpg,其他_0043.jpg,558,558,RGB,49205,,success,
2026-06-24 11:07:37,其他,train,D:\Garbage Classification\Garbage_Classification_Organized\dataset\其他\其他_0078.jpg,D:\Garbage Classification\Garbage_Classification_Organized\garbage_dataset_20260624_110735\train\其他\其他_0078.jpg,其他_0078.jpg,其他_0078.jpg,558,558,RGB,52428,,success,
2026-06-24 11:07:37,其他,train,D:\Garbage Classification\Garbage_Classification_Organized\dataset\其他\其他_0016.jpg,D:\Garbage Classification\Garbage_Classification_Organized\garbage_dataset_20260624_110735\train\其他\其他_0016.jpg,其他_0016.jpg,其他_0016.jpg,558,558,RGB,52208,,success,
2026-06-24 11:07:37,其他,train,D:\Garbage Classification\Garbage_Classification_Organized\dataset\其他\其他159.jpg,D:\Garbage Classification\Garbage_Classification_Organized\garbage_dataset_20260624_110735\train\其他\其他159.jpg,其他159.jpg,其他159.jpg,304,213,RGB,11191,,success,
2026-06-24 11:07:37,其他,train,D:\Garbage Classification\Garbage_Classification_Organized\dataset\其他\其他_0094.jpg,D:\Garbage Classification\Garbage_Classification_Organized\garbage_dataset_20260624_110735\train\其他\其他_0094.jpg,其他_0094.jpg,其他_0094.jpg,558,558,RGB,52762,,success,
2026-06-24 11:07:37,其他,train,D:\Garbage Classification\Garbage_Classification_Organized\dataset\其他\其他_0098.jpg,D:\Garbage Classification\Garbage_Classification_Organized\garbage_dataset_20260624_110735\train\其他\其他_0098.jpg,其他_0098.jpg,其他_0098.jpg,558,558,RGB,51893,,success,
2026-06-24 11:07:37,其他,train,D:\Garbage Classification\Garbage_Classification_Organized\dataset\其他\其他_0104.jpg,D:\Garbage Classification\Garbage_Classification_Organized\garbage_dataset_20260624_110735\train\其他\其他_0104.jpg,其他_0104.jpg,其他_0104.jpg,558,558,RGB,50244,,success,
2026-06-24 11:07:37,其他,train,D:\Garbage Classification\Garbage_Classification_Organized\dataset\其他\其他140.jpg,D:\Garbage Classification\Garbage_Classification_Organized\garbage_dataset_20260624_110735\train\其他\其他140.jpg,其他140.jpg,其他140.jpg,558,558,RGB,53624,,success,
2026-06-24 11:07:37,其他,train,D:\Garbage Classification\Garbage_Classification_Organized\dataset\其他\其他174.jpg,D:\Garbage Classification\Garbage_Classification_Organized\garbage_dataset_20260624_110735\train\其他\其他174.jpg,其他174.jpg,其他174.jpg,558,558,RGB,50356,,success,
2026-06-24 11:07:37,其他,train,D:\Garbage Classification\Garbage_Classification_Organized\dataset\其他\其他_0109.jpg,D:\Garbage Classification\Garbage_Classification_Organized\garbage_dataset_20260624_110735\train\其他\其他_0109.jpg,其他_0109.jpg,其他_0109.jpg,558,558,RGB,54471,,success,
2026-06-24 11:07:37,其他,train,D:\Garbage Classification\Garbage_Classification_Organized\dataset\其他\其他63.jpg,D:\Garbage Classification\Garbage_Classification_Organized\garbage_dataset_20260624_110735\train\其他\其他63.jpg,其他63.jpg,其他63.jpg,201,213,RGB,8526,,success,
2026-06-24 11:07:37,其他,train,D:\Garbage Classification\Garbage_Classification_Organized\dataset\其他\其他_0159.jpg,D:\Garbage Classification\Garbage_Classification_Organized\garbage_dataset_20260624_110735\train\其他\其他_0159.jpg,其他_0159.jpg,其他_0159.jpg,558,558,RGB,55743,,success,
2026-06-24 11:07:37,其他,train,D:\Garbage Classification\Garbage_Classification_Organized\dataset\其他\其他187.jpg,D:\Garbage Classification\Garbage_Classification_Organized\garbage_dataset_20260624_110735\train\其他\其他187.jpg,其他187.jpg,其他187.jpg,558,558,RGB,52862,,success,
2026-06-24 11:07:37,其他,train,D:\Garbage Classification\Garbage_Classification_Organized\dataset\其他\其他_0140.jpg,D:\Garbage Classification\Garbage_Classification_Organized\garbage_dataset_20260624_110735\train\其他\其他_0140.jpg,其他_0140.jpg,其他_0140.jpg,558,558,RGB,54406,,success,
2026-06-24 11:07:37,其他,train,D:\Garbage Classification\Garbage_Classification_Organized\dataset\其他\其他_0041.jpg,D:\Garbage Classification\Garbage_Classification_Organized\garbage_dataset_20260624_110735\train\其他\其他_0041.jpg,其他_0041.jpg,其他_0041.jpg,558,558,RGB,49114,,success,
2026-06-24 11:07:37,其他,train,D:\Garbage Classification\Garbage_Classification_Organized\dataset\其他\其他262.jpg,D:\Garbage Classification\Garbage_Classification_Organized\garbage_dataset_20260624_110735\train\其他\其他262.jpg,其他262.jpg,其他262.jpg,2324,1414,RGB,788436,,success,
2026-06-24 11:07:37,其他,train,D:\Garbage Classification\Garbage_Classification_Organized\dataset\其他\其他_0123.jpg,D:\Garbage Classification\Garbage_Classification_Organized\garbage_dataset_20260624_110735\train\其他\其他_0123.jpg,其他_0123.jpg,其他_0123.jpg,558,558,RGB,51776,,success,
2026-06-24 11:07:37,其他,train,D:\Garbage Classification\Garbage_Classification_Organized\dataset\其他\其他163.jpg,D:\Garbage Classification\Garbage_Classification_Organized\garbage_dataset_20260624_110735\train\其他\其他163.jpg,其他163.jpg,其他163.jpg,558,558,RGB,48223,,success,
2026-06-24 11:07:37,其他,train,D:\Garbage Classification\Garbage_Classification_Organized\dataset\其他\其他119.jpg,D:\Garbage Classification\Garbage_Classification_Organized\garbage_dataset_20260624_110735\train\其他\其他119.jpg,其他119.jpg,其他119.jpg,558,558,RGB,49704,,success,
2026-06-24 11:07:37,其他,train,D:\Garbage Classification\Garbage_Classification_Organized\dataset\其他\其他277.jpg,D:\Garbage Classification\Garbage_Classification_Organized\garbage_dataset_20260624_110735\train\其他\其他277.jpg,其他277.jpg,其他277.jpg,282,218,RGB,12591,,success,
2026-06-24 11:07:37,其他,train,D:\Garbage Classification\Garbage_Classification_Organized\dataset\其他\其他173.jpg,D:\Garbage Classification\Garbage_Classification_Organized\garbage_dataset_20260624_110735\train\其他\其他173.jpg,其他173.jpg,其他173.jpg,558,558,RGB,51678,,success,
2026-06-24 11:07:37,其他,train,D:\Garbage Classification\Garbage_Classification_Organized\dataset\其他\其他_0100.jpg,D:\Garbage Classification\Garbage_Classification_Organized\garbage_dataset_20260624_110735\train\其他\其他_0100.jpg,其他_0100.jpg,其他_0100.jpg,558,558,RGB,51288,,success,
2026-06-24 11:07:37,其他,train,D:\Garbage Classification\Garbage_Classification_Organized\dataset\其他\其他28.jpg,D:\Garbage Classification\Garbage_Classification_Organized\garbage_dataset_20260624_110735\train\其他\其他28.jpg,其他28.jpg,其他28.jpg,1280,720,RGB,68052,,success,
2026-06-24 11:07:37,其他,train,D:\Garbage Classification\Garbage_Classification_Organized\dataset\其他\其他252.jpg,D:\Garbage Classification\Garbage_Classification_Organized\garbage_dataset_20260624_110735\train\其他\其他252.jpg,其他252.jpg,其他252.jpg,1421,2444,RGB,565734,,success,
2026-06-24 11:07:37,其他,train,D:\Garbage Classification\Garbage_Classification_Organized\dataset\其他\其他_0151.jpg,D:\Garbage Classification\Garbage_Classification_Organized\garbage_dataset_20260624_110735\train\其他\其他_0151.jpg,其他_0151.jpg,其他_0151.jpg,558,558,RGB,53621,,success,
2026-06-24 11:07:37,其他,train,D:\Garbage Classification\Garbage_Classification_Organized\dataset\其他\其他21.jpg,D:\Garbage Classification\Garbage_Classification_Organized\garbage_dataset_20260624_110735\train\其他\其他21.jpg,其他21.jpg,其他21.jpg,1280,720,RGB,66265,,success,
2026-06-24 11:07:37,其他,train,D:\Garbage Classification\Garbage_Classification_Organized\dataset\其他\其他222.jpg,D:\Garbage Classification\Garbage_Classification_Organized\garbage_dataset_20260624_110735\train\其他\其他222.jpg,其他222.jpg,其他222.jpg,558,558,RGB,53687,,success,
2026-06-24 11:07:37,其他,train,D:\Garbage Classification\Garbage_Classification_Organized\dataset\其他\其他240.jpg,D:\Garbage Classification\Garbage_Classification_Organized\garbage_dataset_20260624_110735\train\其他\其他240.jpg,其他240.jpg,其他240.jpg,1946,2625,RGB,827746,,success,
2026-06-24 11:07:37,其他,train,D:\Garbage Classification\Garbage_Classification_Organized\dataset\其他\其他90.jpg,D:\Garbage Classification\Garbage_Classification_Organized\garbage_dataset_20260624_110735\train\其他\其他90.jpg,其他90.jpg,其他90.jpg,558,558,RGB,50775,,success,
2026-06-24 11:07:37,其他,train,D:\Garbage Classification\Garbage_Classification_Organized\dataset\其他\其他_0009.jpg,D:\Garbage Classification\Garbage_Classification_Organized\garbage_dataset_20260624_110735\train\其他\其他_0009.jpg,其他_0009.jpg,其他_0009.jpg,558,558,RGB,51154,,success,
2026-06-24 11:07:37,其他,train,D:\Garbage Classification\Garbage_Classification_Organized\dataset\其他\其他_0057.jpg,D:\Garbage Classification\Garbage_Classification_Organized\garbage_dataset_20260624_110735\train\其他\其他_0057.jpg,其他_0057.jpg,其他_0057.jpg,558,558,RGB,56391,,success,
2026-06-24 11:07:37,其他,train,D:\Garbage Classification\Garbage_Classification_Organized\dataset\其他\其他14.jpg,D:\Garbage Classification\Garbage_Classification_Organized\garbage_dataset_20260624_110735\train\其他\其他14.jpg,其他14.jpg,其他14.jpg,1280,720,RGB,66904,,success,
2026-06-24 11:07:37,其他,train,D:\Garbage Classification\Garbage_Classification_Organized\dataset\其他\其他2.jpg,D:\Garbage Classification\Garbage_Classification_Organized\garbage_dataset_20260624_110735\train\其他\其他2.jpg,其他2.jpg,其他2.jpg,1280,720,RGB,74623,,success,
2026-06-24 11:07:37,其他,train,D:\Garbage Classification\Garbage_Classification_Organized\dataset\其他\其他58.jpg,D:\Garbage Classification\Garbage_Classification_Organized\garbage_dataset_20260624_110735\train\其他\其他58.jpg,其他58.jpg,其他58.jpg,1280,720,RGB,71730,,success,
2026-06-24 11:07:37,其他,train,D:\Garbage Classification\Garbage_Classification_Organized\dataset\其他\其他204.jpg,D:\Garbage Classification\Garbage_Classification_Organized\garbage_dataset_20260624_110735\train\其他\其他204.jpg,其他204.jpg,其他204.jpg,558,558,RGB,54038,,success,
2026-06-24 11:07:37,其他,train,D:\Garbage Classification\Garbage_Classification_Organized\dataset\其他\其他_0174.jpg,D:\Garbage Classification\Garbage_Classification_Organized\garbage_dataset_20260624_110735\train\其他\其他_0174.jpg,其他_0174.jpg,其他_0174.jpg,558,558,RGB,54176,,success,
2026-06-24 11:07:37,其他,train,D:\Garbage Classification\Garbage_Classification_Organized\dataset\其他\其他182.jpg,D:\Garbage Classification\Garbage_Classification_Organized\garbage_dataset_20260624_110735\train\其他\其他182.jpg,其他182.jpg,其他182.jpg,558,558,RGB,52671,,success,
2026-06-24 11:07:37,其他,train,D:\Garbage Classification\Garbage_Classification_Organized\dataset\其他\其他199.jpg,D:\Garbage Classification\Garbage_Classification_Organized\garbage_dataset_20260624_110735\train\其他\其他199.jpg,其他199.jpg,其他199.jpg,558,558,RGB,51950,,success,
2026-06-24 11:07:37,其他,train,D:\Garbage Classification\Garbage_Classification_Organized\dataset\其他\其他37.jpg,D:\Garbage Classification\Garbage_Classification_Organized\garbage_dataset_20260624_110735\train\其他\其他37.jpg,其他37.jpg,其他37.jpg,1280,720,RGB,73327,,success,
2026-06-24 11:07:37,其他,train,D:\Garbage Classification\Garbage_Classification_Organized\dataset\其他\其他_0173.jpg,D:\Garbage Classification\Garbage_Classification_Organized\garbage_dataset_20260624_110735\train\其他\其他_0173.jpg,其他_0173.jpg,其他_0173.jpg,558,558,RGB,54030,,success,
2026-06-24 11:07:37,其他,train,D:\Garbage Classification\Garbage_Classification_Organized\dataset\其他\其他_0161.jpg,D:\Garbage Classification\Garbage_Classification_Organized\garbage_dataset_20260624_110735\train\其他\其他_0161.jpg,其他_0161.jpg,其他_0161.jpg,558,558,RGB,55292,,success,
2026-06-24 11:07:37,其他,train,D:\Garbage Classification\Garbage_Classification_Organized\dataset\其他\其他_0158.jpg,D:\Garbage Classification\Garbage_Classification_Organized\garbage_dataset_20260624_110735\train\其他\其他_0158.jpg,其他_0158.jpg,其他_0158.jpg,558,558,RGB,55345,,success,
2026-06-24 11:07:37,其他,train,D:\Garbage Classification\Garbage_Classification_Organized\dataset\其他\其他178.jpg,D:\Garbage Classification\Garbage_Classification_Organized\garbage_dataset_20260624_110735\train\其他\其他178.jpg,其他178.jpg,其他178.jpg,558,558,RGB,55537,,success,
2026-06-24 11:07:37,其他,train,D:\Garbage Classification\Garbage_Classification_Organized\dataset\其他\其他248.jpg,D:\Garbage Classification\Garbage_Classification_Organized\garbage_dataset_20260624_110735\train\其他\其他248.jpg,其他248.jpg,其他248.jpg,306,201,RGB,14127,,success,
2026-06-24 11:07:37,其他,train,D:\Garbage Classification\Garbage_Classification_Organized\dataset\其他\其他78.jpg,D:\Garbage Classification\Garbage_Classification_Organized\garbage_dataset_20260624_110735\train\其他\其他78.jpg,其他78.jpg,其他78.jpg,1280,720,RGB,69378,,success,
2026-06-24 11:07:37,其他,train,D:\Garbage Classification\Garbage_Classification_Organized\dataset\其他\其他68.jpg,D:\Garbage Classification\Garbage_Classification_Organized\garbage_dataset_20260624_110735\train\其他\其他68.jpg,其他68.jpg,其他68.jpg,1280,720,RGB,70751,,success,
2026-06-24 11:07:37,其他,train,D:\Garbage Classification\Garbage_Classification_Organized\dataset\其他\其他47.jpg,D:\Garbage Classification\Garbage_Classification_Organized\garbage_dataset_20260624_110735\train\其他\其他47.jpg,其他47.jpg,其他47.jpg,1280,720,RGB,74397,,success,
2026-06-24 11:07:37,其他,train,D:\Garbage Classification\Garbage_Classification_Organized\dataset\其他\其他_0033.jpg,D:\Garbage Classification\Garbage_Classification_Organized\garbage_dataset_20260624_110735\train\其他\其他_0033.jpg,其他_0033.jpg,其他_0033.jpg,558,558,RGB,55637,,success,
2026-06-24 11:07:37,其他,train,D:\Garbage Classification\Garbage_Classification_Organized\dataset\其他\其他_0127.jpg,D:\Garbage Classification\Garbage_Classification_Organized\garbage_dataset_20260624_110735\train\其他\其他_0127.jpg,其他_0127.jpg,其他_0127.jpg,558,558,RGB,52125,,success,
2026-06-24 11:07:37,其他,train,D:\Garbage Classification\Garbage_Classification_Organized\dataset\其他\其他221.jpg,D:\Garbage Classification\Garbage_Classification_Organized\garbage_dataset_20260624_110735\train\其他\其他221.jpg,其他221.jpg,其他221.jpg,558,558,RGB,50056,,success,
2026-06-24 11:07:37,其他,train,D:\Garbage Classification\Garbage_Classification_Organized\dataset\其他\其他179.jpg,D:\Garbage Classification\Garbage_Classification_Organized\garbage_dataset_20260624_110735\train\其他\其他179.jpg,其他179.jpg,其他179.jpg,558,558,RGB,55534,,success,
2026-06-24 11:07:37,其他,train,D:\Garbage Classification\Garbage_Classification_Organized\dataset\其他\其他_0148.jpg,D:\Garbage Classification\Garbage_Classification_Organized\garbage_dataset_20260624_110735\train\其他\其他_0148.jpg,其他_0148.jpg,其他_0148.jpg,558,558,RGB,51116,,success,
2026-06-24 11:07:37,其他,train,D:\Garbage Classification\Garbage_Classification_Organized\dataset\其他\其他_0177.jpg,D:\Garbage Classification\Garbage_Classification_Organized\garbage_dataset_20260624_110735\train\其他\其他_0177.jpg,其他_0177.jpg,其他_0177.jpg,558,558,RGB,54181,,success,
2026-06-24 11:07:37,其他,train,D:\Garbage Classification\Garbage_Classification_Organized\dataset\其他\其他126.jpg,D:\Garbage Classification\Garbage_Classification_Organized\garbage_dataset_20260624_110735\train\其他\其他126.jpg,其他126.jpg,其他126.jpg,558,558,RGB,51757,,success,
2026-06-24 11:07:37,其他,train,D:\Garbage Classification\Garbage_Classification_Organized\dataset\其他\其他_0190.jpg,D:\Garbage Classification\Garbage_Classification_Organized\garbage_dataset_20260624_110735\train\其他\其他_0190.jpg,其他_0190.jpg,其他_0190.jpg,558,558,RGB,52094,,success,
2026-06-24 11:07:37,其他,train,D:\Garbage Classification\Garbage_Classification_Organized\dataset\其他\其他257.jpg,D:\Garbage Classification\Garbage_Classification_Organized\garbage_dataset_20260624_110735\train\其他\其他257.jpg,其他257.jpg,其他257.jpg,303,194,RGB,13706,,success,
2026-06-24 11:07:37,其他,train,D:\Garbage Classification\Garbage_Classification_Organized\dataset\其他\其他_0134.jpg,D:\Garbage Classification\Garbage_Classification_Organized\garbage_dataset_20260624_110735\train\其他\其他_0134.jpg,其他_0134.jpg,其他_0134.jpg,558,558,RGB,53075,,success,
2026-06-24 11:07:37,其他,train,D:\Garbage Classification\Garbage_Classification_Organized\dataset\其他\其他26.jpg,D:\Garbage Classification\Garbage_Classification_Organized\garbage_dataset_20260624_110735\train\其他\其他26.jpg,其他26.jpg,其他26.jpg,1280,720,RGB,68378,,success,
2026-06-24 11:07:37,其他,train,D:\Garbage Classification\Garbage_Classification_Organized\dataset\其他\其他122.jpg,D:\Garbage Classification\Garbage_Classification_Organized\garbage_dataset_20260624_110735\train\其他\其他122.jpg,其他122.jpg,其他122.jpg,558,558,RGB,48017,,success,
2026-06-24 11:07:37,其他,train,D:\Garbage Classification\Garbage_Classification_Organized\dataset\其他\其他_0086.jpg,D:\Garbage Classification\Garbage_Classification_Organized\garbage_dataset_20260624_110735\train\其他\其他_0086.jpg,其他_0086.jpg,其他_0086.jpg,558,558,RGB,52608,,success,
2026-06-24 11:07:37,其他,train,D:\Garbage Classification\Garbage_Classification_Organized\dataset\其他\其他_0196.jpg,D:\Garbage Classification\Garbage_Classification_Organized\garbage_dataset_20260624_110735\train\其他\其他_0196.jpg,其他_0196.jpg,其他_0196.jpg,558,558,RGB,52506,,success,
2026-06-24 11:07:37,其他,train,D:\Garbage Classification\Garbage_Classification_Organized\dataset\其他\其他258.jpg,D:\Garbage Classification\Garbage_Classification_Organized\garbage_dataset_20260624_110735\train\其他\其他258.jpg,其他258.jpg,其他258.jpg,1770,1840,RGB,620896,,success,
2026-06-24 11:07:37,其他,train,D:\Garbage Classification\Garbage_Classification_Organized\dataset\其他\其他_0182.jpg,D:\Garbage Classification\Garbage_Classification_Organized\garbage_dataset_20260624_110735\train\其他\其他_0182.jpg,其他_0182.jpg,其他_0182.jpg,558,558,RGB,52672,,success,
2026-06-24 11:07:37,其他,train,D:\Garbage Classification\Garbage_Classification_Organized\dataset\其他\其他116.jpg,D:\Garbage Classification\Garbage_Classification_Organized\garbage_dataset_20260624_110735\train\其他\其他116.jpg,其他116.jpg,其他116.jpg,558,558,RGB,49991,,success,
2026-06-24 11:07:37,其他,train,D:\Garbage Classification\Garbage_Classification_Organized\dataset\其他\其他144.jpg,D:\Garbage Classification\Garbage_Classification_Organized\garbage_dataset_20260624_110735\train\其他\其他144.jpg,其他144.jpg,其他144.jpg,558,558,RGB,50216,,success,
2026-06-24 11:07:37,其他,train,D:\Garbage Classification\Garbage_Classification_Organized\dataset\其他\其他_0097.jpg,D:\Garbage Classification\Garbage_Classification_Organized\garbage_dataset_20260624_110735\train\其他\其他_0097.jpg,其他_0097.jpg,其他_0097.jpg,558,558,RGB,52683,,success,
2026-06-24 11:07:37,其他,train,D:\Garbage Classification\Garbage_Classification_Organized\dataset\其他\其他_0122.jpg,D:\Garbage Classification\Garbage_Classification_Organized\garbage_dataset_20260624_110735\train\其他\其他_0122.jpg,其他_0122.jpg,其他_0122.jpg,558,558,RGB,52530,,success,
2026-06-24 11:07:37,其他,train,D:\Garbage Classification\Garbage_Classification_Organized\dataset\其他\其他186.jpg,D:\Garbage Classification\Garbage_Classification_Organized\garbage_dataset_20260624_110735\train\其他\其他186.jpg,其他186.jpg,其他186.jpg,558,558,RGB,55234,,success,
2026-06-24 11:07:37,其他,train,D:\Garbage Classification\Garbage_Classification_Organized\dataset\其他\其他255.jpg,D:\Garbage Classification\Garbage_Classification_Organized\garbage_dataset_20260624_110735\train\其他\其他255.jpg,其他255.jpg,其他255.jpg,2151,1260,RGB,923112,,success,
2026-06-24 11:07:37,其他,train,D:\Garbage Classification\Garbage_Classification_Organized\dataset\其他\其他231.jpg,D:\Garbage Classification\Garbage_Classification_Organized\garbage_dataset_20260624_110735\train\其他\其他231.jpg,其他231.jpg,其他231.jpg,558,558,RGB,51735,,success,
2026-06-24 11:07:37,其他,train,D:\Garbage Classification\Garbage_Classification_Organized\dataset\其他\其他_0030.jpg,D:\Garbage Classification\Garbage_Classification_Organized\garbage_dataset_20260624_110735\train\其他\其他_0030.jpg,其他_0030.jpg,其他_0030.jpg,558,558,RGB,60013,,success,
2026-06-24 11:07:37,其他,train,D:\Garbage Classification\Garbage_Classification_Organized\dataset\其他\其他104.jpg,D:\Garbage Classification\Garbage_Classification_Organized\garbage_dataset_20260624_110735\train\其他\其他104.jpg,其他104.jpg,其他104.jpg,558,558,RGB,54255,,success,
2026-06-24 11:07:37,其他,train,D:\Garbage Classification\Garbage_Classification_Organized\dataset\其他\其他232.jpg,D:\Garbage Classification\Garbage_Classification_Organized\garbage_dataset_20260624_110735\train\其他\其他232.jpg,其他232.jpg,其他232.jpg,2194,1240,RGB,352291,,success,
2026-06-24 11:07:37,其他,train,D:\Garbage Classification\Garbage_Classification_Organized\dataset\其他\其他123.jpg,D:\Garbage Classification\Garbage_Classification_Organized\garbage_dataset_20260624_110735\train\其他\其他123.jpg,其他123.jpg,其他123.jpg,558,558,RGB,48964,,success,
2026-06-24 11:07:37,其他,train,D:\Garbage Classification\Garbage_Classification_Organized\dataset\其他\其他170.jpg,D:\Garbage Classification\Garbage_Classification_Organized\garbage_dataset_20260624_110735\train\其他\其他170.jpg,其他170.jpg,其他170.jpg,558,558,RGB,49095,,success,
2026-06-24 11:07:37,其他,train,D:\Garbage Classification\Garbage_Classification_Organized\dataset\其他\其他77.jpg,D:\Garbage Classification\Garbage_Classification_Organized\garbage_dataset_20260624_110735\train\其他\其他77.jpg,其他77.jpg,其他77.jpg,1280,720,RGB,68875,,success,
2026-06-24 11:07:37,其他,train,D:\Garbage Classification\Garbage_Classification_Organized\dataset\其他\其他_0186.jpg,D:\Garbage Classification\Garbage_Classification_Organized\garbage_dataset_20260624_110735\train\其他\其他_0186.jpg,其他_0186.jpg,其他_0186.jpg,558,558,RGB,54471,,success,
2026-06-24 11:07:37,其他,train,D:\Garbage Classification\Garbage_Classification_Organized\dataset\其他\其他_0018.jpg,D:\Garbage Classification\Garbage_Classification_Organized\garbage_dataset_20260624_110735\train\其他\其他_0018.jpg,其他_0018.jpg,其他_0018.jpg,558,558,RGB,50247,,success,
2026-06-24 11:07:37,其他,train,D:\Garbage Classification\Garbage_Classification_Organized\dataset\其他\其他53.jpg,D:\Garbage Classification\Garbage_Classification_Organized\garbage_dataset_20260624_110735\train\其他\其他53.jpg,其他53.jpg,其他53.jpg,1280,720,RGB,69338,,success,
2026-06-24 11:07:37,其他,train,D:\Garbage Classification\Garbage_Classification_Organized\dataset\其他\其他264.jpg,D:\Garbage Classification\Garbage_Classification_Organized\garbage_dataset_20260624_110735\train\其他\其他264.jpg,其他264.jpg,其他264.jpg,2035,1421,RGB,496923,,success,
2026-06-24 11:07:37,其他,train,D:\Garbage Classification\Garbage_Classification_Organized\dataset\其他\其他74.jpg,D:\Garbage Classification\Garbage_Classification_Organized\garbage_dataset_20260624_110735\train\其他\其他74.jpg,其他74.jpg,其他74.jpg,201,204,RGB,8054,,success,
2026-06-24 11:07:37,其他,train,D:\Garbage Classification\Garbage_Classification_Organized\dataset\其他\其他_0160.jpg,D:\Garbage Classification\Garbage_Classification_Organized\garbage_dataset_20260624_110735\train\其他\其他_0160.jpg,其他_0160.jpg,其他_0160.jpg,558,558,RGB,55573,,success,
2026-06-24 11:07:37,其他,train,D:\Garbage Classification\Garbage_Classification_Organized\dataset\其他\其他_0163.jpg,D:\Garbage Classification\Garbage_Classification_Organized\garbage_dataset_20260624_110735\train\其他\其他_0163.jpg,其他_0163.jpg,其他_0163.jpg,558,558,RGB,54129,,success,
2026-06-24 11:07:37,其他,train,D:\Garbage Classification\Garbage_Classification_Organized\dataset\其他\其他92.jpg,D:\Garbage Classification\Garbage_Classification_Organized\garbage_dataset_20260624_110735\train\其他\其他92.jpg,其他92.jpg,其他92.jpg,558,558,RGB,51883,,success,
2026-06-24 11:07:37,其他,train,D:\Garbage Classification\Garbage_Classification_Organized\dataset\其他\其他184.jpg,D:\Garbage Classification\Garbage_Classification_Organized\garbage_dataset_20260624_110735\train\其他\其他184.jpg,其他184.jpg,其他184.jpg,558,558,RGB,54530,,success,
2026-06-24 11:07:37,其他,train,D:\Garbage Classification\Garbage_Classification_Organized\dataset\其他\其他_0171.jpg,D:\Garbage Classification\Garbage_Classification_Organized\garbage_dataset_20260624_110735\train\其他\其他_0171.jpg,其他_0171.jpg,其他_0171.jpg,558,558,RGB,55438,,success,
2026-06-24 11:07:37,其他,train,D:\Garbage Classification\Garbage_Classification_Organized\dataset\其他\其他_0032.jpg,D:\Garbage Classification\Garbage_Classification_Organized\garbage_dataset_20260624_110735\train\其他\其他_0032.jpg,其他_0032.jpg,其他_0032.jpg,558,558,RGB,55341,,success,
2026-06-24 11:07:37,其他,train,D:\Garbage Classification\Garbage_Classification_Organized\dataset\其他\其他260.jpg,D:\Garbage Classification\Garbage_Classification_Organized\garbage_dataset_20260624_110735\train\其他\其他260.jpg,其他260.jpg,其他260.jpg,1365,1675,RGB,567357,,success,
2026-06-24 11:07:37,其他,train,D:\Garbage Classification\Garbage_Classification_Organized\dataset\其他\其他206.jpg,D:\Garbage Classification\Garbage_Classification_Organized\garbage_dataset_20260624_110735\train\其他\其他206.jpg,其他206.jpg,其他206.jpg,558,558,RGB,50793,,success,
2026-06-24 11:07:37,其他,train,D:\Garbage Classification\Garbage_Classification_Organized\dataset\其他\其他149.jpg,D:\Garbage Classification\Garbage_Classification_Organized\garbage_dataset_20260624_110735\train\其他\其他149.jpg,其他149.jpg,其他149.jpg,558,558,RGB,50427,,success,
2026-06-24 11:07:37,其他,train,D:\Garbage Classification\Garbage_Classification_Organized\dataset\其他\其他229.jpg,D:\Garbage Classification\Garbage_Classification_Organized\garbage_dataset_20260624_110735\train\其他\其他229.jpg,其他229.jpg,其他229.jpg,558,558,RGB,51694,,success,
2026-06-24 11:07:37,其他,train,D:\Garbage Classification\Garbage_Classification_Organized\dataset\其他\其他125.jpg,D:\Garbage Classification\Garbage_Classification_Organized\garbage_dataset_20260624_110735\train\其他\其他125.jpg,其他125.jpg,其他125.jpg,558,558,RGB,51198,,success,
2026-06-24 11:07:37,其他,train,D:\Garbage Classification\Garbage_Classification_Organized\dataset\其他\其他_0206.jpg,D:\Garbage Classification\Garbage_Classification_Organized\garbage_dataset_20260624_110735\train\其他\其他_0206.jpg,其他_0206.jpg,其他_0206.jpg,558,558,RGB,54025,,success,
2026-06-24 11:07:37,其他,train,D:\Garbage Classification\Garbage_Classification_Organized\dataset\其他\其他208.jpg,D:\Garbage Classification\Garbage_Classification_Organized\garbage_dataset_20260624_110735\train\其他\其他208.jpg,其他208.jpg,其他208.jpg,558,558,RGB,48844,,success,
2026-06-24 11:07:37,其他,train,D:\Garbage Classification\Garbage_Classification_Organized\dataset\其他\其他_0116.jpg,D:\Garbage Classification\Garbage_Classification_Organized\garbage_dataset_20260624_110735\train\其他\其他_0116.jpg,其他_0116.jpg,其他_0116.jpg,558,558,RGB,54426,,success,
2026-06-24 11:07:37,其他,train,D:\Garbage Classification\Garbage_Classification_Organized\dataset\其他\其他154.jpg,D:\Garbage Classification\Garbage_Classification_Organized\garbage_dataset_20260624_110735\train\其他\其他154.jpg,其他154.jpg,其他154.jpg,558,558,RGB,50217,,success,
2026-06-24 11:07:37,其他,train,D:\Garbage Classification\Garbage_Classification_Organized\dataset\其他\其他_0059.jpg,D:\Garbage Classification\Garbage_Classification_Organized\garbage_dataset_20260624_110735\train\其他\其他_0059.jpg,其他_0059.jpg,其他_0059.jpg,558,558,RGB,55954,,success,
2026-06-24 11:07:37,其他,train,D:\Garbage Classification\Garbage_Classification_Organized\dataset\其他\其他242.jpg,D:\Garbage Classification\Garbage_Classification_Organized\garbage_dataset_20260624_110735\train\其他\其他242.jpg,其他242.jpg,其他242.jpg,1675,1809,RGB,467791,,success,
2026-06-24 11:07:37,其他,train,D:\Garbage Classification\Garbage_Classification_Organized\dataset\其他\其他103.jpg,D:\Garbage Classification\Garbage_Classification_Organized\garbage_dataset_20260624_110735\train\其他\其他103.jpg,其他103.jpg,其他103.jpg,558,558,RGB,51112,,success,
2026-06-24 11:07:37,其他,train,D:\Garbage Classification\Garbage_Classification_Organized\dataset\其他\其他_0013.jpg,D:\Garbage Classification\Garbage_Classification_Organized\garbage_dataset_20260624_110735\train\其他\其他_0013.jpg,其他_0013.jpg,其他_0013.jpg,558,558,RGB,54411,,success,
2026-06-24 11:07:37,其他,train,D:\Garbage Classification\Garbage_Classification_Organized\dataset\其他\其他145.jpg,D:\Garbage Classification\Garbage_Classification_Organized\garbage_dataset_20260624_110735\train\其他\其他145.jpg,其他145.jpg,其他145.jpg,558,558,RGB,51362,,success,
2026-06-24 11:07:37,其他,train,D:\Garbage Classification\Garbage_Classification_Organized\dataset\其他\其他_0192.jpg,D:\Garbage Classification\Garbage_Classification_Organized\garbage_dataset_20260624_110735\train\其他\其他_0192.jpg,其他_0192.jpg,其他_0192.jpg,558,558,RGB,53926,,success,
2026-06-24 11:07:37,其他,train,D:\Garbage Classification\Garbage_Classification_Organized\dataset\其他\其他105.jpg,D:\Garbage Classification\Garbage_Classification_Organized\garbage_dataset_20260624_110735\train\其他\其他105.jpg,其他105.jpg,其他105.jpg,558,558,RGB,49754,,success,
2026-06-24 11:07:37,其他,train,D:\Garbage Classification\Garbage_Classification_Organized\dataset\其他\其他273.jpg,D:\Garbage Classification\Garbage_Classification_Organized\garbage_dataset_20260624_110735\train\其他\其他273.jpg,其他273.jpg,其他273.jpg,1280,720,RGB,74158,,success,
2026-06-24 11:07:37,其他,train,D:\Garbage Classification\Garbage_Classification_Organized\dataset\其他\其他_0021.jpg,D:\Garbage Classification\Garbage_Classification_Organized\garbage_dataset_20260624_110735\train\其他\其他_0021.jpg,其他_0021.jpg,其他_0021.jpg,558,558,RGB,58797,,success,
2026-06-24 11:07:37,其他,train,D:\Garbage Classification\Garbage_Classification_Organized\dataset\其他\其他69.jpg,D:\Garbage Classification\Garbage_Classification_Organized\garbage_dataset_20260624_110735\train\其他\其他69.jpg,其他69.jpg,其他69.jpg,1280,720,RGB,68559,,success,
2026-06-24 11:07:37,其他,train,D:\Garbage Classification\Garbage_Classification_Organized\dataset\其他\其他_0003.jpg,D:\Garbage Classification\Garbage_Classification_Organized\garbage_dataset_20260624_110735\train\其他\其他_0003.jpg,其他_0003.jpg,其他_0003.jpg,558,558,RGB,52921,,success,
2026-06-24 11:07:37,其他,train,D:\Garbage Classification\Garbage_Classification_Organized\dataset\其他\其他114.jpg,D:\Garbage Classification\Garbage_Classification_Organized\garbage_dataset_20260624_110735\train\其他\其他114.jpg,其他114.jpg,其他114.jpg,558,558,RGB,49891,,success,
2026-06-24 11:07:37,其他,train,D:\Garbage Classification\Garbage_Classification_Organized\dataset\其他\其他249.jpg,D:\Garbage Classification\Garbage_Classification_Organized\garbage_dataset_20260624_110735\train\其他\其他249.jpg,其他249.jpg,其他249.jpg,1140,1980,RGB,544897,,success,
2026-06-24 11:07:37,其他,train,D:\Garbage Classification\Garbage_Classification_Organized\dataset\其他\其他150.jpg,D:\Garbage Classification\Garbage_Classification_Organized\garbage_dataset_20260624_110735\train\其他\其他150.jpg,其他150.jpg,其他150.jpg,558,558,RGB,52256,,success,
2026-06-24 11:07:37,其他,train,D:\Garbage Classification\Garbage_Classification_Organized\dataset\其他\其他_0172.jpg,D:\Garbage Classification\Garbage_Classification_Organized\garbage_dataset_20260624_110735\train\其他\其他_0172.jpg,其他_0172.jpg,其他_0172.jpg,558,558,RGB,55446,,success,
2026-06-24 11:07:37,其他,train,D:\Garbage Classification\Garbage_Classification_Organized\dataset\其他\其他_0063.jpg,D:\Garbage Classification\Garbage_Classification_Organized\garbage_dataset_20260624_110735\train\其他\其他_0063.jpg,其他_0063.jpg,其他_0063.jpg,558,558,RGB,54519,,success,
2026-06-24 11:07:37,其他,train,D:\Garbage Classification\Garbage_Classification_Organized\dataset\其他\其他_0055.jpg,D:\Garbage Classification\Garbage_Classification_Organized\garbage_dataset_20260624_110735\train\其他\其他_0055.jpg,其他_0055.jpg,其他_0055.jpg,558,558,RGB,53364,,success,
2026-06-24 11:07:37,其他,train,D:\Garbage Classification\Garbage_Classification_Organized\dataset\其他\其他223.jpg,D:\Garbage Classification\Garbage_Classification_Organized\garbage_dataset_20260624_110735\train\其他\其他223.jpg,其他223.jpg,其他223.jpg,558,558,RGB,55174,,success,
2026-06-24 11:07:37,其他,train,D:\Garbage Classification\Garbage_Classification_Organized\dataset\其他\其他271.jpg,D:\Garbage Classification\Garbage_Classification_Organized\garbage_dataset_20260624_110735\train\其他\其他271.jpg,其他271.jpg,其他271.jpg,1280,720,RGB,67396,,success,
2026-06-24 11:07:37,其他,train,D:\Garbage Classification\Garbage_Classification_Organized\dataset\其他\其他102.jpg,D:\Garbage Classification\Garbage_Classification_Organized\garbage_dataset_20260624_110735\train\其他\其他102.jpg,其他102.jpg,其他102.jpg,558,558,RGB,50108,,success,
2026-06-24 11:07:37,其他,train,D:\Garbage Classification\Garbage_Classification_Organized\dataset\其他\其他_0135.jpg,D:\Garbage Classification\Garbage_Classification_Organized\garbage_dataset_20260624_110735\train\其他\其他_0135.jpg,其他_0135.jpg,其他_0135.jpg,558,558,RGB,52164,,success,
2026-06-24 11:07:37,其他,train,D:\Garbage Classification\Garbage_Classification_Organized\dataset\其他\其他_0197.jpg,D:\Garbage Classification\Garbage_Classification_Organized\garbage_dataset_20260624_110735\train\其他\其他_0197.jpg,其他_0197.jpg,其他_0197.jpg,558,558,RGB,52240,,success,
2026-06-24 11:07:37,其他,train,D:\Garbage Classification\Garbage_Classification_Organized\dataset\其他\其他215.jpg,D:\Garbage Classification\Garbage_Classification_Organized\garbage_dataset_20260624_110735\train\其他\其他215.jpg,其他215.jpg,其他215.jpg,558,558,RGB,50648,,success,
2026-06-24 11:07:37,其他,train,D:\Garbage Classification\Garbage_Classification_Organized\dataset\其他\其他_0026.jpg,D:\Garbage Classification\Garbage_Classification_Organized\garbage_dataset_20260624_110735\train\其他\其他_0026.jpg,其他_0026.jpg,其他_0026.jpg,558,558,RGB,60014,,success,
2026-06-24 11:07:37,其他,train,D:\Garbage Classification\Garbage_Classification_Organized\dataset\其他\其他227.jpg,D:\Garbage Classification\Garbage_Classification_Organized\garbage_dataset_20260624_110735\train\其他\其他227.jpg,其他227.jpg,其他227.jpg,558,558,RGB,53831,,success,
2026-06-24 11:07:37,其他,train,D:\Garbage Classification\Garbage_Classification_Organized\dataset\其他\其他_0092.jpg,D:\Garbage Classification\Garbage_Classification_Organized\garbage_dataset_20260624_110735\train\其他\其他_0092.jpg,其他_0092.jpg,其他_0092.jpg,558,558,RGB,52708,,success,
2026-06-24 11:07:37,其他,train,D:\Garbage Classification\Garbage_Classification_Organized\dataset\其他\其他_0002.jpg,D:\Garbage Classification\Garbage_Classification_Organized\garbage_dataset_20260624_110735\train\其他\其他_0002.jpg,其他_0002.jpg,其他_0002.jpg,558,558,RGB,52867,,success,
2026-06-24 11:07:37,其他,train,D:\Garbage Classification\Garbage_Classification_Organized\dataset\其他\其他85.jpg,D:\Garbage Classification\Garbage_Classification_Organized\garbage_dataset_20260624_110735\train\其他\其他85.jpg,其他85.jpg,其他85.jpg,260,150,RGB,7713,,success,
2026-06-24 11:07:37,其他,train,D:\Garbage Classification\Garbage_Classification_Organized\dataset\其他\其他56.jpg,D:\Garbage Classification\Garbage_Classification_Organized\garbage_dataset_20260624_110735\train\其他\其他56.jpg,其他56.jpg,其他56.jpg,1280,720,RGB,77040,,success,
2026-06-24 11:07:37,其他,train,D:\Garbage Classification\Garbage_Classification_Organized\dataset\其他\其他197.jpg,D:\Garbage Classification\Garbage_Classification_Organized\garbage_dataset_20260624_110735\train\其他\其他197.jpg,其他197.jpg,其他197.jpg,558,558,RGB,49443,,success,
2026-06-24 11:07:37,其他,train,D:\Garbage Classification\Garbage_Classification_Organized\dataset\其他\其他_0185.jpg,D:\Garbage Classification\Garbage_Classification_Organized\garbage_dataset_20260624_110735\train\其他\其他_0185.jpg,其他_0185.jpg,其他_0185.jpg,558,558,RGB,54700,,success,
2026-06-24 11:07:37,其他,train,D:\Garbage Classification\Garbage_Classification_Organized\dataset\其他\其他_0019.jpg,D:\Garbage Classification\Garbage_Classification_Organized\garbage_dataset_20260624_110735\train\其他\其他_0019.jpg,其他_0019.jpg,其他_0019.jpg,558,558,RGB,57173,,success,
2026-06-24 11:07:37,其他,train,D:\Garbage Classification\Garbage_Classification_Organized\dataset\其他\其他219.jpg,D:\Garbage Classification\Garbage_Classification_Organized\garbage_dataset_20260624_110735\train\其他\其他219.jpg,其他219.jpg,其他219.jpg,558,558,RGB,49996,,success,
2026-06-24 11:07:37,其他,train,D:\Garbage Classification\Garbage_Classification_Organized\dataset\其他\其他_0089.jpg,D:\Garbage Classification\Garbage_Classification_Organized\garbage_dataset_20260624_110735\train\其他\其他_0089.jpg,其他_0089.jpg,其他_0089.jpg,558,558,RGB,51550,,success,
2026-06-24 11:07:37,其他,train,D:\Garbage Classification\Garbage_Classification_Organized\dataset\其他\其他183.jpg,D:\Garbage Classification\Garbage_Classification_Organized\garbage_dataset_20260624_110735\train\其他\其他183.jpg,其他183.jpg,其他183.jpg,558,558,RGB,52071,,success,
2026-06-24 11:07:37,其他,train,D:\Garbage Classification\Garbage_Classification_Organized\dataset\其他\其他6.jpg,D:\Garbage Classification\Garbage_Classification_Organized\garbage_dataset_20260624_110735\train\其他\其他6.jpg,其他6.jpg,其他6.jpg,1280,720,RGB,65929,,success,
2026-06-24 11:07:37,其他,train,D:\Garbage Classification\Garbage_Classification_Organized\dataset\其他\其他161.jpg,D:\Garbage Classification\Garbage_Classification_Organized\garbage_dataset_20260624_110735\train\其他\其他161.jpg,其他161.jpg,其他161.jpg,558,558,RGB,50724,,success,
2026-06-24 11:07:37,其他,train,D:\Garbage Classification\Garbage_Classification_Organized\dataset\其他\其他44.jpg,D:\Garbage Classification\Garbage_Classification_Organized\garbage_dataset_20260624_110735\train\其他\其他44.jpg,其他44.jpg,其他44.jpg,1280,720,RGB,76385,,success,
2026-06-24 11:07:37,其他,train,D:\Garbage Classification\Garbage_Classification_Organized\dataset\其他\其他137.jpg,D:\Garbage Classification\Garbage_Classification_Organized\garbage_dataset_20260624_110735\train\其他\其他137.jpg,其他137.jpg,其他137.jpg,558,558,RGB,50877,,success,
2026-06-24 11:07:37,其他,train,D:\Garbage Classification\Garbage_Classification_Organized\dataset\其他\其他_0169.jpg,D:\Garbage Classification\Garbage_Classification_Organized\garbage_dataset_20260624_110735\train\其他\其他_0169.jpg,其他_0169.jpg,其他_0169.jpg,558,558,RGB,52841,,success,
2026-06-24 11:07:37,其他,train,D:\Garbage Classification\Garbage_Classification_Organized\dataset\其他\其他280.jpg,D:\Garbage Classification\Garbage_Classification_Organized\garbage_dataset_20260624_110735\train\其他\其他280.jpg,其他280.jpg,其他280.jpg,1280,720,RGB,67677,,success,
2026-06-24 11:07:37,其他,train,D:\Garbage Classification\Garbage_Classification_Organized\dataset\其他\其他110.jpg,D:\Garbage Classification\Garbage_Classification_Organized\garbage_dataset_20260624_110735\train\其他\其他110.jpg,其他110.jpg,其他110.jpg,558,558,RGB,52424,,success,
2026-06-24 11:07:37,其他,train,D:\Garbage Classification\Garbage_Classification_Organized\dataset\其他\其他93.jpg,D:\Garbage Classification\Garbage_Classification_Organized\garbage_dataset_20260624_110735\train\其他\其他93.jpg,其他93.jpg,其他93.jpg,558,558,RGB,51324,,success,
2026-06-24 11:07:37,其他,train,D:\Garbage Classification\Garbage_Classification_Organized\dataset\其他\其他_0180.jpg,D:\Garbage Classification\Garbage_Classification_Organized\garbage_dataset_20260624_110735\train\其他\其他_0180.jpg,其他_0180.jpg,其他_0180.jpg,558,558,RGB,53236,,success,
2026-06-24 11:07:37,其他,train,D:\Garbage Classification\Garbage_Classification_Organized\dataset\其他\其他62.jpg,D:\Garbage Classification\Garbage_Classification_Organized\garbage_dataset_20260624_110735\train\其他\其他62.jpg,其他62.jpg,其他62.jpg,1280,720,RGB,67034,,success,
2026-06-24 11:07:37,其他,train,D:\Garbage Classification\Garbage_Classification_Organized\dataset\其他\其他175.jpg,D:\Garbage Classification\Garbage_Classification_Organized\garbage_dataset_20260624_110735\train\其他\其他175.jpg,其他175.jpg,其他175.jpg,558,558,RGB,47101,,success,
2026-06-24 11:07:37,其他,train,D:\Garbage Classification\Garbage_Classification_Organized\dataset\其他\其他_0167.jpg,D:\Garbage Classification\Garbage_Classification_Organized\garbage_dataset_20260624_110735\train\其他\其他_0167.jpg,其他_0167.jpg,其他_0167.jpg,558,558,RGB,56588,,success,
2026-06-24 11:07:37,其他,train,D:\Garbage Classification\Garbage_Classification_Organized\dataset\其他\其他254.jpg,D:\Garbage Classification\Garbage_Classification_Organized\garbage_dataset_20260624_110735\train\其他\其他254.jpg,其他254.jpg,其他254.jpg,2270,1340,RGB,1009520,,success,
2026-06-24 11:07:37,其他,train,D:\Garbage Classification\Garbage_Classification_Organized\dataset\其他\其他_0014.jpg,D:\Garbage Classification\Garbage_Classification_Organized\garbage_dataset_20260624_110735\train\其他\其他_0014.jpg,其他_0014.jpg,其他_0014.jpg,558,558,RGB,54008,,success,
2026-06-24 11:07:37,其他,train,D:\Garbage Classification\Garbage_Classification_Organized\dataset\其他\其他111.jpg,D:\Garbage Classification\Garbage_Classification_Organized\garbage_dataset_20260624_110735\train\其他\其他111.jpg,其他111.jpg,其他111.jpg,558,558,RGB,50753,,success,
2026-06-24 11:07:37,其他,train,D:\Garbage Classification\Garbage_Classification_Organized\dataset\其他\其他_0056.jpg,D:\Garbage Classification\Garbage_Classification_Organized\garbage_dataset_20260624_110735\train\其他\其他_0056.jpg,其他_0056.jpg,其他_0056.jpg,558,558,RGB,53143,,success,
2026-06-24 11:07:37,其他,train,D:\Garbage Classification\Garbage_Classification_Organized\dataset\其他\其他48.jpg,D:\Garbage Classification\Garbage_Classification_Organized\garbage_dataset_20260624_110735\train\其他\其他48.jpg,其他48.jpg,其他48.jpg,1280,720,RGB,72803,,success,
2026-06-24 11:07:37,其他,train,D:\Garbage Classification\Garbage_Classification_Organized\dataset\其他\其他_0048.jpg,D:\Garbage Classification\Garbage_Classification_Organized\garbage_dataset_20260624_110735\train\其他\其他_0048.jpg,其他_0048.jpg,其他_0048.jpg,558,558,RGB,52214,,success,
2026-06-24 11:07:37,其他,train,D:\Garbage Classification\Garbage_Classification_Organized\dataset\其他\其他_0010.jpg,D:\Garbage Classification\Garbage_Classification_Organized\garbage_dataset_20260624_110735\train\其他\其他_0010.jpg,其他_0010.jpg,其他_0010.jpg,558,558,RGB,51771,,success,
2026-06-24 11:07:37,其他,train,D:\Garbage Classification\Garbage_Classification_Organized\dataset\其他\其他71.jpg,D:\Garbage Classification\Garbage_Classification_Organized\garbage_dataset_20260624_110735\train\其他\其他71.jpg,其他71.jpg,其他71.jpg,1280,720,RGB,75524,,success,
2026-06-24 11:07:37,其他,train,D:\Garbage Classification\Garbage_Classification_Organized\dataset\其他\其他_0095.jpg,D:\Garbage Classification\Garbage_Classification_Organized\garbage_dataset_20260624_110735\train\其他\其他_0095.jpg,其他_0095.jpg,其他_0095.jpg,558,558,RGB,52069,,success,
2026-06-24 11:07:37,其他,train,D:\Garbage Classification\Garbage_Classification_Organized\dataset\其他\其他99.jpg,D:\Garbage Classification\Garbage_Classification_Organized\garbage_dataset_20260624_110735\train\其他\其他99.jpg,其他99.jpg,其他99.jpg,558,558,RGB,51218,,success,
2026-06-24 11:07:37,其他,train,D:\Garbage Classification\Garbage_Classification_Organized\dataset\其他\其他_0210.jpg,D:\Garbage Classification\Garbage_Classification_Organized\garbage_dataset_20260624_110735\train\其他\其他_0210.jpg,其他_0210.jpg,其他_0210.jpg,558,558,RGB,56848,,success,
2026-06-24 11:07:37,其他,train,D:\Garbage Classification\Garbage_Classification_Organized\dataset\其他\其他4.jpg,D:\Garbage Classification\Garbage_Classification_Organized\garbage_dataset_20260624_110735\train\其他\其他4.jpg,其他4.jpg,其他4.jpg,1280,720,RGB,71277,,success,
2026-06-24 11:07:37,其他,train,D:\Garbage Classification\Garbage_Classification_Organized\dataset\其他\其他_0023.jpg,D:\Garbage Classification\Garbage_Classification_Organized\garbage_dataset_20260624_110735\train\其他\其他_0023.jpg,其他_0023.jpg,其他_0023.jpg,558,558,RGB,57851,,success,
2026-06-24 11:07:37,其他,train,D:\Garbage Classification\Garbage_Classification_Organized\dataset\其他\其他236.jpg,D:\Garbage Classification\Garbage_Classification_Organized\garbage_dataset_20260624_110735\train\其他\其他236.jpg,其他236.jpg,其他236.jpg,2289,2355,RGB,768218,,success,
2026-06-24 11:07:37,其他,train,D:\Garbage Classification\Garbage_Classification_Organized\dataset\其他\其他261.jpg,D:\Garbage Classification\Garbage_Classification_Organized\garbage_dataset_20260624_110735\train\其他\其他261.jpg,其他261.jpg,其他261.jpg,1466,1890,RGB,561502,,success,
2026-06-24 11:07:37,其他,train,D:\Garbage Classification\Garbage_Classification_Organized\dataset\其他\其他101.jpg,D:\Garbage Classification\Garbage_Classification_Organized\garbage_dataset_20260624_110735\train\其他\其他101.jpg,其他101.jpg,其他101.jpg,558,558,RGB,49712,,success,
2026-06-24 11:07:37,其他,train,D:\Garbage Classification\Garbage_Classification_Organized\dataset\其他\其他67.jpg,D:\Garbage Classification\Garbage_Classification_Organized\garbage_dataset_20260624_110735\train\其他\其他67.jpg,其他67.jpg,其他67.jpg,1280,720,RGB,76751,,success,
2026-06-24 11:07:37,其他,train,D:\Garbage Classification\Garbage_Classification_Organized\dataset\其他\其他_0176.jpg,D:\Garbage Classification\Garbage_Classification_Organized\garbage_dataset_20260624_110735\train\其他\其他_0176.jpg,其他_0176.jpg,其他_0176.jpg,558,558,RGB,57114,,success,
2026-06-24 11:07:37,其他,train,D:\Garbage Classification\Garbage_Classification_Organized\dataset\其他\其他_0147.jpg,D:\Garbage Classification\Garbage_Classification_Organized\garbage_dataset_20260624_110735\train\其他\其他_0147.jpg,其他_0147.jpg,其他_0147.jpg,558,558,RGB,51735,,success,
2026-06-24 11:07:37,其他,train,D:\Garbage Classification\Garbage_Classification_Organized\dataset\其他\其他108.jpg,D:\Garbage Classification\Garbage_Classification_Organized\garbage_dataset_20260624_110735\train\其他\其他108.jpg,其他108.jpg,其他108.jpg,558,558,RGB,50313,,success,
2026-06-24 11:07:37,其他,train,D:\Garbage Classification\Garbage_Classification_Organized\dataset\其他\其他_0020.jpg,D:\Garbage Classification\Garbage_Classification_Organized\garbage_dataset_20260624_110735\train\其他\其他_0020.jpg,其他_0020.jpg,其他_0020.jpg,558,558,RGB,58219,,success,
2026-06-24 11:07:37,其他,train,D:\Garbage Classification\Garbage_Classification_Organized\dataset\其他\其他279.jpg,D:\Garbage Classification\Garbage_Classification_Organized\garbage_dataset_20260624_110735\train\其他\其他279.jpg,其他279.jpg,其他279.jpg,1280,720,RGB,69187,,success,
2026-06-24 11:07:37,其他,train,D:\Garbage Classification\Garbage_Classification_Organized\dataset\其他\其他_0178.jpg,D:\Garbage Classification\Garbage_Classification_Organized\garbage_dataset_20260624_110735\train\其他\其他_0178.jpg,其他_0178.jpg,其他_0178.jpg,558,558,RGB,53400,,success,
2026-06-24 11:07:37,其他,train,D:\Garbage Classification\Garbage_Classification_Organized\dataset\其他\其他194.jpg,D:\Garbage Classification\Garbage_Classification_Organized\garbage_dataset_20260624_110735\train\其他\其他194.jpg,其他194.jpg,其他194.jpg,558,558,RGB,52400,,success,
2026-06-24 11:07:37,其他,train,D:\Garbage Classification\Garbage_Classification_Organized\dataset\其他\其他127.jpg,D:\Garbage Classification\Garbage_Classification_Organized\garbage_dataset_20260624_110735\train\其他\其他127.jpg,其他127.jpg,其他127.jpg,558,558,RGB,47167,,success,
2026-06-24 11:07:37,其他,train,D:\Garbage Classification\Garbage_Classification_Organized\dataset\其他\其他_0035.jpg,D:\Garbage Classification\Garbage_Classification_Organized\garbage_dataset_20260624_110735\train\其他\其他_0035.jpg,其他_0035.jpg,其他_0035.jpg,558,558,RGB,51827,,success,
2026-06-24 11:07:37,其他,train,D:\Garbage Classification\Garbage_Classification_Organized\dataset\其他\其他_0154.jpg,D:\Garbage Classification\Garbage_Classification_Organized\garbage_dataset_20260624_110735\train\其他\其他_0154.jpg,其他_0154.jpg,其他_0154.jpg,558,558,RGB,50580,,success,
2026-06-24 11:07:37,其他,train,D:\Garbage Classification\Garbage_Classification_Organized\dataset\其他\其他97.jpg,D:\Garbage Classification\Garbage_Classification_Organized\garbage_dataset_20260624_110735\train\其他\其他97.jpg,其他97.jpg,其他97.jpg,558,558,RGB,50468,,success,
2026-06-24 11:07:37,其他,train,D:\Garbage Classification\Garbage_Classification_Organized\dataset\其他\其他_0198.jpg,D:\Garbage Classification\Garbage_Classification_Organized\garbage_dataset_20260624_110735\train\其他\其他_0198.jpg,其他_0198.jpg,其他_0198.jpg,558,558,RGB,51863,,success,
2026-06-24 11:07:37,其他,train,D:\Garbage Classification\Garbage_Classification_Organized\dataset\其他\其他34.jpg,D:\Garbage Classification\Garbage_Classification_Organized\garbage_dataset_20260624_110735\train\其他\其他34.jpg,其他34.jpg,其他34.jpg,1280,720,RGB,68191,,success,
2026-06-24 11:07:37,其他,train,D:\Garbage Classification\Garbage_Classification_Organized\dataset\其他\其他_0113.jpg,D:\Garbage Classification\Garbage_Classification_Organized\garbage_dataset_20260624_110735\train\其他\其他_0113.jpg,其他_0113.jpg,其他_0113.jpg,558,558,RGB,50794,,success,
2026-06-24 11:07:37,其他,train,D:\Garbage Classification\Garbage_Classification_Organized\dataset\其他\其他128.jpg,D:\Garbage Classification\Garbage_Classification_Organized\garbage_dataset_20260624_110735\train\其他\其他128.jpg,其他128.jpg,其他128.jpg,558,558,RGB,48997,,success,
2026-06-24 11:07:37,其他,train,D:\Garbage Classification\Garbage_Classification_Organized\dataset\其他\其他_0150.jpg,D:\Garbage Classification\Garbage_Classification_Organized\garbage_dataset_20260624_110735\train\其他\其他_0150.jpg,其他_0150.jpg,其他_0150.jpg,558,558,RGB,53354,,success,
2026-06-24 11:07:37,其他,train,D:\Garbage Classification\Garbage_Classification_Organized\dataset\其他\其他17.jpg,D:\Garbage Classification\Garbage_Classification_Organized\garbage_dataset_20260624_110735\train\其他\其他17.jpg,其他17.jpg,其他17.jpg,1280,720,RGB,68862,,success,
2026-06-24 11:07:37,其他,train,D:\Garbage Classification\Garbage_Classification_Organized\dataset\其他\其他_0107.jpg,D:\Garbage Classification\Garbage_Classification_Organized\garbage_dataset_20260624_110735\train\其他\其他_0107.jpg,其他_0107.jpg,其他_0107.jpg,558,558,RGB,50672,,success,
2026-06-24 11:07:37,其他,train,D:\Garbage Classification\Garbage_Classification_Organized\dataset\其他\其他205.jpg,D:\Garbage Classification\Garbage_Classification_Organized\garbage_dataset_20260624_110735\train\其他\其他205.jpg,其他205.jpg,其他205.jpg,558,558,RGB,53927,,success,
2026-06-24 11:07:37,其他,train,D:\Garbage Classification\Garbage_Classification_Organized\dataset\其他\其他169.jpg,D:\Garbage Classification\Garbage_Classification_Organized\garbage_dataset_20260624_110735\train\其他\其他169.jpg,其他169.jpg,其他169.jpg,558,558,RGB,49306,,success,
2026-06-24 11:07:37,其他,train,D:\Garbage Classification\Garbage_Classification_Organized\dataset\其他\其他162.jpg,D:\Garbage Classification\Garbage_Classification_Organized\garbage_dataset_20260624_110735\train\其他\其他162.jpg,其他162.jpg,其他162.jpg,558,558,RGB,50088,,success,
2026-06-24 11:07:37,其他,train,D:\Garbage Classification\Garbage_Classification_Organized\dataset\其他\其他136.jpg,D:\Garbage Classification\Garbage_Classification_Organized\garbage_dataset_20260624_110735\train\其他\其他136.jpg,其他136.jpg,其他136.jpg,558,558,RGB,51185,,success,
2026-06-24 11:07:37,其他,train,D:\Garbage Classification\Garbage_Classification_Organized\dataset\其他\其他96.jpg,D:\Garbage Classification\Garbage_Classification_Organized\garbage_dataset_20260624_110735\train\其他\其他96.jpg,其他96.jpg,其他96.jpg,212,298,RGB,14349,,success,
2026-06-24 11:07:37,其他,train,D:\Garbage Classification\Garbage_Classification_Organized\dataset\其他\其他246.jpg,D:\Garbage Classification\Garbage_Classification_Organized\garbage_dataset_20260624_110735\train\其他\其他246.jpg,其他246.jpg,其他246.jpg,1266,1590,RGB,336319,,success,
2026-06-24 11:07:37,其他,train,D:\Garbage Classification\Garbage_Classification_Organized\dataset\其他\其他_0133.jpg,D:\Garbage Classification\Garbage_Classification_Organized\garbage_dataset_20260624_110735\train\其他\其他_0133.jpg,其他_0133.jpg,其他_0133.jpg,558,558,RGB,48504,,success,
2026-06-24 11:07:37,其他,train,D:\Garbage Classification\Garbage_Classification_Organized\dataset\其他\其他224.jpg,D:\Garbage Classification\Garbage_Classification_Organized\garbage_dataset_20260624_110735\train\其他\其他224.jpg,其他224.jpg,其他224.jpg,558,558,RGB,52329,,success,
2026-06-24 11:07:37,其他,train,D:\Garbage Classification\Garbage_Classification_Organized\dataset\其他\其他_0129.jpg,D:\Garbage Classification\Garbage_Classification_Organized\garbage_dataset_20260624_110735\train\其他\其他_0129.jpg,其他_0129.jpg,其他_0129.jpg,558,558,RGB,53357,,success,
2026-06-24 11:07:37,其他,val,D:\Garbage Classification\Garbage_Classification_Organized\dataset\其他\其他_0162.jpg,D:\Garbage Classification\Garbage_Classification_Organized\garbage_dataset_20260624_110735\val\其他\其他_0162.jpg,其他_0162.jpg,其他_0162.jpg,558,558,RGB,54143,,success,
2026-06-24 11:07:37,其他,val,D:\Garbage Classification\Garbage_Classification_Organized\dataset\其他\其他134.jpg,D:\Garbage Classification\Garbage_Classification_Organized\garbage_dataset_20260624_110735\val\其他\其他134.jpg,其他134.jpg,其他134.jpg,558,558,RGB,52127,,success,
2026-06-24 11:07:37,其他,val,D:\Garbage Classification\Garbage_Classification_Organized\dataset\其他\其他5.jpg,D:\Garbage Classification\Garbage_Classification_Organized\garbage_dataset_20260624_110735\val\其他\其他5.jpg,其他5.jpg,其他5.jpg,1280,720,RGB,67618,,success,
2026-06-24 11:07:37,其他,val,D:\Garbage Classification\Garbage_Classification_Organized\dataset\其他\其他225.jpg,D:\Garbage Classification\Garbage_Classification_Organized\garbage_dataset_20260624_110735\val\其他\其他225.jpg,其他225.jpg,其他225.jpg,558,558,RGB,52121,,success,
2026-06-24 11:07:37,其他,val,D:\Garbage Classification\Garbage_Classification_Organized\dataset\其他\其他209.jpg,D:\Garbage Classification\Garbage_Classification_Organized\garbage_dataset_20260624_110735\val\其他\其他209.jpg,其他209.jpg,其他209.jpg,558,558,RGB,49027,,success,
2026-06-24 11:07:37,其他,val,D:\Garbage Classification\Garbage_Classification_Organized\dataset\其他\其他_0045.jpg,D:\Garbage Classification\Garbage_Classification_Organized\garbage_dataset_20260624_110735\val\其他\其他_0045.jpg,其他_0045.jpg,其他_0045.jpg,558,558,RGB,51337,,success,
2026-06-24 11:07:37,其他,val,D:\Garbage Classification\Garbage_Classification_Organized\dataset\其他\其他70.jpg,D:\Garbage Classification\Garbage_Classification_Organized\garbage_dataset_20260624_110735\val\其他\其他70.jpg,其他70.jpg,其他70.jpg,1280,720,RGB,71275,,success,
2026-06-24 11:07:37,其他,val,D:\Garbage Classification\Garbage_Classification_Organized\dataset\其他\其他_0212.jpg,D:\Garbage Classification\Garbage_Classification_Organized\garbage_dataset_20260624_110735\val\其他\其他_0212.jpg,其他_0212.jpg,其他_0212.jpg,558,558,RGB,56075,,success,
2026-06-24 11:07:37,其他,val,D:\Garbage Classification\Garbage_Classification_Organized\dataset\其他\其他226.jpg,D:\Garbage Classification\Garbage_Classification_Organized\garbage_dataset_20260624_110735\val\其他\其他226.jpg,其他226.jpg,其他226.jpg,558,558,RGB,52644,,success,
2026-06-24 11:07:37,其他,val,D:\Garbage Classification\Garbage_Classification_Organized\dataset\其他\其他_0051.jpg,D:\Garbage Classification\Garbage_Classification_Organized\garbage_dataset_20260624_110735\val\其他\其他_0051.jpg,其他_0051.jpg,其他_0051.jpg,558,558,RGB,50952,,success,
2026-06-24 11:07:37,其他,val,D:\Garbage Classification\Garbage_Classification_Organized\dataset\其他\其他212.jpg,D:\Garbage Classification\Garbage_Classification_Organized\garbage_dataset_20260624_110735\val\其他\其他212.jpg,其他212.jpg,其他212.jpg,558,558,RGB,53245,,success,
2026-06-24 11:07:37,其他,val,D:\Garbage Classification\Garbage_Classification_Organized\dataset\其他\其他218.jpg,D:\Garbage Classification\Garbage_Classification_Organized\garbage_dataset_20260624_110735\val\其他\其他218.jpg,其他218.jpg,其他218.jpg,558,558,RGB,50945,,success,
2026-06-24 11:07:37,其他,val,D:\Garbage Classification\Garbage_Classification_Organized\dataset\其他\其他54.jpg,D:\Garbage Classification\Garbage_Classification_Organized\garbage_dataset_20260624_110735\val\其他\其他54.jpg,其他54.jpg,其他54.jpg,1280,720,RGB,67947,,success,
2026-06-24 11:07:37,其他,val,D:\Garbage Classification\Garbage_Classification_Organized\dataset\其他\其他_0117.jpg,D:\Garbage Classification\Garbage_Classification_Organized\garbage_dataset_20260624_110735\val\其他\其他_0117.jpg,其他_0117.jpg,其他_0117.jpg,558,558,RGB,54572,,success,
2026-06-24 11:07:37,其他,val,D:\Garbage Classification\Garbage_Classification_Organized\dataset\其他\其他172.jpg,D:\Garbage Classification\Garbage_Classification_Organized\garbage_dataset_20260624_110735\val\其他\其他172.jpg,其他172.jpg,其他172.jpg,558,558,RGB,52409,,success,
2026-06-24 11:07:37,其他,val,D:\Garbage Classification\Garbage_Classification_Organized\dataset\其他\其他52.jpg,D:\Garbage Classification\Garbage_Classification_Organized\garbage_dataset_20260624_110735\val\其他\其他52.jpg,其他52.jpg,其他52.jpg,284,170,RGB,10961,,success,
2026-06-24 11:07:37,其他,val,D:\Garbage Classification\Garbage_Classification_Organized\dataset\其他\其他_0166.jpg,D:\Garbage Classification\Garbage_Classification_Organized\garbage_dataset_20260624_110735\val\其他\其他_0166.jpg,其他_0166.jpg,其他_0166.jpg,558,558,RGB,56284,,success,
2026-06-24 11:07:37,其他,val,D:\Garbage Classification\Garbage_Classification_Organized\dataset\其他\其他43.jpg,D:\Garbage Classification\Garbage_Classification_Organized\garbage_dataset_20260624_110735\val\其他\其他43.jpg,其他43.jpg,其他43.jpg,1280,720,RGB,73554,,success,
2026-06-24 11:07:37,其他,val,D:\Garbage Classification\Garbage_Classification_Organized\dataset\其他\其他8.jpg,D:\Garbage Classification\Garbage_Classification_Organized\garbage_dataset_20260624_110735\val\其他\其他8.jpg,其他8.jpg,其他8.jpg,1280,720,RGB,68655,,success,
2026-06-24 11:07:37,其他,val,D:\Garbage Classification\Garbage_Classification_Organized\dataset\其他\其他_0038.jpg,D:\Garbage Classification\Garbage_Classification_Organized\garbage_dataset_20260624_110735\val\其他\其他_0038.jpg,其他_0038.jpg,其他_0038.jpg,558,558,RGB,55706,,success,
2026-06-24 11:07:37,其他,val,D:\Garbage Classification\Garbage_Classification_Organized\dataset\其他\其他_0152.jpg,D:\Garbage Classification\Garbage_Classification_Organized\garbage_dataset_20260624_110735\val\其他\其他_0152.jpg,其他_0152.jpg,其他_0152.jpg,558,558,RGB,53946,,success,
2026-06-24 11:07:37,其他,val,D:\Garbage Classification\Garbage_Classification_Organized\dataset\其他\其他245.jpg,D:\Garbage Classification\Garbage_Classification_Organized\garbage_dataset_20260624_110735\val\其他\其他245.jpg,其他245.jpg,其他245.jpg,1530,1361,RGB,322392,,success,
2026-06-24 11:07:37,其他,val,D:\Garbage Classification\Garbage_Classification_Organized\dataset\其他\其他_0028.jpg,D:\Garbage Classification\Garbage_Classification_Organized\garbage_dataset_20260624_110735\val\其他\其他_0028.jpg,其他_0028.jpg,其他_0028.jpg,558,558,RGB,59519,,success,
2026-06-24 11:07:37,其他,val,D:\Garbage Classification\Garbage_Classification_Organized\dataset\其他\其他_0007.jpg,D:\Garbage Classification\Garbage_Classification_Organized\garbage_dataset_20260624_110735\val\其他\其他_0007.jpg,其他_0007.jpg,其他_0007.jpg,558,558,RGB,53950,,success,
2026-06-24 11:07:37,其他,val,D:\Garbage Classification\Garbage_Classification_Organized\dataset\其他\其他91.jpg,D:\Garbage Classification\Garbage_Classification_Organized\garbage_dataset_20260624_110735\val\其他\其他91.jpg,其他91.jpg,其他91.jpg,558,558,RGB,50708,,success,
2026-06-24 11:07:37,其他,val,D:\Garbage Classification\Garbage_Classification_Organized\dataset\其他\其他_0187.jpg,D:\Garbage Classification\Garbage_Classification_Organized\garbage_dataset_20260624_110735\val\其他\其他_0187.jpg,其他_0187.jpg,其他_0187.jpg,558,558,RGB,52470,,success,
2026-06-24 11:07:37,其他,val,D:\Garbage Classification\Garbage_Classification_Organized\dataset\其他\其他_0091.jpg,D:\Garbage Classification\Garbage_Classification_Organized\garbage_dataset_20260624_110735\val\其他\其他_0091.jpg,其他_0091.jpg,其他_0091.jpg,558,558,RGB,52880,,success,
2026-06-24 11:07:37,其他,val,D:\Garbage Classification\Garbage_Classification_Organized\dataset\其他\其他160.jpg,D:\Garbage Classification\Garbage_Classification_Organized\garbage_dataset_20260624_110735\val\其他\其他160.jpg,其他160.jpg,其他160.jpg,558,558,RGB,49186,,success,
2026-06-24 11:07:37,其他,val,D:\Garbage Classification\Garbage_Classification_Organized\dataset\其他\其他_0207.jpg,D:\Garbage Classification\Garbage_Classification_Organized\garbage_dataset_20260624_110735\val\其他\其他_0207.jpg,其他_0207.jpg,其他_0207.jpg,558,558,RGB,54022,,success,
2026-06-24 11:07:37,其他,val,D:\Garbage Classification\Garbage_Classification_Organized\dataset\其他\其他155.jpg,D:\Garbage Classification\Garbage_Classification_Organized\garbage_dataset_20260624_110735\val\其他\其他155.jpg,其他155.jpg,其他155.jpg,558,558,RGB,50152,,success,
2026-06-24 11:07:37,其他,val,D:\Garbage Classification\Garbage_Classification_Organized\dataset\其他\其他213.jpg,D:\Garbage Classification\Garbage_Classification_Organized\garbage_dataset_20260624_110735\val\其他\其他213.jpg,其他213.jpg,其他213.jpg,558,558,RGB,52704,,success,
2026-06-24 11:07:37,其他,val,D:\Garbage Classification\Garbage_Classification_Organized\dataset\其他\其他_0006.jpg,D:\Garbage Classification\Garbage_Classification_Organized\garbage_dataset_20260624_110735\val\其他\其他_0006.jpg,其他_0006.jpg,其他_0006.jpg,558,558,RGB,53768,,success,
2026-06-24 11:07:37,其他,val,D:\Garbage Classification\Garbage_Classification_Organized\dataset\其他\其他121.jpg,D:\Garbage Classification\Garbage_Classification_Organized\garbage_dataset_20260624_110735\val\其他\其他121.jpg,其他121.jpg,其他121.jpg,558,558,RGB,48832,,success,
2026-06-24 11:07:37,其他,val,D:\Garbage Classification\Garbage_Classification_Organized\dataset\其他\其他60.jpg,D:\Garbage Classification\Garbage_Classification_Organized\garbage_dataset_20260624_110735\val\其他\其他60.jpg,其他60.jpg,其他60.jpg,1280,720,RGB,68899,,success,
2026-06-24 11:07:37,其他,val,D:\Garbage Classification\Garbage_Classification_Organized\dataset\其他\其他86.jpg,D:\Garbage Classification\Garbage_Classification_Organized\garbage_dataset_20260624_110735\val\其他\其他86.jpg,其他86.jpg,其他86.jpg,558,558,RGB,50631,,success,
2026-06-24 11:07:37,其他,val,D:\Garbage Classification\Garbage_Classification_Organized\dataset\其他\其他_0108.jpg,D:\Garbage Classification\Garbage_Classification_Organized\garbage_dataset_20260624_110735\val\其他\其他_0108.jpg,其他_0108.jpg,其他_0108.jpg,558,558,RGB,50654,,success,
2026-06-24 11:07:37,其他,val,D:\Garbage Classification\Garbage_Classification_Organized\dataset\其他\其他180.jpg,D:\Garbage Classification\Garbage_Classification_Organized\garbage_dataset_20260624_110735\val\其他\其他180.jpg,其他180.jpg,其他180.jpg,297,249,RGB,14402,,success,
2026-06-24 11:07:37,其他,val,D:\Garbage Classification\Garbage_Classification_Organized\dataset\其他\其他20.jpg,D:\Garbage Classification\Garbage_Classification_Organized\garbage_dataset_20260624_110735\val\其他\其他20.jpg,其他20.jpg,其他20.jpg,294,202,RGB,11761,,success,
2026-06-24 11:07:37,其他,val,D:\Garbage Classification\Garbage_Classification_Organized\dataset\其他\其他42.jpg,D:\Garbage Classification\Garbage_Classification_Organized\garbage_dataset_20260624_110735\val\其他\其他42.jpg,其他42.jpg,其他42.jpg,1280,720,RGB,74071,,success,
2026-06-24 11:07:37,其他,val,D:\Garbage Classification\Garbage_Classification_Organized\dataset\其他\其他148.jpg,D:\Garbage Classification\Garbage_Classification_Organized\garbage_dataset_20260624_110735\val\其他\其他148.jpg,其他148.jpg,其他148.jpg,558,558,RGB,49977,,success,
2026-06-24 11:07:37,其他,val,D:\Garbage Classification\Garbage_Classification_Organized\dataset\其他\其他100.jpg,D:\Garbage Classification\Garbage_Classification_Organized\garbage_dataset_20260624_110735\val\其他\其他100.jpg,其他100.jpg,其他100.jpg,558,558,RGB,52571,,success,
2026-06-24 11:07:37,其他,val,D:\Garbage Classification\Garbage_Classification_Organized\dataset\其他\其他_0083.jpg,D:\Garbage Classification\Garbage_Classification_Organized\garbage_dataset_20260624_110735\val\其他\其他_0083.jpg,其他_0083.jpg,其他_0083.jpg,558,558,RGB,50950,,success,
2026-06-24 11:07:37,其他,val,D:\Garbage Classification\Garbage_Classification_Organized\dataset\其他\其他_0211.jpg,D:\Garbage Classification\Garbage_Classification_Organized\garbage_dataset_20260624_110735\val\其他\其他_0211.jpg,其他_0211.jpg,其他_0211.jpg,558,558,RGB,56676,,success,
2026-06-24 11:07:37,其他,val,D:\Garbage Classification\Garbage_Classification_Organized\dataset\其他\其他_0121.jpg,D:\Garbage Classification\Garbage_Classification_Organized\garbage_dataset_20260624_110735\val\其他\其他_0121.jpg,其他_0121.jpg,其他_0121.jpg,558,558,RGB,53778,,success,
2026-06-24 11:07:37,其他,val,D:\Garbage Classification\Garbage_Classification_Organized\dataset\其他\其他210.jpg,D:\Garbage Classification\Garbage_Classification_Organized\garbage_dataset_20260624_110735\val\其他\其他210.jpg,其他210.jpg,其他210.jpg,558,558,RGB,51543,,success,
2026-06-24 11:07:37,其他,val,D:\Garbage Classification\Garbage_Classification_Organized\dataset\其他\其他30.jpg,D:\Garbage Classification\Garbage_Classification_Organized\garbage_dataset_20260624_110735\val\其他\其他30.jpg,其他30.jpg,其他30.jpg,1280,720,RGB,71126,,success,
2026-06-24 11:07:37,其他,val,D:\Garbage Classification\Garbage_Classification_Organized\dataset\其他\其他75.jpg,D:\Garbage Classification\Garbage_Classification_Organized\garbage_dataset_20260624_110735\val\其他\其他75.jpg,其他75.jpg,其他75.jpg,1280,720,RGB,70374,,success,
2026-06-24 11:07:37,其他,val,D:\Garbage Classification\Garbage_Classification_Organized\dataset\其他\其他276.jpg,D:\Garbage Classification\Garbage_Classification_Organized\garbage_dataset_20260624_110735\val\其他\其他276.jpg,其他276.jpg,其他276.jpg,1280,720,RGB,67834,,success,
2026-06-24 11:07:37,其他,val,D:\Garbage Classification\Garbage_Classification_Organized\dataset\其他\其他_0183.jpg,D:\Garbage Classification\Garbage_Classification_Organized\garbage_dataset_20260624_110735\val\其他\其他_0183.jpg,其他_0183.jpg,其他_0183.jpg,558,558,RGB,54668,,success,
2026-06-24 11:07:37,其他,val,D:\Garbage Classification\Garbage_Classification_Organized\dataset\其他\其他_0102.jpg,D:\Garbage Classification\Garbage_Classification_Organized\garbage_dataset_20260624_110735\val\其他\其他_0102.jpg,其他_0102.jpg,其他_0102.jpg,558,558,RGB,50590,,success,
2026-06-24 11:07:37,其他,val,D:\Garbage Classification\Garbage_Classification_Organized\dataset\其他\其他189.jpg,D:\Garbage Classification\Garbage_Classification_Organized\garbage_dataset_20260624_110735\val\其他\其他189.jpg,其他189.jpg,其他189.jpg,558,558,RGB,54284,,success,
2026-06-24 11:07:37,其他,val,D:\Garbage Classification\Garbage_Classification_Organized\dataset\其他\其他_0015.jpg,D:\Garbage Classification\Garbage_Classification_Organized\garbage_dataset_20260624_110735\val\其他\其他_0015.jpg,其他_0015.jpg,其他_0015.jpg,558,558,RGB,53019,,success,
2026-06-24 11:07:37,其他,val,D:\Garbage Classification\Garbage_Classification_Organized\dataset\其他\其他_0047.jpg,D:\Garbage Classification\Garbage_Classification_Organized\garbage_dataset_20260624_110735\val\其他\其他_0047.jpg,其他_0047.jpg,其他_0047.jpg,558,558,RGB,52647,,success,
2026-06-24 11:07:37,其他,val,D:\Garbage Classification\Garbage_Classification_Organized\dataset\其他\其他38.jpg,D:\Garbage Classification\Garbage_Classification_Organized\garbage_dataset_20260624_110735\val\其他\其他38.jpg,其他38.jpg,其他38.jpg,1280,720,RGB,73117,,success,
2026-06-24 11:07:37,其他,val,D:\Garbage Classification\Garbage_Classification_Organized\dataset\其他\其他57.jpg,D:\Garbage Classification\Garbage_Classification_Organized\garbage_dataset_20260624_110735\val\其他\其他57.jpg,其他57.jpg,其他57.jpg,1280,720,RGB,76537,,success,
2026-06-24 11:07:37,其他,val,D:\Garbage Classification\Garbage_Classification_Organized\dataset\其他\其他132.jpg,D:\Garbage Classification\Garbage_Classification_Organized\garbage_dataset_20260624_110735\val\其他\其他132.jpg,其他132.jpg,其他132.jpg,558,558,RGB,53029,,success,
2026-06-24 11:07:37,其他,val,D:\Garbage Classification\Garbage_Classification_Organized\dataset\其他\其他_0037.jpg,D:\Garbage Classification\Garbage_Classification_Organized\garbage_dataset_20260624_110735\val\其他\其他_0037.jpg,其他_0037.jpg,其他_0037.jpg,558,558,RGB,55511,,success,
2026-06-24 11:07:37,其他,val,D:\Garbage Classification\Garbage_Classification_Organized\dataset\其他\其他66.jpg,D:\Garbage Classification\Garbage_Classification_Organized\garbage_dataset_20260624_110735\val\其他\其他66.jpg,其他66.jpg,其他66.jpg,1280,720,RGB,73387,,success,
2026-06-24 11:07:37,其他,val,D:\Garbage Classification\Garbage_Classification_Organized\dataset\其他\其他211.jpg,D:\Garbage Classification\Garbage_Classification_Organized\garbage_dataset_20260624_110735\val\其他\其他211.jpg,其他211.jpg,其他211.jpg,558,558,RGB,51365,,success,
2026-06-24 11:07:37,其他,val,D:\Garbage Classification\Garbage_Classification_Organized\dataset\其他\其他12.jpg,D:\Garbage Classification\Garbage_Classification_Organized\garbage_dataset_20260624_110735\val\其他\其他12.jpg,其他12.jpg,其他12.jpg,1280,720,RGB,73995,,success,
2026-06-24 11:07:37,其他,val,D:\Garbage Classification\Garbage_Classification_Organized\dataset\其他\其他11.jpg,D:\Garbage Classification\Garbage_Classification_Organized\garbage_dataset_20260624_110735\val\其他\其他11.jpg,其他11.jpg,其他11.jpg,1280,720,RGB,67594,,success,
2026-06-24 11:07:37,其他,val,D:\Garbage Classification\Garbage_Classification_Organized\dataset\其他\其他167.jpg,D:\Garbage Classification\Garbage_Classification_Organized\garbage_dataset_20260624_110735\val\其他\其他167.jpg,其他167.jpg,其他167.jpg,558,558,RGB,50765,,success,
2026-06-24 11:07:37,其他,val,D:\Garbage Classification\Garbage_Classification_Organized\dataset\其他\其他190.jpg,D:\Garbage Classification\Garbage_Classification_Organized\garbage_dataset_20260624_110735\val\其他\其他190.jpg,其他190.jpg,其他190.jpg,558,558,RGB,54380,,success,
2026-06-24 11:07:37,其他,val,D:\Garbage Classification\Garbage_Classification_Organized\dataset\其他\其他202.jpg,D:\Garbage Classification\Garbage_Classification_Organized\garbage_dataset_20260624_110735\val\其他\其他202.jpg,其他202.jpg,其他202.jpg,293,229,RGB,15079,,success,
2026-06-24 11:07:37,其他,val,D:\Garbage Classification\Garbage_Classification_Organized\dataset\其他\其他_0188.jpg,D:\Garbage Classification\Garbage_Classification_Organized\garbage_dataset_20260624_110735\val\其他\其他_0188.jpg,其他_0188.jpg,其他_0188.jpg,558,558,RGB,52109,,success,
2026-06-24 11:07:37,其他,val,D:\Garbage Classification\Garbage_Classification_Organized\dataset\其他\其他_0071.jpg,D:\Garbage Classification\Garbage_Classification_Organized\garbage_dataset_20260624_110735\val\其他\其他_0071.jpg,其他_0071.jpg,其他_0071.jpg,558,558,RGB,52023,,success,
2026-06-24 11:07:37,其他,val,D:\Garbage Classification\Garbage_Classification_Organized\dataset\其他\其他207.jpg,D:\Garbage Classification\Garbage_Classification_Organized\garbage_dataset_20260624_110735\val\其他\其他207.jpg,其他207.jpg,其他207.jpg,558,558,RGB,52736,,success,
2026-06-24 11:07:37,其他,val,D:\Garbage Classification\Garbage_Classification_Organized\dataset\其他\其他_0119.jpg,D:\Garbage Classification\Garbage_Classification_Organized\garbage_dataset_20260624_110735\val\其他\其他_0119.jpg,其他_0119.jpg,其他_0119.jpg,558,558,RGB,52256,,success,
2026-06-24 11:07:37,其他,val,D:\Garbage Classification\Garbage_Classification_Organized\dataset\其他\其他141.jpg,D:\Garbage Classification\Garbage_Classification_Organized\garbage_dataset_20260624_110735\val\其他\其他141.jpg,其他141.jpg,其他141.jpg,558,558,RGB,52535,,success,
2026-06-24 11:07:37,其他,test,D:\Garbage Classification\Garbage_Classification_Organized\dataset\其他\其他253.jpg,D:\Garbage Classification\Garbage_Classification_Organized\garbage_dataset_20260624_110735\test\其他\其他253.jpg,其他253.jpg,其他253.jpg,1971,1241,RGB,378111,,success,
2026-06-24 11:07:37,其他,test,D:\Garbage Classification\Garbage_Classification_Organized\dataset\其他\其他_0042.jpg,D:\Garbage Classification\Garbage_Classification_Organized\garbage_dataset_20260624_110735\test\其他\其他_0042.jpg,其他_0042.jpg,其他_0042.jpg,558,558,RGB,48662,,success,
2026-06-24 11:07:37,其他,test,D:\Garbage Classification\Garbage_Classification_Organized\dataset\其他\其他_0049.jpg,D:\Garbage Classification\Garbage_Classification_Organized\garbage_dataset_20260624_110735\test\其他\其他_0049.jpg,其他_0049.jpg,其他_0049.jpg,558,558,RGB,51823,,success,
2026-06-24 11:07:37,其他,test,D:\Garbage Classification\Garbage_Classification_Organized\dataset\其他\其他_0194.jpg,D:\Garbage Classification\Garbage_Classification_Organized\garbage_dataset_20260624_110735\test\其他\其他_0194.jpg,其他_0194.jpg,其他_0194.jpg,558,558,RGB,55069,,success,
2026-06-24 11:07:37,其他,test,D:\Garbage Classification\Garbage_Classification_Organized\dataset\其他\其他84.jpg,D:\Garbage Classification\Garbage_Classification_Organized\garbage_dataset_20260624_110735\test\其他\其他84.jpg,其他84.jpg,其他84.jpg,1280,720,RGB,69696,,success,
2026-06-24 11:07:37,其他,test,D:\Garbage Classification\Garbage_Classification_Organized\dataset\其他\其他23.jpg,D:\Garbage Classification\Garbage_Classification_Organized\garbage_dataset_20260624_110735\test\其他\其他23.jpg,其他23.jpg,其他23.jpg,1280,720,RGB,67549,,success,
2026-06-24 11:07:37,其他,test,D:\Garbage Classification\Garbage_Classification_Organized\dataset\其他\其他138.jpg,D:\Garbage Classification\Garbage_Classification_Organized\garbage_dataset_20260624_110735\test\其他\其他138.jpg,其他138.jpg,其他138.jpg,302,210,RGB,11252,,success,
2026-06-24 11:07:37,其他,test,D:\Garbage Classification\Garbage_Classification_Organized\dataset\其他\其他_0062.jpg,D:\Garbage Classification\Garbage_Classification_Organized\garbage_dataset_20260624_110735\test\其他\其他_0062.jpg,其他_0062.jpg,其他_0062.jpg,558,558,RGB,54233,,success,
2026-06-24 11:07:37,其他,test,D:\Garbage Classification\Garbage_Classification_Organized\dataset\其他\其他177.jpg,D:\Garbage Classification\Garbage_Classification_Organized\garbage_dataset_20260624_110735\test\其他\其他177.jpg,其他177.jpg,其他177.jpg,558,558,RGB,55864,,success,
2026-06-24 11:07:37,其他,test,D:\Garbage Classification\Garbage_Classification_Organized\dataset\其他\其他_0111.jpg,D:\Garbage Classification\Garbage_Classification_Organized\garbage_dataset_20260624_110735\test\其他\其他_0111.jpg,其他_0111.jpg,其他_0111.jpg,558,558,RGB,53457,,success,
2026-06-24 11:07:37,其他,test,D:\Garbage Classification\Garbage_Classification_Organized\dataset\其他\其他65.jpg,D:\Garbage Classification\Garbage_Classification_Organized\garbage_dataset_20260624_110735\test\其他\其他65.jpg,其他65.jpg,其他65.jpg,1280,720,RGB,71801,,success,
2026-06-24 11:07:37,其他,test,D:\Garbage Classification\Garbage_Classification_Organized\dataset\其他\其他82.jpg,D:\Garbage Classification\Garbage_Classification_Organized\garbage_dataset_20260624_110735\test\其他\其他82.jpg,其他82.jpg,其他82.jpg,1280,720,RGB,69795,,success,
2026-06-24 11:07:37,其他,test,D:\Garbage Classification\Garbage_Classification_Organized\dataset\其他\其他198.jpg,D:\Garbage Classification\Garbage_Classification_Organized\garbage_dataset_20260624_110735\test\其他\其他198.jpg,其他198.jpg,其他198.jpg,558,558,RGB,53398,,success,
2026-06-24 11:07:37,其他,test,D:\Garbage Classification\Garbage_Classification_Organized\dataset\其他\其他_0073.jpg,D:\Garbage Classification\Garbage_Classification_Organized\garbage_dataset_20260624_110735\test\其他\其他_0073.jpg,其他_0073.jpg,其他_0073.jpg,558,558,RGB,50683,,success,
2026-06-24 11:07:37,其他,test,D:\Garbage Classification\Garbage_Classification_Organized\dataset\其他\其他_0153.jpg,D:\Garbage Classification\Garbage_Classification_Organized\garbage_dataset_20260624_110735\test\其他\其他_0153.jpg,其他_0153.jpg,其他_0153.jpg,558,558,RGB,51152,,success,
2026-06-24 11:07:37,其他,test,D:\Garbage Classification\Garbage_Classification_Organized\dataset\其他\其他50.jpg,D:\Garbage Classification\Garbage_Classification_Organized\garbage_dataset_20260624_110735\test\其他\其他50.jpg,其他50.jpg,其他50.jpg,1280,720,RGB,77268,,success,
2026-06-24 11:07:37,其他,test,D:\Garbage Classification\Garbage_Classification_Organized\dataset\其他\其他61.jpg,D:\Garbage Classification\Garbage_Classification_Organized\garbage_dataset_20260624_110735\test\其他\其他61.jpg,其他61.jpg,其他61.jpg,1280,720,RGB,68600,,success,
2026-06-24 11:07:37,其他,test,D:\Garbage Classification\Garbage_Classification_Organized\dataset\其他\其他247.jpg,D:\Garbage Classification\Garbage_Classification_Organized\garbage_dataset_20260624_110735\test\其他\其他247.jpg,其他247.jpg,其他247.jpg,2180,1321,RGB,387434,,success,
2026-06-24 11:07:37,其他,test,D:\Garbage Classification\Garbage_Classification_Organized\dataset\其他\其他_0060.jpg,D:\Garbage Classification\Garbage_Classification_Organized\garbage_dataset_20260624_110735\test\其他\其他_0060.jpg,其他_0060.jpg,其他_0060.jpg,558,558,RGB,56532,,success,
2026-06-24 11:07:37,其他,test,D:\Garbage Classification\Garbage_Classification_Organized\dataset\其他\其他_0034.jpg,D:\Garbage Classification\Garbage_Classification_Organized\garbage_dataset_20260624_110735\test\其他\其他_0034.jpg,其他_0034.jpg,其他_0034.jpg,558,558,RGB,52773,,success,
2026-06-24 11:07:37,其他,test,D:\Garbage Classification\Garbage_Classification_Organized\dataset\其他\其他_0017.jpg,D:\Garbage Classification\Garbage_Classification_Organized\garbage_dataset_20260624_110735\test\其他\其他_0017.jpg,其他_0017.jpg,其他_0017.jpg,558,558,RGB,51554,,success,
2026-06-24 11:07:37,其他,test,D:\Garbage Classification\Garbage_Classification_Organized\dataset\其他\其他_0145.jpg,D:\Garbage Classification\Garbage_Classification_Organized\garbage_dataset_20260624_110735\test\其他\其他_0145.jpg,其他_0145.jpg,其他_0145.jpg,558,558,RGB,51944,,success,
2026-06-24 11:07:37,其他,test,D:\Garbage Classification\Garbage_Classification_Organized\dataset\其他\其他_0202.jpg,D:\Garbage Classification\Garbage_Classification_Organized\garbage_dataset_20260624_110735\test\其他\其他_0202.jpg,其他_0202.jpg,其他_0202.jpg,558,558,RGB,57310,,success,
2026-06-24 11:07:37,其他,test,D:\Garbage Classification\Garbage_Classification_Organized\dataset\其他\其他196.jpg,D:\Garbage Classification\Garbage_Classification_Organized\garbage_dataset_20260624_110735\test\其他\其他196.jpg,其他196.jpg,其他196.jpg,558,558,RGB,51551,,success,
2026-06-24 11:07:37,其他,test,D:\Garbage Classification\Garbage_Classification_Organized\dataset\其他\其他230.jpg,D:\Garbage Classification\Garbage_Classification_Organized\garbage_dataset_20260624_110735\test\其他\其他230.jpg,其他230.jpg,其他230.jpg,558,558,RGB,53008,,success,
2026-06-24 11:07:37,其他,test,D:\Garbage Classification\Garbage_Classification_Organized\dataset\其他\其他239.jpg,D:\Garbage Classification\Garbage_Classification_Organized\garbage_dataset_20260624_110735\test\其他\其他239.jpg,其他239.jpg,其他239.jpg,2550,2240,RGB,760130,,success,
2026-06-24 11:07:37,其他,test,D:\Garbage Classification\Garbage_Classification_Organized\dataset\其他\其他_0213.jpg,D:\Garbage Classification\Garbage_Classification_Organized\garbage_dataset_20260624_110735\test\其他\其他_0213.jpg,其他_0213.jpg,其他_0213.jpg,558,558,RGB,56340,,success,
2026-06-24 11:07:37,其他,test,D:\Garbage Classification\Garbage_Classification_Organized\dataset\其他\其他_0001.jpg,D:\Garbage Classification\Garbage_Classification_Organized\garbage_dataset_20260624_110735\test\其他\其他_0001.jpg,其他_0001.jpg,其他_0001.jpg,558,558,RGB,52313,,success,
2026-06-24 11:07:37,其他,test,D:\Garbage Classification\Garbage_Classification_Organized\dataset\其他\其他33.jpg,D:\Garbage Classification\Garbage_Classification_Organized\garbage_dataset_20260624_110735\test\其他\其他33.jpg,其他33.jpg,其他33.jpg,1280,720,RGB,67625,,success,
2026-06-24 11:07:37,其他,test,D:\Garbage Classification\Garbage_Classification_Organized\dataset\其他\其他238.jpg,D:\Garbage Classification\Garbage_Classification_Organized\garbage_dataset_20260624_110735\test\其他\其他238.jpg,其他238.jpg,其他238.jpg,304,207,RGB,13889,,success,
2026-06-24 11:07:37,其他,test,D:\Garbage Classification\Garbage_Classification_Organized\dataset\其他\其他_0012.jpg,D:\Garbage Classification\Garbage_Classification_Organized\garbage_dataset_20260624_110735\test\其他\其他_0012.jpg,其他_0012.jpg,其他_0012.jpg,558,558,RGB,52108,,success,
2026-06-24 11:07:37,其他,test,D:\Garbage Classification\Garbage_Classification_Organized\dataset\其他\其他_0040.jpg,D:\Garbage Classification\Garbage_Classification_Organized\garbage_dataset_20260624_110735\test\其他\其他_0040.jpg,其他_0040.jpg,其他_0040.jpg,558,558,RGB,48934,,success,
2026-06-24 11:07:37,其他,test,D:\Garbage Classification\Garbage_Classification_Organized\dataset\其他\其他18.jpg,D:\Garbage Classification\Garbage_Classification_Organized\garbage_dataset_20260624_110735\test\其他\其他18.jpg,其他18.jpg,其他18.jpg,1280,720,RGB,68116,,success,
2026-06-24 11:07:37,其他,test,D:\Garbage Classification\Garbage_Classification_Organized\dataset\其他\其他_0118.jpg,D:\Garbage Classification\Garbage_Classification_Organized\garbage_dataset_20260624_110735\test\其他\其他_0118.jpg,其他_0118.jpg,其他_0118.jpg,558,558,RGB,52329,,success,
2026-06-24 11:07:37,其他,test,D:\Garbage Classification\Garbage_Classification_Organized\dataset\其他\其他_0074.jpg,D:\Garbage Classification\Garbage_Classification_Organized\garbage_dataset_20260624_110735\test\其他\其他_0074.jpg,其他_0074.jpg,其他_0074.jpg,558,558,RGB,49778,,success,
2026-06-24 11:07:37,其他,test,D:\Garbage Classification\Garbage_Classification_Organized\dataset\其他\其他274.jpg,D:\Garbage Classification\Garbage_Classification_Organized\garbage_dataset_20260624_110735\test\其他\其他274.jpg,其他274.jpg,其他274.jpg,1280,720,RGB,73669,,success,
2026-06-24 11:07:37,其他,test,D:\Garbage Classification\Garbage_Classification_Organized\dataset\其他\其他_0199.jpg,D:\Garbage Classification\Garbage_Classification_Organized\garbage_dataset_20260624_110735\test\其他\其他_0199.jpg,其他_0199.jpg,其他_0199.jpg,558,558,RGB,55609,,success,
2026-06-24 11:07:37,其他,test,D:\Garbage Classification\Garbage_Classification_Organized\dataset\其他\其他40.jpg,D:\Garbage Classification\Garbage_Classification_Organized\garbage_dataset_20260624_110735\test\其他\其他40.jpg,其他40.jpg,其他40.jpg,1280,720,RGB,71551,,success,
2026-06-24 11:07:37,其他,test,D:\Garbage Classification\Garbage_Classification_Organized\dataset\其他\其他188.jpg,D:\Garbage Classification\Garbage_Classification_Organized\garbage_dataset_20260624_110735\test\其他\其他188.jpg,其他188.jpg,其他188.jpg,558,558,RGB,52051,,success,
2026-06-24 11:07:37,其他,test,D:\Garbage Classification\Garbage_Classification_Organized\dataset\其他\其他158.jpg,D:\Garbage Classification\Garbage_Classification_Organized\garbage_dataset_20260624_110735\test\其他\其他158.jpg,其他158.jpg,其他158.jpg,558,558,RGB,49866,,success,
2026-06-24 11:07:37,其他,test,D:\Garbage Classification\Garbage_Classification_Organized\dataset\其他\其他_0004.jpg,D:\Garbage Classification\Garbage_Classification_Organized\garbage_dataset_20260624_110735\test\其他\其他_0004.jpg,其他_0004.jpg,其他_0004.jpg,558,558,RGB,52081,,success,
2026-06-24 11:07:37,其他,test,D:\Garbage Classification\Garbage_Classification_Organized\dataset\其他\其他235.jpg,D:\Garbage Classification\Garbage_Classification_Organized\garbage_dataset_20260624_110735\test\其他\其他235.jpg,其他235.jpg,其他235.jpg,2426,2550,RGB,922556,,success,
2026-06-24 11:07:37,其他,test,D:\Garbage Classification\Garbage_Classification_Organized\dataset\其他\其他_0088.jpg,D:\Garbage Classification\Garbage_Classification_Organized\garbage_dataset_20260624_110735\test\其他\其他_0088.jpg,其他_0088.jpg,其他_0088.jpg,558,558,RGB,51870,,success,
2026-06-24 11:07:37,其他,test,D:\Garbage Classification\Garbage_Classification_Organized\dataset\其他\其他32.jpg,D:\Garbage Classification\Garbage_Classification_Organized\garbage_dataset_20260624_110735\test\其他\其他32.jpg,其他32.jpg,其他32.jpg,1280,720,RGB,67667,,success,
2026-06-24 11:07:37,其他,test,D:\Garbage Classification\Garbage_Classification_Organized\dataset\其他\其他25.jpg,D:\Garbage Classification\Garbage_Classification_Organized\garbage_dataset_20260624_110735\test\其他\其他25.jpg,其他25.jpg,其他25.jpg,1280,720,RGB,69007,,success,
2026-06-24 11:07:37,其他,test,D:\Garbage Classification\Garbage_Classification_Organized\dataset\其他\其他35.jpg,D:\Garbage Classification\Garbage_Classification_Organized\garbage_dataset_20260624_110735\test\其他\其他35.jpg,其他35.jpg,其他35.jpg,303,118,RGB,9759,,success,
2026-06-24 11:07:37,其他,test,D:\Garbage Classification\Garbage_Classification_Organized\dataset\其他\其他_0067.jpg,D:\Garbage Classification\Garbage_Classification_Organized\garbage_dataset_20260624_110735\test\其他\其他_0067.jpg,其他_0067.jpg,其他_0067.jpg,558,558,RGB,53537,,success,
2026-06-24 11:07:37,其他,test,D:\Garbage Classification\Garbage_Classification_Organized\dataset\其他\其他241.jpg,D:\Garbage Classification\Garbage_Classification_Organized\garbage_dataset_20260624_110735\test\其他\其他241.jpg,其他241.jpg,其他241.jpg,2666,1890,RGB,784779,,success,
2026-06-24 11:07:37,其他,test,D:\Garbage Classification\Garbage_Classification_Organized\dataset\其他\其他80.jpg,D:\Garbage Classification\Garbage_Classification_Organized\garbage_dataset_20260624_110735\test\其他\其他80.jpg,其他80.jpg,其他80.jpg,1280,720,RGB,69149,,success,
2026-06-24 11:07:37,其他,test,D:\Garbage Classification\Garbage_Classification_Organized\dataset\其他\其他237.jpg,D:\Garbage Classification\Garbage_Classification_Organized\garbage_dataset_20260624_110735\test\其他\其他237.jpg,其他237.jpg,其他237.jpg,2099,2846,RGB,942258,,success,
2026-06-24 11:07:37,其他,test,D:\Garbage Classification\Garbage_Classification_Organized\dataset\其他\其他_0208.jpg,D:\Garbage Classification\Garbage_Classification_Organized\garbage_dataset_20260624_110735\test\其他\其他_0208.jpg,其他_0208.jpg,其他_0208.jpg,558,558,RGB,54162,,success,
2026-06-24 11:07:37,其他,test,D:\Garbage Classification\Garbage_Classification_Organized\dataset\其他\其他156.jpg,D:\Garbage Classification\Garbage_Classification_Organized\garbage_dataset_20260624_110735\test\其他\其他156.jpg,其他156.jpg,其他156.jpg,558,558,RGB,51089,,success,
2026-06-24 11:07:37,其他,test,D:\Garbage Classification\Garbage_Classification_Organized\dataset\其他\其他_0181.jpg,D:\Garbage Classification\Garbage_Classification_Organized\garbage_dataset_20260624_110735\test\其他\其他_0181.jpg,其他_0181.jpg,其他_0181.jpg,558,558,RGB,51669,,success,
2026-06-24 11:07:37,其他,test,D:\Garbage Classification\Garbage_Classification_Organized\dataset\其他\其他_0065.jpg,D:\Garbage Classification\Garbage_Classification_Organized\garbage_dataset_20260624_110735\test\其他\其他_0065.jpg,其他_0065.jpg,其他_0065.jpg,558,558,RGB,54249,,success,
2026-06-24 11:07:37,其他,test,D:\Garbage Classification\Garbage_Classification_Organized\dataset\其他\其他243.jpg,D:\Garbage Classification\Garbage_Classification_Organized\garbage_dataset_20260624_110735\test\其他\其他243.jpg,其他243.jpg,其他243.jpg,2589,1809,RGB,718800,,success,
2026-06-24 11:07:37,其他,test,D:\Garbage Classification\Garbage_Classification_Organized\dataset\其他\其他_0044.jpg,D:\Garbage Classification\Garbage_Classification_Organized\garbage_dataset_20260624_110735\test\其他\其他_0044.jpg,其他_0044.jpg,其他_0044.jpg,558,558,RGB,50346,,success,
2026-06-24 11:07:37,其他,test,D:\Garbage Classification\Garbage_Classification_Organized\dataset\其他\其他251.jpg,D:\Garbage Classification\Garbage_Classification_Organized\garbage_dataset_20260624_110735\test\其他\其他251.jpg,其他251.jpg,其他251.jpg,1266,2074,RGB,496335,,success,
2026-06-24 11:07:37,其他,test,D:\Garbage Classification\Garbage_Classification_Organized\dataset\其他\其他_0066.jpg,D:\Garbage Classification\Garbage_Classification_Organized\garbage_dataset_20260624_110735\test\其他\其他_0066.jpg,其他_0066.jpg,其他_0066.jpg,558,558,RGB,54051,,success,
2026-06-24 11:07:37,其他,test,D:\Garbage Classification\Garbage_Classification_Organized\dataset\其他\其他130.jpg,D:\Garbage Classification\Garbage_Classification_Organized\garbage_dataset_20260624_110735\test\其他\其他130.jpg,其他130.jpg,其他130.jpg,558,558,RGB,45267,,success,
2026-06-24 11:07:37,其他,test,D:\Garbage Classification\Garbage_Classification_Organized\dataset\其他\其他45.jpg,D:\Garbage Classification\Garbage_Classification_Organized\garbage_dataset_20260624_110735\test\其他\其他45.jpg,其他45.jpg,其他45.jpg,1280,720,RGB,75559,,success,
2026-06-24 11:07:37,其他,test,D:\Garbage Classification\Garbage_Classification_Organized\dataset\其他\其他267.jpg,D:\Garbage Classification\Garbage_Classification_Organized\garbage_dataset_20260624_110735\test\其他\其他267.jpg,其他267.jpg,其他267.jpg,1280,720,RGB,72373,,success,
2026-06-24 11:07:37,其他,test,D:\Garbage Classification\Garbage_Classification_Organized\dataset\其他\其他19.jpg,D:\Garbage Classification\Garbage_Classification_Organized\garbage_dataset_20260624_110735\test\其他\其他19.jpg,其他19.jpg,其他19.jpg,1280,720,RGB,69779,,success,
2026-06-24 11:07:37,其他,test,D:\Garbage Classification\Garbage_Classification_Organized\dataset\其他\其他_0069.jpg,D:\Garbage Classification\Garbage_Classification_Organized\garbage_dataset_20260624_110735\test\其他\其他_0069.jpg,其他_0069.jpg,其他_0069.jpg,558,558,RGB,51976,,success,
2026-06-24 11:07:37,其他,test,D:\Garbage Classification\Garbage_Classification_Organized\dataset\其他\其他_0112.jpg,D:\Garbage Classification\Garbage_Classification_Organized\garbage_dataset_20260624_110735\test\其他\其他_0112.jpg,其他_0112.jpg,其他_0112.jpg,558,558,RGB,50905,,success,
2026-06-24 11:07:37,其他,test,D:\Garbage Classification\Garbage_Classification_Organized\dataset\其他\其他_0114.jpg,D:\Garbage Classification\Garbage_Classification_Organized\garbage_dataset_20260624_110735\test\其他\其他_0114.jpg,其他_0114.jpg,其他_0114.jpg,558,558,RGB,52848,,success,
2026-06-24 11:07:37,其他,test,D:\Garbage Classification\Garbage_Classification_Organized\dataset\其他\其他_0103.jpg,D:\Garbage Classification\Garbage_Classification_Organized\garbage_dataset_20260624_110735\test\其他\其他_0103.jpg,其他_0103.jpg,其他_0103.jpg,558,558,RGB,49649,,success,
2026-06-24 11:07:37,其他,test,D:\Garbage Classification\Garbage_Classification_Organized\dataset\其他\其他_0080.jpg,D:\Garbage Classification\Garbage_Classification_Organized\garbage_dataset_20260624_110735\test\其他\其他_0080.jpg,其他_0080.jpg,其他_0080.jpg,558,558,RGB,52058,,success,
2026-06-24 11:07:37,其他,test,D:\Garbage Classification\Garbage_Classification_Organized\dataset\其他\其他95.jpg,D:\Garbage Classification\Garbage_Classification_Organized\garbage_dataset_20260624_110735\test\其他\其他95.jpg,其他95.jpg,其他95.jpg,558,558,RGB,49992,,success,
2026-06-24 11:07:37,其他,test,D:\Garbage Classification\Garbage_Classification_Organized\dataset\其他\其他_0156.jpg,D:\Garbage Classification\Garbage_Classification_Organized\garbage_dataset_20260624_110735\test\其他\其他_0156.jpg,其他_0156.jpg,其他_0156.jpg,558,558,RGB,50686,,success,
2026-06-24 11:07:37,其他,test,D:\Garbage Classification\Garbage_Classification_Organized\dataset\其他\其他87.jpg,D:\Garbage Classification\Garbage_Classification_Organized\garbage_dataset_20260624_110735\test\其他\其他87.jpg,其他87.jpg,其他87.jpg,558,558,RGB,50620,,success,
2026-06-24 11:07:37,其他,test,D:\Garbage Classification\Garbage_Classification_Organized\dataset\其他\其他1.jpg,D:\Garbage Classification\Garbage_Classification_Organized\garbage_dataset_20260624_110735\test\其他\其他1.jpg,其他1.jpg,其他1.jpg,282,228,RGB,14824,,success,
2026-06-24 11:07:37,厨余,train,D:\Garbage Classification\Garbage_Classification_Organized\dataset\厨余\厨余201.jpg,D:\Garbage Classification\Garbage_Classification_Organized\garbage_dataset_20260624_110735\train\厨余\厨余201.jpg,厨余201.jpg,厨余201.jpg,558,558,RGB,63820,,success,
2026-06-24 11:07:37,厨余,train,D:\Garbage Classification\Garbage_Classification_Organized\dataset\厨余\厨余141.jpg,D:\Garbage Classification\Garbage_Classification_Organized\garbage_dataset_20260624_110735\train\厨余\厨余141.jpg,厨余141.jpg,厨余141.jpg,1280,720,RGB,74911,,success,
2026-06-24 11:07:37,厨余,train,D:\Garbage Classification\Garbage_Classification_Organized\dataset\厨余\厨余172.jpg,D:\Garbage Classification\Garbage_Classification_Organized\garbage_dataset_20260624_110735\train\厨余\厨余172.jpg,厨余172.jpg,厨余172.jpg,1280,720,RGB,86167,,success,
2026-06-24 11:07:37,厨余,train,D:\Garbage Classification\Garbage_Classification_Organized\dataset\厨余\厨余145.jpg,D:\Garbage Classification\Garbage_Classification_Organized\garbage_dataset_20260624_110735\train\厨余\厨余145.jpg,厨余145.jpg,厨余145.jpg,1280,720,RGB,84046,,success,
2026-06-24 11:07:37,厨余,train,D:\Garbage Classification\Garbage_Classification_Organized\dataset\厨余\厨余7.jpg,D:\Garbage Classification\Garbage_Classification_Organized\garbage_dataset_20260624_110735\train\厨余\厨余7.jpg,厨余7.jpg,厨余7.jpg,130,134,RGB,4561,,success,
2026-06-24 11:07:37,厨余,train,D:\Garbage Classification\Garbage_Classification_Organized\dataset\厨余\厨余121.jpg,D:\Garbage Classification\Garbage_Classification_Organized\garbage_dataset_20260624_110735\train\厨余\厨余121.jpg,厨余121.jpg,厨余121.jpg,1280,720,RGB,75405,,success,
2026-06-24 11:07:37,厨余,train,D:\Garbage Classification\Garbage_Classification_Organized\dataset\厨余\厨余29.jpg,D:\Garbage Classification\Garbage_Classification_Organized\garbage_dataset_20260624_110735\train\厨余\厨余29.jpg,厨余29.jpg,厨余29.jpg,244,189,RGB,14639,,success,
2026-06-24 11:07:37,厨余,train,D:\Garbage Classification\Garbage_Classification_Organized\dataset\厨余\厨余258.jpg,D:\Garbage Classification\Garbage_Classification_Organized\garbage_dataset_20260624_110735\train\厨余\厨余258.jpg,厨余258.jpg,厨余258.jpg,558,558,RGB,52962,,success,
2026-06-24 11:07:37,厨余,train,D:\Garbage Classification\Garbage_Classification_Organized\dataset\厨余\厨余17.jpg,D:\Garbage Classification\Garbage_Classification_Organized\garbage_dataset_20260624_110735\train\厨余\厨余17.jpg,厨余17.jpg,厨余17.jpg,156,190,RGB,7078,,success,
2026-06-24 11:07:37,厨余,train,D:\Garbage Classification\Garbage_Classification_Organized\dataset\厨余\厨余177.jpg,D:\Garbage Classification\Garbage_Classification_Organized\garbage_dataset_20260624_110735\train\厨余\厨余177.jpg,厨余177.jpg,厨余177.jpg,1280,720,RGB,86490,,success,
2026-06-24 11:07:37,厨余,train,D:\Garbage Classification\Garbage_Classification_Organized\dataset\厨余\厨余159.jpg,D:\Garbage Classification\Garbage_Classification_Organized\garbage_dataset_20260624_110735\train\厨余\厨余159.jpg,厨余159.jpg,厨余159.jpg,1280,720,RGB,91055,,success,
2026-06-24 11:07:37,厨余,train,D:\Garbage Classification\Garbage_Classification_Organized\dataset\厨余\厨余263.jpg,D:\Garbage Classification\Garbage_Classification_Organized\garbage_dataset_20260624_110735\train\厨余\厨余263.jpg,厨余263.jpg,厨余263.jpg,558,558,RGB,53675,,success,
2026-06-24 11:07:37,厨余,train,D:\Garbage Classification\Garbage_Classification_Organized\dataset\厨余\厨余262.jpg,D:\Garbage Classification\Garbage_Classification_Organized\garbage_dataset_20260624_110735\train\厨余\厨余262.jpg,厨余262.jpg,厨余262.jpg,558,558,RGB,53481,,success,
2026-06-24 11:07:37,厨余,train,D:\Garbage Classification\Garbage_Classification_Organized\dataset\厨余\厨余219.jpg,D:\Garbage Classification\Garbage_Classification_Organized\garbage_dataset_20260624_110735\train\厨余\厨余219.jpg,厨余219.jpg,厨余219.jpg,558,558,RGB,51556,,success,
2026-06-24 11:07:37,厨余,train,D:\Garbage Classification\Garbage_Classification_Organized\dataset\厨余\厨余227.jpg,D:\Garbage Classification\Garbage_Classification_Organized\garbage_dataset_20260624_110735\train\厨余\厨余227.jpg,厨余227.jpg,厨余227.jpg,558,558,RGB,56887,,success,
2026-06-24 11:07:37,厨余,train,D:\Garbage Classification\Garbage_Classification_Organized\dataset\厨余\厨余222.jpg,D:\Garbage Classification\Garbage_Classification_Organized\garbage_dataset_20260624_110735\train\厨余\厨余222.jpg,厨余222.jpg,厨余222.jpg,558,558,RGB,55908,,success,
2026-06-24 11:07:37,厨余,train,D:\Garbage Classification\Garbage_Classification_Organized\dataset\厨余\厨余236.jpg,D:\Garbage Classification\Garbage_Classification_Organized\garbage_dataset_20260624_110735\train\厨余\厨余236.jpg,厨余236.jpg,厨余236.jpg,558,558,RGB,52661,,success,
2026-06-24 11:07:37,厨余,train,D:\Garbage Classification\Garbage_Classification_Organized\dataset\厨余\厨余47.jpg,D:\Garbage Classification\Garbage_Classification_Organized\garbage_dataset_20260624_110735\train\厨余\厨余47.jpg,厨余47.jpg,厨余47.jpg,228,182,RGB,12035,,success,
2026-06-24 11:07:37,厨余,train,D:\Garbage Classification\Garbage_Classification_Organized\dataset\厨余\厨余19.jpg,D:\Garbage Classification\Garbage_Classification_Organized\garbage_dataset_20260624_110735\train\厨余\厨余19.jpg,厨余19.jpg,厨余19.jpg,207,187,RGB,8658,,success,
2026-06-24 11:07:37,厨余,train,D:\Garbage Classification\Garbage_Classification_Organized\dataset\厨余\厨余130.jpg,D:\Garbage Classification\Garbage_Classification_Organized\garbage_dataset_20260624_110735\train\厨余\厨余130.jpg,厨余130.jpg,厨余130.jpg,1280,720,RGB,69621,,success,
2026-06-24 11:07:37,厨余,train,D:\Garbage Classification\Garbage_Classification_Organized\dataset\厨余\厨余90.jpg,D:\Garbage Classification\Garbage_Classification_Organized\garbage_dataset_20260624_110735\train\厨余\厨余90.jpg,厨余90.jpg,厨余90.jpg,1280,720,RGB,79744,,success,
2026-06-24 11:07:37,厨余,train,D:\Garbage Classification\Garbage_Classification_Organized\dataset\厨余\厨余128.jpg,D:\Garbage Classification\Garbage_Classification_Organized\garbage_dataset_20260624_110735\train\厨余\厨余128.jpg,厨余128.jpg,厨余128.jpg,1280,720,RGB,75715,,success,
2026-06-24 11:07:37,厨余,train,D:\Garbage Classification\Garbage_Classification_Organized\dataset\厨余\厨余152.jpg,D:\Garbage Classification\Garbage_Classification_Organized\garbage_dataset_20260624_110735\train\厨余\厨余152.jpg,厨余152.jpg,厨余152.jpg,1280,720,RGB,74401,,success,
2026-06-24 11:07:37,厨余,train,D:\Garbage Classification\Garbage_Classification_Organized\dataset\厨余\厨余268.jpg,D:\Garbage Classification\Garbage_Classification_Organized\garbage_dataset_20260624_110735\train\厨余\厨余268.jpg,厨余268.jpg,厨余268.jpg,558,558,RGB,49601,,success,
2026-06-24 11:07:37,厨余,train,D:\Garbage Classification\Garbage_Classification_Organized\dataset\厨余\厨余118.jpg,D:\Garbage Classification\Garbage_Classification_Organized\garbage_dataset_20260624_110735\train\厨余\厨余118.jpg,厨余118.jpg,厨余118.jpg,1280,720,RGB,77076,,success,
2026-06-24 11:07:37,厨余,train,D:\Garbage Classification\Garbage_Classification_Organized\dataset\厨余\厨余147.jpg,D:\Garbage Classification\Garbage_Classification_Organized\garbage_dataset_20260624_110735\train\厨余\厨余147.jpg,厨余147.jpg,厨余147.jpg,1280,720,RGB,75909,,success,
2026-06-24 11:07:37,厨余,train,D:\Garbage Classification\Garbage_Classification_Organized\dataset\厨余\厨余181.jpg,D:\Garbage Classification\Garbage_Classification_Organized\garbage_dataset_20260624_110735\train\厨余\厨余181.jpg,厨余181.jpg,厨余181.jpg,1280,720,RGB,87204,,success,
2026-06-24 11:07:37,厨余,train,D:\Garbage Classification\Garbage_Classification_Organized\dataset\厨余\厨余38.jpg,D:\Garbage Classification\Garbage_Classification_Organized\garbage_dataset_20260624_110735\train\厨余\厨余38.jpg,厨余38.jpg,厨余38.jpg,171,175,RGB,9434,,success,
2026-06-24 11:07:37,厨余,train,D:\Garbage Classification\Garbage_Classification_Organized\dataset\厨余\厨余255.jpg,D:\Garbage Classification\Garbage_Classification_Organized\garbage_dataset_20260624_110735\train\厨余\厨余255.jpg,厨余255.jpg,厨余255.jpg,558,558,RGB,51105,,success,
2026-06-24 11:07:37,厨余,train,D:\Garbage Classification\Garbage_Classification_Organized\dataset\厨余\厨余111.jpg,D:\Garbage Classification\Garbage_Classification_Organized\garbage_dataset_20260624_110735\train\厨余\厨余111.jpg,厨余111.jpg,厨余111.jpg,1280,720,RGB,75323,,success,
2026-06-24 11:07:37,厨余,train,D:\Garbage Classification\Garbage_Classification_Organized\dataset\厨余\厨余25.jpg,D:\Garbage Classification\Garbage_Classification_Organized\garbage_dataset_20260624_110735\train\厨余\厨余25.jpg,厨余25.jpg,厨余25.jpg,182,182,RGB,8191,,success,
2026-06-24 11:07:37,厨余,train,D:\Garbage Classification\Garbage_Classification_Organized\dataset\厨余\厨余214.jpg,D:\Garbage Classification\Garbage_Classification_Organized\garbage_dataset_20260624_110735\train\厨余\厨余214.jpg,厨余214.jpg,厨余214.jpg,558,558,RGB,62512,,success,
2026-06-24 11:07:37,厨余,train,D:\Garbage Classification\Garbage_Classification_Organized\dataset\厨余\厨余71.jpg,D:\Garbage Classification\Garbage_Classification_Organized\garbage_dataset_20260624_110735\train\厨余\厨余71.jpg,厨余71.jpg,厨余71.jpg,1280,720,RGB,82858,,success,
2026-06-24 11:07:37,厨余,train,D:\Garbage Classification\Garbage_Classification_Organized\dataset\厨余\厨余198.jpg,D:\Garbage Classification\Garbage_Classification_Organized\garbage_dataset_20260624_110735\train\厨余\厨余198.jpg,厨余198.jpg,厨余198.jpg,558,558,RGB,61131,,success,
2026-06-24 11:07:37,厨余,train,D:\Garbage Classification\Garbage_Classification_Organized\dataset\厨余\厨余252.jpg,D:\Garbage Classification\Garbage_Classification_Organized\garbage_dataset_20260624_110735\train\厨余\厨余252.jpg,厨余252.jpg,厨余252.jpg,558,558,RGB,52586,,success,
2026-06-24 11:07:37,厨余,train,D:\Garbage Classification\Garbage_Classification_Organized\dataset\厨余\厨余241.jpg,D:\Garbage Classification\Garbage_Classification_Organized\garbage_dataset_20260624_110735\train\厨余\厨余241.jpg,厨余241.jpg,厨余241.jpg,558,558,RGB,54284,,success,
2026-06-24 11:07:37,厨余,train,D:\Garbage Classification\Garbage_Classification_Organized\dataset\厨余\厨余133.jpg,D:\Garbage Classification\Garbage_Classification_Organized\garbage_dataset_20260624_110735\train\厨余\厨余133.jpg,厨余133.jpg,厨余133.jpg,1280,720,RGB,78663,,success,
2026-06-24 11:07:37,厨余,train,D:\Garbage Classification\Garbage_Classification_Organized\dataset\厨余\厨余148.jpg,D:\Garbage Classification\Garbage_Classification_Organized\garbage_dataset_20260624_110735\train\厨余\厨余148.jpg,厨余148.jpg,厨余148.jpg,1280,720,RGB,75195,,success,
2026-06-24 11:07:37,厨余,train,D:\Garbage Classification\Garbage_Classification_Organized\dataset\厨余\厨余184.jpg,D:\Garbage Classification\Garbage_Classification_Organized\garbage_dataset_20260624_110735\train\厨余\厨余184.jpg,厨余184.jpg,厨余184.jpg,558,558,RGB,62388,,success,
2026-06-24 11:07:37,厨余,train,D:\Garbage Classification\Garbage_Classification_Organized\dataset\厨余\厨余158.jpg,D:\Garbage Classification\Garbage_Classification_Organized\garbage_dataset_20260624_110735\train\厨余\厨余158.jpg,厨余158.jpg,厨余158.jpg,1280,720,RGB,74401,,success,
2026-06-24 11:07:37,厨余,train,D:\Garbage Classification\Garbage_Classification_Organized\dataset\厨余\厨余35.jpg,D:\Garbage Classification\Garbage_Classification_Organized\garbage_dataset_20260624_110735\train\厨余\厨余35.jpg,厨余35.jpg,厨余35.jpg,512,270,RGB,42713,,success,
2026-06-24 11:07:37,厨余,train,D:\Garbage Classification\Garbage_Classification_Organized\dataset\厨余\厨余169.jpg,D:\Garbage Classification\Garbage_Classification_Organized\garbage_dataset_20260624_110735\train\厨余\厨余169.jpg,厨余169.jpg,厨余169.jpg,1280,720,RGB,88790,,success,
2026-06-24 11:07:37,厨余,train,D:\Garbage Classification\Garbage_Classification_Organized\dataset\厨余\厨余112.jpg,D:\Garbage Classification\Garbage_Classification_Organized\garbage_dataset_20260624_110735\train\厨余\厨余112.jpg,厨余112.jpg,厨余112.jpg,1280,720,RGB,75713,,success,
2026-06-24 11:07:37,厨余,train,D:\Garbage Classification\Garbage_Classification_Organized\dataset\厨余\厨余44.jpg,D:\Garbage Classification\Garbage_Classification_Organized\garbage_dataset_20260624_110735\train\厨余\厨余44.jpg,厨余44.jpg,厨余44.jpg,222,236,RGB,14075,,success,
2026-06-24 11:07:37,厨余,train,D:\Garbage Classification\Garbage_Classification_Organized\dataset\厨余\厨余204.jpg,D:\Garbage Classification\Garbage_Classification_Organized\garbage_dataset_20260624_110735\train\厨余\厨余204.jpg,厨余204.jpg,厨余204.jpg,558,558,RGB,63264,,success,
2026-06-24 11:07:37,厨余,train,D:\Garbage Classification\Garbage_Classification_Organized\dataset\厨余\厨余86.jpg,D:\Garbage Classification\Garbage_Classification_Organized\garbage_dataset_20260624_110735\train\厨余\厨余86.jpg,厨余86.jpg,厨余86.jpg,1280,720,RGB,77492,,success,
2026-06-24 11:07:37,厨余,train,D:\Garbage Classification\Garbage_Classification_Organized\dataset\厨余\厨余276.jpg,D:\Garbage Classification\Garbage_Classification_Organized\garbage_dataset_20260624_110735\train\厨余\厨余276.jpg,厨余276.jpg,厨余276.jpg,558,558,RGB,50832,,success,
2026-06-24 11:07:37,厨余,train,D:\Garbage Classification\Garbage_Classification_Organized\dataset\厨余\厨余53.jpg,D:\Garbage Classification\Garbage_Classification_Organized\garbage_dataset_20260624_110735\train\厨余\厨余53.jpg,厨余53.jpg,厨余53.jpg,180,172,RGB,9724,,success,
2026-06-24 11:07:37,厨余,train,D:\Garbage Classification\Garbage_Classification_Organized\dataset\厨余\厨余26.jpg,D:\Garbage Classification\Garbage_Classification_Organized\garbage_dataset_20260624_110735\train\厨余\厨余26.jpg,厨余26.jpg,厨余26.jpg,184,176,RGB,7819,,success,
2026-06-24 11:07:37,厨余,train,D:\Garbage Classification\Garbage_Classification_Organized\dataset\厨余\厨余76.jpg,D:\Garbage Classification\Garbage_Classification_Organized\garbage_dataset_20260624_110735\train\厨余\厨余76.jpg,厨余76.jpg,厨余76.jpg,1280,720,RGB,81442,,success,
2026-06-24 11:07:37,厨余,train,D:\Garbage Classification\Garbage_Classification_Organized\dataset\厨余\厨余100.jpg,D:\Garbage Classification\Garbage_Classification_Organized\garbage_dataset_20260624_110735\train\厨余\厨余100.jpg,厨余100.jpg,厨余100.jpg,1280,720,RGB,80480,,success,
2026-06-24 11:07:37,厨余,train,D:\Garbage Classification\Garbage_Classification_Organized\dataset\厨余\厨余186.jpg,D:\Garbage Classification\Garbage_Classification_Organized\garbage_dataset_20260624_110735\train\厨余\厨余186.jpg,厨余186.jpg,厨余186.jpg,558,558,RGB,62692,,success,
2026-06-24 11:07:37,厨余,train,D:\Garbage Classification\Garbage_Classification_Organized\dataset\厨余\厨余54.jpg,D:\Garbage Classification\Garbage_Classification_Organized\garbage_dataset_20260624_110735\train\厨余\厨余54.jpg,厨余54.jpg,厨余54.jpg,170,219,RGB,12814,,success,
2026-06-24 11:07:37,厨余,train,D:\Garbage Classification\Garbage_Classification_Organized\dataset\厨余\厨余208.jpg,D:\Garbage Classification\Garbage_Classification_Organized\garbage_dataset_20260624_110735\train\厨余\厨余208.jpg,厨余208.jpg,厨余208.jpg,558,558,RGB,58016,,success,
2026-06-24 11:07:37,厨余,train,D:\Garbage Classification\Garbage_Classification_Organized\dataset\厨余\厨余61.jpg,D:\Garbage Classification\Garbage_Classification_Organized\garbage_dataset_20260624_110735\train\厨余\厨余61.jpg,厨余61.jpg,厨余61.jpg,1280,720,RGB,78216,,success,
2026-06-24 11:07:37,厨余,train,D:\Garbage Classification\Garbage_Classification_Organized\dataset\厨余\厨余124.jpg,D:\Garbage Classification\Garbage_Classification_Organized\garbage_dataset_20260624_110735\train\厨余\厨余124.jpg,厨余124.jpg,厨余124.jpg,1280,720,RGB,74997,,success,
2026-06-24 11:07:37,厨余,train,D:\Garbage Classification\Garbage_Classification_Organized\dataset\厨余\厨余209.jpg,D:\Garbage Classification\Garbage_Classification_Organized\garbage_dataset_20260624_110735\train\厨余\厨余209.jpg,厨余209.jpg,厨余209.jpg,558,558,RGB,58960,,success,
2026-06-24 11:07:37,厨余,train,D:\Garbage Classification\Garbage_Classification_Organized\dataset\厨余\厨余149.jpg,D:\Garbage Classification\Garbage_Classification_Organized\garbage_dataset_20260624_110735\train\厨余\厨余149.jpg,厨余149.jpg,厨余149.jpg,1280,720,RGB,72464,,success,
2026-06-24 11:07:37,厨余,train,D:\Garbage Classification\Garbage_Classification_Organized\dataset\厨余\厨余14.jpg,D:\Garbage Classification\Garbage_Classification_Organized\garbage_dataset_20260624_110735\train\厨余\厨余14.jpg,厨余14.jpg,厨余14.jpg,135,116,RGB,4248,,success,
2026-06-24 11:07:37,厨余,train,D:\Garbage Classification\Garbage_Classification_Organized\dataset\厨余\厨余97.jpg,D:\Garbage Classification\Garbage_Classification_Organized\garbage_dataset_20260624_110735\train\厨余\厨余97.jpg,厨余97.jpg,厨余97.jpg,1280,720,RGB,82311,,success,
2026-06-24 11:07:37,厨余,train,D:\Garbage Classification\Garbage_Classification_Organized\dataset\厨余\厨余48.jpg,D:\Garbage Classification\Garbage_Classification_Organized\garbage_dataset_20260624_110735\train\厨余\厨余48.jpg,厨余48.jpg,厨余48.jpg,177,195,RGB,12352,,success,
2026-06-24 11:07:37,厨余,train,D:\Garbage Classification\Garbage_Classification_Organized\dataset\厨余\厨余68.jpg,D:\Garbage Classification\Garbage_Classification_Organized\garbage_dataset_20260624_110735\train\厨余\厨余68.jpg,厨余68.jpg,厨余68.jpg,1280,720,RGB,81050,,success,
2026-06-24 11:07:37,厨余,train,D:\Garbage Classification\Garbage_Classification_Organized\dataset\厨余\厨余123.jpg,D:\Garbage Classification\Garbage_Classification_Organized\garbage_dataset_20260624_110735\train\厨余\厨余123.jpg,厨余123.jpg,厨余123.jpg,1280,720,RGB,74238,,success,
2026-06-24 11:07:37,厨余,train,D:\Garbage Classification\Garbage_Classification_Organized\dataset\厨余\厨余109.jpg,D:\Garbage Classification\Garbage_Classification_Organized\garbage_dataset_20260624_110735\train\厨余\厨余109.jpg,厨余109.jpg,厨余109.jpg,1280,720,RGB,74994,,success,
2026-06-24 11:07:37,厨余,train,D:\Garbage Classification\Garbage_Classification_Organized\dataset\厨余\厨余196.jpg,D:\Garbage Classification\Garbage_Classification_Organized\garbage_dataset_20260624_110735\train\厨余\厨余196.jpg,厨余196.jpg,厨余196.jpg,558,558,RGB,58056,,success,
2026-06-24 11:07:37,厨余,train,D:\Garbage Classification\Garbage_Classification_Organized\dataset\厨余\厨余89.jpg,D:\Garbage Classification\Garbage_Classification_Organized\garbage_dataset_20260624_110735\train\厨余\厨余89.jpg,厨余89.jpg,厨余89.jpg,1280,720,RGB,80018,,success,
2026-06-24 11:07:37,厨余,train,D:\Garbage Classification\Garbage_Classification_Organized\dataset\厨余\厨余30.jpg,D:\Garbage Classification\Garbage_Classification_Organized\garbage_dataset_20260624_110735\train\厨余\厨余30.jpg,厨余30.jpg,厨余30.jpg,244,186,RGB,14764,,success,
2026-06-24 11:07:37,厨余,train,D:\Garbage Classification\Garbage_Classification_Organized\dataset\厨余\厨余106.jpg,D:\Garbage Classification\Garbage_Classification_Organized\garbage_dataset_20260624_110735\train\厨余\厨余106.jpg,厨余106.jpg,厨余106.jpg,1280,720,RGB,79768,,success,
2026-06-24 11:07:37,厨余,train,D:\Garbage Classification\Garbage_Classification_Organized\dataset\厨余\厨余183.jpg,D:\Garbage Classification\Garbage_Classification_Organized\garbage_dataset_20260624_110735\train\厨余\厨余183.jpg,厨余183.jpg,厨余183.jpg,1280,720,RGB,87798,,success,
2026-06-24 11:07:37,厨余,train,D:\Garbage Classification\Garbage_Classification_Organized\dataset\厨余\厨余229.jpg,D:\Garbage Classification\Garbage_Classification_Organized\garbage_dataset_20260624_110735\train\厨余\厨余229.jpg,厨余229.jpg,厨余229.jpg,558,558,RGB,55596,,success,
2026-06-24 11:07:37,厨余,train,D:\Garbage Classification\Garbage_Classification_Organized\dataset\厨余\厨余271.jpg,D:\Garbage Classification\Garbage_Classification_Organized\garbage_dataset_20260624_110735\train\厨余\厨余271.jpg,厨余271.jpg,厨余271.jpg,558,558,RGB,50627,,success,
2026-06-24 11:07:37,厨余,train,D:\Garbage Classification\Garbage_Classification_Organized\dataset\厨余\厨余22.jpg,D:\Garbage Classification\Garbage_Classification_Organized\garbage_dataset_20260624_110735\train\厨余\厨余22.jpg,厨余22.jpg,厨余22.jpg,232,202,RGB,11075,,success,
2026-06-24 11:07:37,厨余,train,D:\Garbage Classification\Garbage_Classification_Organized\dataset\厨余\厨余230.jpg,D:\Garbage Classification\Garbage_Classification_Organized\garbage_dataset_20260624_110735\train\厨余\厨余230.jpg,厨余230.jpg,厨余230.jpg,558,558,RGB,53488,,success,
2026-06-24 11:07:37,厨余,train,D:\Garbage Classification\Garbage_Classification_Organized\dataset\厨余\厨余31.jpg,D:\Garbage Classification\Garbage_Classification_Organized\garbage_dataset_20260624_110735\train\厨余\厨余31.jpg,厨余31.jpg,厨余31.jpg,240,190,RGB,14613,,success,
2026-06-24 11:07:37,厨余,train,D:\Garbage Classification\Garbage_Classification_Organized\dataset\厨余\厨余55.jpg,D:\Garbage Classification\Garbage_Classification_Organized\garbage_dataset_20260624_110735\train\厨余\厨余55.jpg,厨余55.jpg,厨余55.jpg,166,222,RGB,12403,,success,
2026-06-24 11:07:37,厨余,train,D:\Garbage Classification\Garbage_Classification_Organized\dataset\厨余\厨余144.jpg,D:\Garbage Classification\Garbage_Classification_Organized\garbage_dataset_20260624_110735\train\厨余\厨余144.jpg,厨余144.jpg,厨余144.jpg,1280,720,RGB,77673,,success,
2026-06-24 11:07:37,厨余,train,D:\Garbage Classification\Garbage_Classification_Organized\dataset\厨余\厨余138.jpg,D:\Garbage Classification\Garbage_Classification_Organized\garbage_dataset_20260624_110735\train\厨余\厨余138.jpg,厨余138.jpg,厨余138.jpg,1280,720,RGB,78129,,success,
2026-06-24 11:07:37,厨余,train,D:\Garbage Classification\Garbage_Classification_Organized\dataset\厨余\厨余59.jpg,D:\Garbage Classification\Garbage_Classification_Organized\garbage_dataset_20260624_110735\train\厨余\厨余59.jpg,厨余59.jpg,厨余59.jpg,234,171,RGB,13857,,success,
2026-06-24 11:07:37,厨余,train,D:\Garbage Classification\Garbage_Classification_Organized\dataset\厨余\厨余95.jpg,D:\Garbage Classification\Garbage_Classification_Organized\garbage_dataset_20260624_110735\train\厨余\厨余95.jpg,厨余95.jpg,厨余95.jpg,1280,720,RGB,76968,,success,
2026-06-24 11:07:37,厨余,train,D:\Garbage Classification\Garbage_Classification_Organized\dataset\厨余\厨余278.jpg,D:\Garbage Classification\Garbage_Classification_Organized\garbage_dataset_20260624_110735\train\厨余\厨余278.jpg,厨余278.jpg,厨余278.jpg,558,558,RGB,53250,,success,
2026-06-24 11:07:37,厨余,train,D:\Garbage Classification\Garbage_Classification_Organized\dataset\厨余\厨余280.jpg,D:\Garbage Classification\Garbage_Classification_Organized\garbage_dataset_20260624_110735\train\厨余\厨余280.jpg,厨余280.jpg,厨余280.jpg,558,558,RGB,52963,,success,
2026-06-24 11:07:37,厨余,train,D:\Garbage Classification\Garbage_Classification_Organized\dataset\厨余\厨余266.jpg,D:\Garbage Classification\Garbage_Classification_Organized\garbage_dataset_20260624_110735\train\厨余\厨余266.jpg,厨余266.jpg,厨余266.jpg,558,558,RGB,49937,,success,
2026-06-24 11:07:37,厨余,train,D:\Garbage Classification\Garbage_Classification_Organized\dataset\厨余\厨余115.jpg,D:\Garbage Classification\Garbage_Classification_Organized\garbage_dataset_20260624_110735\train\厨余\厨余115.jpg,厨余115.jpg,厨余115.jpg,1280,720,RGB,75375,,success,
2026-06-24 11:07:37,厨余,train,D:\Garbage Classification\Garbage_Classification_Organized\dataset\厨余\厨余10.jpg,D:\Garbage Classification\Garbage_Classification_Organized\garbage_dataset_20260624_110735\train\厨余\厨余10.jpg,厨余10.jpg,厨余10.jpg,127,125,RGB,4345,,success,
2026-06-24 11:07:37,厨余,train,D:\Garbage Classification\Garbage_Classification_Organized\dataset\厨余\厨余92.jpg,D:\Garbage Classification\Garbage_Classification_Organized\garbage_dataset_20260624_110735\train\厨余\厨余92.jpg,厨余92.jpg,厨余92.jpg,1280,720,RGB,80270,,success,
2026-06-24 11:07:37,厨余,train,D:\Garbage Classification\Garbage_Classification_Organized\dataset\厨余\厨余16.jpg,D:\Garbage Classification\Garbage_Classification_Organized\garbage_dataset_20260624_110735\train\厨余\厨余16.jpg,厨余16.jpg,厨余16.jpg,174,188,RGB,7772,,success,
2026-06-24 11:07:37,厨余,train,D:\Garbage Classification\Garbage_Classification_Organized\dataset\厨余\厨余179.jpg,D:\Garbage Classification\Garbage_Classification_Organized\garbage_dataset_20260624_110735\train\厨余\厨余179.jpg,厨余179.jpg,厨余179.jpg,1280,720,RGB,87152,,success,
2026-06-24 11:07:37,厨余,train,D:\Garbage Classification\Garbage_Classification_Organized\dataset\厨余\厨余15.jpg,D:\Garbage Classification\Garbage_Classification_Organized\garbage_dataset_20260624_110735\train\厨余\厨余15.jpg,厨余15.jpg,厨余15.jpg,118,130,RGB,4192,,success,
2026-06-24 11:07:37,厨余,train,D:\Garbage Classification\Garbage_Classification_Organized\dataset\厨余\厨余11.jpg,D:\Garbage Classification\Garbage_Classification_Organized\garbage_dataset_20260624_110735\train\厨余\厨余11.jpg,厨余11.jpg,厨余11.jpg,132,129,RGB,4880,,success,
2026-06-24 11:07:37,厨余,train,D:\Garbage Classification\Garbage_Classification_Organized\dataset\厨余\厨余23.jpg,D:\Garbage Classification\Garbage_Classification_Organized\garbage_dataset_20260624_110735\train\厨余\厨余23.jpg,厨余23.jpg,厨余23.jpg,201,153,RGB,7661,,success,
2026-06-24 11:07:37,厨余,train,D:\Garbage Classification\Garbage_Classification_Organized\dataset\厨余\厨余167.jpg,D:\Garbage Classification\Garbage_Classification_Organized\garbage_dataset_20260624_110735\train\厨余\厨余167.jpg,厨余167.jpg,厨余167.jpg,1280,720,RGB,84648,,success,
2026-06-24 11:07:37,厨余,train,D:\Garbage Classification\Garbage_Classification_Organized\dataset\厨余\厨余28.jpg,D:\Garbage Classification\Garbage_Classification_Organized\garbage_dataset_20260624_110735\train\厨余\厨余28.jpg,厨余28.jpg,厨余28.jpg,185,247,RGB,13515,,success,
2026-06-24 11:07:37,厨余,train,D:\Garbage Classification\Garbage_Classification_Organized\dataset\厨余\厨余113.jpg,D:\Garbage Classification\Garbage_Classification_Organized\garbage_dataset_20260624_110735\train\厨余\厨余113.jpg,厨余113.jpg,厨余113.jpg,1280,720,RGB,75227,,success,
2026-06-24 11:07:37,厨余,train,D:\Garbage Classification\Garbage_Classification_Organized\dataset\厨余\厨余102.jpg,D:\Garbage Classification\Garbage_Classification_Organized\garbage_dataset_20260624_110735\train\厨余\厨余102.jpg,厨余102.jpg,厨余102.jpg,1280,720,RGB,78049,,success,
2026-06-24 11:07:37,厨余,train,D:\Garbage Classification\Garbage_Classification_Organized\dataset\厨余\厨余83.jpg,D:\Garbage Classification\Garbage_Classification_Organized\garbage_dataset_20260624_110735\train\厨余\厨余83.jpg,厨余83.jpg,厨余83.jpg,1280,720,RGB,79405,,success,
2026-06-24 11:07:37,厨余,train,D:\Garbage Classification\Garbage_Classification_Organized\dataset\厨余\厨余235.jpg,D:\Garbage Classification\Garbage_Classification_Organized\garbage_dataset_20260624_110735\train\厨余\厨余235.jpg,厨余235.jpg,厨余235.jpg,558,558,RGB,60171,,success,
2026-06-24 11:07:37,厨余,train,D:\Garbage Classification\Garbage_Classification_Organized\dataset\厨余\厨余174.jpg,D:\Garbage Classification\Garbage_Classification_Organized\garbage_dataset_20260624_110735\train\厨余\厨余174.jpg,厨余174.jpg,厨余174.jpg,1280,720,RGB,85294,,success,
2026-06-24 11:07:37,厨余,train,D:\Garbage Classification\Garbage_Classification_Organized\dataset\厨余\厨余33.jpg,D:\Garbage Classification\Garbage_Classification_Organized\garbage_dataset_20260624_110735\train\厨余\厨余33.jpg,厨余33.jpg,厨余33.jpg,174,166,RGB,9739,,success,
2026-06-24 11:07:37,厨余,train,D:\Garbage Classification\Garbage_Classification_Organized\dataset\厨余\厨余197.jpg,D:\Garbage Classification\Garbage_Classification_Organized\garbage_dataset_20260624_110735\train\厨余\厨余197.jpg,厨余197.jpg,厨余197.jpg,558,558,RGB,57887,,success,
2026-06-24 11:07:37,厨余,train,D:\Garbage Classification\Garbage_Classification_Organized\dataset\厨余\厨余228.jpg,D:\Garbage Classification\Garbage_Classification_Organized\garbage_dataset_20260624_110735\train\厨余\厨余228.jpg,厨余228.jpg,厨余228.jpg,558,558,RGB,57793,,success,
2026-06-24 11:07:37,厨余,train,D:\Garbage Classification\Garbage_Classification_Organized\dataset\厨余\厨余180.jpg,D:\Garbage Classification\Garbage_Classification_Organized\garbage_dataset_20260624_110735\train\厨余\厨余180.jpg,厨余180.jpg,厨余180.jpg,1280,720,RGB,86456,,success,
2026-06-24 11:07:37,厨余,train,D:\Garbage Classification\Garbage_Classification_Organized\dataset\厨余\厨余153.jpg,D:\Garbage Classification\Garbage_Classification_Organized\garbage_dataset_20260624_110735\train\厨余\厨余153.jpg,厨余153.jpg,厨余153.jpg,1280,720,RGB,74992,,success,
2026-06-24 11:07:37,厨余,train,D:\Garbage Classification\Garbage_Classification_Organized\dataset\厨余\厨余185.jpg,D:\Garbage Classification\Garbage_Classification_Organized\garbage_dataset_20260624_110735\train\厨余\厨余185.jpg,厨余185.jpg,厨余185.jpg,558,558,RGB,62878,,success,
2026-06-24 11:07:37,厨余,train,D:\Garbage Classification\Garbage_Classification_Organized\dataset\厨余\厨余246.jpg,D:\Garbage Classification\Garbage_Classification_Organized\garbage_dataset_20260624_110735\train\厨余\厨余246.jpg,厨余246.jpg,厨余246.jpg,558,558,RGB,53178,,success,
2026-06-24 11:07:37,厨余,train,D:\Garbage Classification\Garbage_Classification_Organized\dataset\厨余\厨余60.jpg,D:\Garbage Classification\Garbage_Classification_Organized\garbage_dataset_20260624_110735\train\厨余\厨余60.jpg,厨余60.jpg,厨余60.jpg,158,236,RGB,13340,,success,
2026-06-24 11:07:37,厨余,train,D:\Garbage Classification\Garbage_Classification_Organized\dataset\厨余\厨余257.jpg,D:\Garbage Classification\Garbage_Classification_Organized\garbage_dataset_20260624_110735\train\厨余\厨余257.jpg,厨余257.jpg,厨余257.jpg,558,558,RGB,53646,,success,
2026-06-24 11:07:37,厨余,train,D:\Garbage Classification\Garbage_Classification_Organized\dataset\厨余\厨余189.jpg,D:\Garbage Classification\Garbage_Classification_Organized\garbage_dataset_20260624_110735\train\厨余\厨余189.jpg,厨余189.jpg,厨余189.jpg,558,558,RGB,62645,,success,
2026-06-24 11:07:37,厨余,train,D:\Garbage Classification\Garbage_Classification_Organized\dataset\厨余\厨余248.jpg,D:\Garbage Classification\Garbage_Classification_Organized\garbage_dataset_20260624_110735\train\厨余\厨余248.jpg,厨余248.jpg,厨余248.jpg,558,558,RGB,53217,,success,
2026-06-24 11:07:37,厨余,train,D:\Garbage Classification\Garbage_Classification_Organized\dataset\厨余\厨余143.jpg,D:\Garbage Classification\Garbage_Classification_Organized\garbage_dataset_20260624_110735\train\厨余\厨余143.jpg,厨余143.jpg,厨余143.jpg,1280,720,RGB,72136,,success,
2026-06-24 11:07:37,厨余,train,D:\Garbage Classification\Garbage_Classification_Organized\dataset\厨余\厨余58.jpg,D:\Garbage Classification\Garbage_Classification_Organized\garbage_dataset_20260624_110735\train\厨余\厨余58.jpg,厨余58.jpg,厨余58.jpg,230,206,RGB,15553,,success,
2026-06-24 11:07:37,厨余,train,D:\Garbage Classification\Garbage_Classification_Organized\dataset\厨余\厨余75.jpg,D:\Garbage Classification\Garbage_Classification_Organized\garbage_dataset_20260624_110735\train\厨余\厨余75.jpg,厨余75.jpg,厨余75.jpg,1280,720,RGB,82913,,success,
2026-06-24 11:07:37,厨余,train,D:\Garbage Classification\Garbage_Classification_Organized\dataset\厨余\厨余64.jpg,D:\Garbage Classification\Garbage_Classification_Organized\garbage_dataset_20260624_110735\train\厨余\厨余64.jpg,厨余64.jpg,厨余64.jpg,1280,720,RGB,80886,,success,
2026-06-24 11:07:37,厨余,train,D:\Garbage Classification\Garbage_Classification_Organized\dataset\厨余\厨余120.jpg,D:\Garbage Classification\Garbage_Classification_Organized\garbage_dataset_20260624_110735\train\厨余\厨余120.jpg,厨余120.jpg,厨余120.jpg,1280,720,RGB,74955,,success,
2026-06-24 11:07:37,厨余,train,D:\Garbage Classification\Garbage_Classification_Organized\dataset\厨余\厨余63.jpg,D:\Garbage Classification\Garbage_Classification_Organized\garbage_dataset_20260624_110735\train\厨余\厨余63.jpg,厨余63.jpg,厨余63.jpg,1280,720,RGB,80112,,success,
2026-06-24 11:07:37,厨余,train,D:\Garbage Classification\Garbage_Classification_Organized\dataset\厨余\厨余43.jpg,D:\Garbage Classification\Garbage_Classification_Organized\garbage_dataset_20260624_110735\train\厨余\厨余43.jpg,厨余43.jpg,厨余43.jpg,225,180,RGB,12160,,success,
2026-06-24 11:07:37,厨余,train,D:\Garbage Classification\Garbage_Classification_Organized\dataset\厨余\厨余66.jpg,D:\Garbage Classification\Garbage_Classification_Organized\garbage_dataset_20260624_110735\train\厨余\厨余66.jpg,厨余66.jpg,厨余66.jpg,1280,720,RGB,82302,,success,
2026-06-24 11:07:37,厨余,train,D:\Garbage Classification\Garbage_Classification_Organized\dataset\厨余\厨余8.jpg,D:\Garbage Classification\Garbage_Classification_Organized\garbage_dataset_20260624_110735\train\厨余\厨余8.jpg,厨余8.jpg,厨余8.jpg,129,127,RGB,4313,,success,
2026-06-24 11:07:37,厨余,train,D:\Garbage Classification\Garbage_Classification_Organized\dataset\厨余\厨余232.jpg,D:\Garbage Classification\Garbage_Classification_Organized\garbage_dataset_20260624_110735\train\厨余\厨余232.jpg,厨余232.jpg,厨余232.jpg,558,558,RGB,60128,,success,
2026-06-24 11:07:37,厨余,train,D:\Garbage Classification\Garbage_Classification_Organized\dataset\厨余\厨余187.jpg,D:\Garbage Classification\Garbage_Classification_Organized\garbage_dataset_20260624_110735\train\厨余\厨余187.jpg,厨余187.jpg,厨余187.jpg,558,558,RGB,62569,,success,
2026-06-24 11:07:37,厨余,train,D:\Garbage Classification\Garbage_Classification_Organized\dataset\厨余\厨余96.jpg,D:\Garbage Classification\Garbage_Classification_Organized\garbage_dataset_20260624_110735\train\厨余\厨余96.jpg,厨余96.jpg,厨余96.jpg,1280,720,RGB,76904,,success,
2026-06-24 11:07:37,厨余,train,D:\Garbage Classification\Garbage_Classification_Organized\dataset\厨余\厨余137.jpg,D:\Garbage Classification\Garbage_Classification_Organized\garbage_dataset_20260624_110735\train\厨余\厨余137.jpg,厨余137.jpg,厨余137.jpg,1280,720,RGB,75887,,success,
2026-06-24 11:07:37,厨余,train,D:\Garbage Classification\Garbage_Classification_Organized\dataset\厨余\厨余52.jpg,D:\Garbage Classification\Garbage_Classification_Organized\garbage_dataset_20260624_110735\train\厨余\厨余52.jpg,厨余52.jpg,厨余52.jpg,183,177,RGB,9898,,success,
2026-06-24 11:07:37,厨余,train,D:\Garbage Classification\Garbage_Classification_Organized\dataset\厨余\厨余247.jpg,D:\Garbage Classification\Garbage_Classification_Organized\garbage_dataset_20260624_110735\train\厨余\厨余247.jpg,厨余247.jpg,厨余247.jpg,558,558,RGB,53706,,success,
2026-06-24 11:07:37,厨余,train,D:\Garbage Classification\Garbage_Classification_Organized\dataset\厨余\厨余270.jpg,D:\Garbage Classification\Garbage_Classification_Organized\garbage_dataset_20260624_110735\train\厨余\厨余270.jpg,厨余270.jpg,厨余270.jpg,558,558,RGB,50216,,success,
2026-06-24 11:07:37,厨余,train,D:\Garbage Classification\Garbage_Classification_Organized\dataset\厨余\厨余24.jpg,D:\Garbage Classification\Garbage_Classification_Organized\garbage_dataset_20260624_110735\train\厨余\厨余24.jpg,厨余24.jpg,厨余24.jpg,188,167,RGB,7642,,success,
2026-06-24 11:07:37,厨余,train,D:\Garbage Classification\Garbage_Classification_Organized\dataset\厨余\厨余116.jpg,D:\Garbage Classification\Garbage_Classification_Organized\garbage_dataset_20260624_110735\train\厨余\厨余116.jpg,厨余116.jpg,厨余116.jpg,1280,720,RGB,75321,,success,
2026-06-24 11:07:37,厨余,train,D:\Garbage Classification\Garbage_Classification_Organized\dataset\厨余\厨余72.jpg,D:\Garbage Classification\Garbage_Classification_Organized\garbage_dataset_20260624_110735\train\厨余\厨余72.jpg,厨余72.jpg,厨余72.jpg,1280,720,RGB,82914,,success,
2026-06-24 11:07:37,厨余,train,D:\Garbage Classification\Garbage_Classification_Organized\dataset\厨余\厨余94.jpg,D:\Garbage Classification\Garbage_Classification_Organized\garbage_dataset_20260624_110735\train\厨余\厨余94.jpg,厨余94.jpg,厨余94.jpg,1280,720,RGB,77882,,success,
2026-06-24 11:07:37,厨余,train,D:\Garbage Classification\Garbage_Classification_Organized\dataset\厨余\厨余91.jpg,D:\Garbage Classification\Garbage_Classification_Organized\garbage_dataset_20260624_110735\train\厨余\厨余91.jpg,厨余91.jpg,厨余91.jpg,1280,720,RGB,79438,,success,
2026-06-24 11:07:37,厨余,train,D:\Garbage Classification\Garbage_Classification_Organized\dataset\厨余\厨余9.jpg,D:\Garbage Classification\Garbage_Classification_Organized\garbage_dataset_20260624_110735\train\厨余\厨余9.jpg,厨余9.jpg,厨余9.jpg,124,133,RGB,4338,,success,
2026-06-24 11:07:37,厨余,train,D:\Garbage Classification\Garbage_Classification_Organized\dataset\厨余\厨余27.jpg,D:\Garbage Classification\Garbage_Classification_Organized\garbage_dataset_20260624_110735\train\厨余\厨余27.jpg,厨余27.jpg,厨余27.jpg,171,158,RGB,6462,,success,
2026-06-24 11:07:37,厨余,train,D:\Garbage Classification\Garbage_Classification_Organized\dataset\厨余\厨余256.jpg,D:\Garbage Classification\Garbage_Classification_Organized\garbage_dataset_20260624_110735\train\厨余\厨余256.jpg,厨余256.jpg,厨余256.jpg,558,558,RGB,52472,,success,
2026-06-24 11:07:37,厨余,train,D:\Garbage Classification\Garbage_Classification_Organized\dataset\厨余\厨余215.jpg,D:\Garbage Classification\Garbage_Classification_Organized\garbage_dataset_20260624_110735\train\厨余\厨余215.jpg,厨余215.jpg,厨余215.jpg,558,558,RGB,54351,,success,
2026-06-24 11:07:37,厨余,train,D:\Garbage Classification\Garbage_Classification_Organized\dataset\厨余\厨余178.jpg,D:\Garbage Classification\Garbage_Classification_Organized\garbage_dataset_20260624_110735\train\厨余\厨余178.jpg,厨余178.jpg,厨余178.jpg,1280,720,RGB,87006,,success,
2026-06-24 11:07:37,厨余,train,D:\Garbage Classification\Garbage_Classification_Organized\dataset\厨余\厨余99.jpg,D:\Garbage Classification\Garbage_Classification_Organized\garbage_dataset_20260624_110735\train\厨余\厨余99.jpg,厨余99.jpg,厨余99.jpg,1280,720,RGB,84941,,success,
2026-06-24 11:07:37,厨余,train,D:\Garbage Classification\Garbage_Classification_Organized\dataset\厨余\厨余162.jpg,D:\Garbage Classification\Garbage_Classification_Organized\garbage_dataset_20260624_110735\train\厨余\厨余162.jpg,厨余162.jpg,厨余162.jpg,1280,720,RGB,90707,,success,
2026-06-24 11:07:37,厨余,train,D:\Garbage Classification\Garbage_Classification_Organized\dataset\厨余\厨余114.jpg,D:\Garbage Classification\Garbage_Classification_Organized\garbage_dataset_20260624_110735\train\厨余\厨余114.jpg,厨余114.jpg,厨余114.jpg,1280,720,RGB,75454,,success,
2026-06-24 11:07:37,厨余,train,D:\Garbage Classification\Garbage_Classification_Organized\dataset\厨余\厨余13.jpg,D:\Garbage Classification\Garbage_Classification_Organized\garbage_dataset_20260624_110735\train\厨余\厨余13.jpg,厨余13.jpg,厨余13.jpg,137,135,RGB,4623,,success,
2026-06-24 11:07:37,厨余,train,D:\Garbage Classification\Garbage_Classification_Organized\dataset\厨余\厨余46.jpg,D:\Garbage Classification\Garbage_Classification_Organized\garbage_dataset_20260624_110735\train\厨余\厨余46.jpg,厨余46.jpg,厨余46.jpg,233,194,RGB,12907,,success,
2026-06-24 11:07:37,厨余,train,D:\Garbage Classification\Garbage_Classification_Organized\dataset\厨余\厨余264.jpg,D:\Garbage Classification\Garbage_Classification_Organized\garbage_dataset_20260624_110735\train\厨余\厨余264.jpg,厨余264.jpg,厨余264.jpg,558,558,RGB,51150,,success,
2026-06-24 11:07:37,厨余,train,D:\Garbage Classification\Garbage_Classification_Organized\dataset\厨余\厨余188.jpg,D:\Garbage Classification\Garbage_Classification_Organized\garbage_dataset_20260624_110735\train\厨余\厨余188.jpg,厨余188.jpg,厨余188.jpg,558,558,RGB,62503,,success,
2026-06-24 11:07:37,厨余,train,D:\Garbage Classification\Garbage_Classification_Organized\dataset\厨余\厨余132.jpg,D:\Garbage Classification\Garbage_Classification_Organized\garbage_dataset_20260624_110735\train\厨余\厨余132.jpg,厨余132.jpg,厨余132.jpg,1280,720,RGB,78258,,success,
2026-06-24 11:07:37,厨余,train,D:\Garbage Classification\Garbage_Classification_Organized\dataset\厨余\厨余261.jpg,D:\Garbage Classification\Garbage_Classification_Organized\garbage_dataset_20260624_110735\train\厨余\厨余261.jpg,厨余261.jpg,厨余261.jpg,558,558,RGB,53947,,success,
2026-06-24 11:07:37,厨余,train,D:\Garbage Classification\Garbage_Classification_Organized\dataset\厨余\厨余277.jpg,D:\Garbage Classification\Garbage_Classification_Organized\garbage_dataset_20260624_110735\train\厨余\厨余277.jpg,厨余277.jpg,厨余277.jpg,558,558,RGB,51858,,success,
2026-06-24 11:07:37,厨余,train,D:\Garbage Classification\Garbage_Classification_Organized\dataset\厨余\厨余155.jpg,D:\Garbage Classification\Garbage_Classification_Organized\garbage_dataset_20260624_110735\train\厨余\厨余155.jpg,厨余155.jpg,厨余155.jpg,1280,720,RGB,73803,,success,
2026-06-24 11:07:37,厨余,train,D:\Garbage Classification\Garbage_Classification_Organized\dataset\厨余\厨余40.jpg,D:\Garbage Classification\Garbage_Classification_Organized\garbage_dataset_20260624_110735\train\厨余\厨余40.jpg,厨余40.jpg,厨余40.jpg,152,206,RGB,10173,,success,
2026-06-24 11:07:37,厨余,train,D:\Garbage Classification\Garbage_Classification_Organized\dataset\厨余\厨余21.jpg,D:\Garbage Classification\Garbage_Classification_Organized\garbage_dataset_20260624_110735\train\厨余\厨余21.jpg,厨余21.jpg,厨余21.jpg,204,189,RGB,8996,,success,
2026-06-24 11:07:37,厨余,train,D:\Garbage Classification\Garbage_Classification_Organized\dataset\厨余\厨余195.jpg,D:\Garbage Classification\Garbage_Classification_Organized\garbage_dataset_20260624_110735\train\厨余\厨余195.jpg,厨余195.jpg,厨余195.jpg,558,558,RGB,57927,,success,
2026-06-24 11:07:37,厨余,train,D:\Garbage Classification\Garbage_Classification_Organized\dataset\厨余\厨余161.jpg,D:\Garbage Classification\Garbage_Classification_Organized\garbage_dataset_20260624_110735\train\厨余\厨余161.jpg,厨余161.jpg,厨余161.jpg,1280,720,RGB,87468,,success,
2026-06-24 11:07:37,厨余,train,D:\Garbage Classification\Garbage_Classification_Organized\dataset\厨余\厨余216.jpg,D:\Garbage Classification\Garbage_Classification_Organized\garbage_dataset_20260624_110735\train\厨余\厨余216.jpg,厨余216.jpg,厨余216.jpg,558,558,RGB,55395,,success,
2026-06-24 11:07:37,厨余,train,D:\Garbage Classification\Garbage_Classification_Organized\dataset\厨余\厨余166.jpg,D:\Garbage Classification\Garbage_Classification_Organized\garbage_dataset_20260624_110735\train\厨余\厨余166.jpg,厨余166.jpg,厨余166.jpg,1280,720,RGB,95942,,success,
2026-06-24 11:07:37,厨余,train,D:\Garbage Classification\Garbage_Classification_Organized\dataset\厨余\厨余260.jpg,D:\Garbage Classification\Garbage_Classification_Organized\garbage_dataset_20260624_110735\train\厨余\厨余260.jpg,厨余260.jpg,厨余260.jpg,558,558,RGB,49892,,success,
2026-06-24 11:07:37,厨余,train,D:\Garbage Classification\Garbage_Classification_Organized\dataset\厨余\厨余134.jpg,D:\Garbage Classification\Garbage_Classification_Organized\garbage_dataset_20260624_110735\train\厨余\厨余134.jpg,厨余134.jpg,厨余134.jpg,1280,720,RGB,77874,,success,
2026-06-24 11:07:37,厨余,train,D:\Garbage Classification\Garbage_Classification_Organized\dataset\厨余\厨余88.jpg,D:\Garbage Classification\Garbage_Classification_Organized\garbage_dataset_20260624_110735\train\厨余\厨余88.jpg,厨余88.jpg,厨余88.jpg,1280,720,RGB,79115,,success,
2026-06-24 11:07:37,厨余,train,D:\Garbage Classification\Garbage_Classification_Organized\dataset\厨余\厨余267.jpg,D:\Garbage Classification\Garbage_Classification_Organized\garbage_dataset_20260624_110735\train\厨余\厨余267.jpg,厨余267.jpg,厨余267.jpg,558,558,RGB,48992,,success,
2026-06-24 11:07:37,厨余,train,D:\Garbage Classification\Garbage_Classification_Organized\dataset\厨余\厨余272.jpg,D:\Garbage Classification\Garbage_Classification_Organized\garbage_dataset_20260624_110735\train\厨余\厨余272.jpg,厨余272.jpg,厨余272.jpg,558,558,RGB,51265,,success,
2026-06-24 11:07:37,厨余,train,D:\Garbage Classification\Garbage_Classification_Organized\dataset\厨余\厨余150.jpg,D:\Garbage Classification\Garbage_Classification_Organized\garbage_dataset_20260624_110735\train\厨余\厨余150.jpg,厨余150.jpg,厨余150.jpg,1280,720,RGB,76336,,success,
2026-06-24 11:07:37,厨余,train,D:\Garbage Classification\Garbage_Classification_Organized\dataset\厨余\厨余41.jpg,D:\Garbage Classification\Garbage_Classification_Organized\garbage_dataset_20260624_110735\train\厨余\厨余41.jpg,厨余41.jpg,厨余41.jpg,171,200,RGB,10558,,success,
2026-06-24 11:07:37,厨余,train,D:\Garbage Classification\Garbage_Classification_Organized\dataset\厨余\厨余39.jpg,D:\Garbage Classification\Garbage_Classification_Organized\garbage_dataset_20260624_110735\train\厨余\厨余39.jpg,厨余39.jpg,厨余39.jpg,154,196,RGB,9991,,success,
2026-06-24 11:07:37,厨余,train,D:\Garbage Classification\Garbage_Classification_Organized\dataset\厨余\厨余5.jpg,D:\Garbage Classification\Garbage_Classification_Organized\garbage_dataset_20260624_110735\train\厨余\厨余5.jpg,厨余5.jpg,厨余5.jpg,140,138,RGB,4732,,success,
2026-06-24 11:07:37,厨余,train,D:\Garbage Classification\Garbage_Classification_Organized\dataset\厨余\厨余101.jpg,D:\Garbage Classification\Garbage_Classification_Organized\garbage_dataset_20260624_110735\train\厨余\厨余101.jpg,厨余101.jpg,厨余101.jpg,1280,720,RGB,81620,,success,
2026-06-24 11:07:37,厨余,train,D:\Garbage Classification\Garbage_Classification_Organized\dataset\厨余\厨余226.jpg,D:\Garbage Classification\Garbage_Classification_Organized\garbage_dataset_20260624_110735\train\厨余\厨余226.jpg,厨余226.jpg,厨余226.jpg,558,558,RGB,55525,,success,
2026-06-24 11:07:37,厨余,train,D:\Garbage Classification\Garbage_Classification_Organized\dataset\厨余\厨余170.jpg,D:\Garbage Classification\Garbage_Classification_Organized\garbage_dataset_20260624_110735\train\厨余\厨余170.jpg,厨余170.jpg,厨余170.jpg,1280,720,RGB,91709,,success,
2026-06-24 11:07:37,厨余,train,D:\Garbage Classification\Garbage_Classification_Organized\dataset\厨余\厨余135.jpg,D:\Garbage Classification\Garbage_Classification_Organized\garbage_dataset_20260624_110735\train\厨余\厨余135.jpg,厨余135.jpg,厨余135.jpg,1280,720,RGB,79089,,success,
2026-06-24 11:07:37,厨余,train,D:\Garbage Classification\Garbage_Classification_Organized\dataset\厨余\厨余154.jpg,D:\Garbage Classification\Garbage_Classification_Organized\garbage_dataset_20260624_110735\train\厨余\厨余154.jpg,厨余154.jpg,厨余154.jpg,1280,720,RGB,74677,,success,
2026-06-24 11:07:37,厨余,train,D:\Garbage Classification\Garbage_Classification_Organized\dataset\厨余\厨余81.jpg,D:\Garbage Classification\Garbage_Classification_Organized\garbage_dataset_20260624_110735\train\厨余\厨余81.jpg,厨余81.jpg,厨余81.jpg,1280,720,RGB,81410,,success,
2026-06-24 11:07:37,厨余,train,D:\Garbage Classification\Garbage_Classification_Organized\dataset\厨余\厨余244.jpg,D:\Garbage Classification\Garbage_Classification_Organized\garbage_dataset_20260624_110735\train\厨余\厨余244.jpg,厨余244.jpg,厨余244.jpg,558,558,RGB,51205,,success,
2026-06-24 11:07:37,厨余,train,D:\Garbage Classification\Garbage_Classification_Organized\dataset\厨余\厨余105.jpg,D:\Garbage Classification\Garbage_Classification_Organized\garbage_dataset_20260624_110735\train\厨余\厨余105.jpg,厨余105.jpg,厨余105.jpg,1280,720,RGB,80797,,success,
2026-06-24 11:07:37,厨余,train,D:\Garbage Classification\Garbage_Classification_Organized\dataset\厨余\厨余127.jpg,D:\Garbage Classification\Garbage_Classification_Organized\garbage_dataset_20260624_110735\train\厨余\厨余127.jpg,厨余127.jpg,厨余127.jpg,1280,720,RGB,76150,,success,
2026-06-24 11:07:37,厨余,train,D:\Garbage Classification\Garbage_Classification_Organized\dataset\厨余\厨余210.jpg,D:\Garbage Classification\Garbage_Classification_Organized\garbage_dataset_20260624_110735\train\厨余\厨余210.jpg,厨余210.jpg,厨余210.jpg,558,558,RGB,59292,,success,
2026-06-24 11:07:37,厨余,train,D:\Garbage Classification\Garbage_Classification_Organized\dataset\厨余\厨余20.jpg,D:\Garbage Classification\Garbage_Classification_Organized\garbage_dataset_20260624_110735\train\厨余\厨余20.jpg,厨余20.jpg,厨余20.jpg,218,199,RGB,10376,,success,
2026-06-24 11:07:37,厨余,train,D:\Garbage Classification\Garbage_Classification_Organized\dataset\厨余\厨余3.jpg,D:\Garbage Classification\Garbage_Classification_Organized\garbage_dataset_20260624_110735\train\厨余\厨余3.jpg,厨余3.jpg,厨余3.jpg,209,175,RGB,9140,,success,
2026-06-24 11:07:37,厨余,train,D:\Garbage Classification\Garbage_Classification_Organized\dataset\厨余\厨余129.jpg,D:\Garbage Classification\Garbage_Classification_Organized\garbage_dataset_20260624_110735\train\厨余\厨余129.jpg,厨余129.jpg,厨余129.jpg,1280,720,RGB,75522,,success,
2026-06-24 11:07:37,厨余,train,D:\Garbage Classification\Garbage_Classification_Organized\dataset\厨余\厨余279.jpg,D:\Garbage Classification\Garbage_Classification_Organized\garbage_dataset_20260624_110735\train\厨余\厨余279.jpg,厨余279.jpg,厨余279.jpg,558,558,RGB,52598,,success,
2026-06-24 11:07:37,厨余,train,D:\Garbage Classification\Garbage_Classification_Organized\dataset\厨余\厨余57.jpg,D:\Garbage Classification\Garbage_Classification_Organized\garbage_dataset_20260624_110735\train\厨余\厨余57.jpg,厨余57.jpg,厨余57.jpg,158,234,RGB,12492,,success,
2026-06-24 11:07:37,厨余,train,D:\Garbage Classification\Garbage_Classification_Organized\dataset\厨余\厨余146.jpg,D:\Garbage Classification\Garbage_Classification_Organized\garbage_dataset_20260624_110735\train\厨余\厨余146.jpg,厨余146.jpg,厨余146.jpg,1280,720,RGB,74718,,success,
2026-06-24 11:07:37,厨余,train,D:\Garbage Classification\Garbage_Classification_Organized\dataset\厨余\厨余265.jpg,D:\Garbage Classification\Garbage_Classification_Organized\garbage_dataset_20260624_110735\train\厨余\厨余265.jpg,厨余265.jpg,厨余265.jpg,558,558,RGB,51064,,success,
2026-06-24 11:07:37,厨余,train,D:\Garbage Classification\Garbage_Classification_Organized\dataset\厨余\厨余77.jpg,D:\Garbage Classification\Garbage_Classification_Organized\garbage_dataset_20260624_110735\train\厨余\厨余77.jpg,厨余77.jpg,厨余77.jpg,1280,720,RGB,82807,,success,
2026-06-24 11:07:37,厨余,train,D:\Garbage Classification\Garbage_Classification_Organized\dataset\厨余\厨余243.jpg,D:\Garbage Classification\Garbage_Classification_Organized\garbage_dataset_20260624_110735\train\厨余\厨余243.jpg,厨余243.jpg,厨余243.jpg,558,558,RGB,53679,,success,
2026-06-24 11:07:37,厨余,train,D:\Garbage Classification\Garbage_Classification_Organized\dataset\厨余\厨余213.jpg,D:\Garbage Classification\Garbage_Classification_Organized\garbage_dataset_20260624_110735\train\厨余\厨余213.jpg,厨余213.jpg,厨余213.jpg,558,558,RGB,62675,,success,
2026-06-24 11:07:37,厨余,train,D:\Garbage Classification\Garbage_Classification_Organized\dataset\厨余\厨余242.jpg,D:\Garbage Classification\Garbage_Classification_Organized\garbage_dataset_20260624_110735\train\厨余\厨余242.jpg,厨余242.jpg,厨余242.jpg,558,558,RGB,53727,,success,
2026-06-24 11:07:37,厨余,train,D:\Garbage Classification\Garbage_Classification_Organized\dataset\厨余\厨余182.jpg,D:\Garbage Classification\Garbage_Classification_Organized\garbage_dataset_20260624_110735\train\厨余\厨余182.jpg,厨余182.jpg,厨余182.jpg,1280,720,RGB,89147,,success,
2026-06-24 11:07:37,厨余,train,D:\Garbage Classification\Garbage_Classification_Organized\dataset\厨余\厨余50.jpg,D:\Garbage Classification\Garbage_Classification_Organized\garbage_dataset_20260624_110735\train\厨余\厨余50.jpg,厨余50.jpg,厨余50.jpg,182,173,RGB,10553,,success,
2026-06-24 11:07:37,厨余,train,D:\Garbage Classification\Garbage_Classification_Organized\dataset\厨余\厨余142.jpg,D:\Garbage Classification\Garbage_Classification_Organized\garbage_dataset_20260624_110735\train\厨余\厨余142.jpg,厨余142.jpg,厨余142.jpg,1280,720,RGB,75572,,success,
2026-06-24 11:07:37,厨余,train,D:\Garbage Classification\Garbage_Classification_Organized\dataset\厨余\厨余110.jpg,D:\Garbage Classification\Garbage_Classification_Organized\garbage_dataset_20260624_110735\train\厨余\厨余110.jpg,厨余110.jpg,厨余110.jpg,1280,720,RGB,76414,,success,
2026-06-24 11:07:37,厨余,train,D:\Garbage Classification\Garbage_Classification_Organized\dataset\厨余\厨余80.jpg,D:\Garbage Classification\Garbage_Classification_Organized\garbage_dataset_20260624_110735\train\厨余\厨余80.jpg,厨余80.jpg,厨余80.jpg,1280,720,RGB,77520,,success,
2026-06-24 11:07:37,厨余,train,D:\Garbage Classification\Garbage_Classification_Organized\dataset\厨余\厨余205.jpg,D:\Garbage Classification\Garbage_Classification_Organized\garbage_dataset_20260624_110735\train\厨余\厨余205.jpg,厨余205.jpg,厨余205.jpg,558,558,RGB,63174,,success,
2026-06-24 11:07:37,厨余,train,D:\Garbage Classification\Garbage_Classification_Organized\dataset\厨余\厨余223.jpg,D:\Garbage Classification\Garbage_Classification_Organized\garbage_dataset_20260624_110735\train\厨余\厨余223.jpg,厨余223.jpg,厨余223.jpg,558,558,RGB,58123,,success,
2026-06-24 11:07:37,厨余,train,D:\Garbage Classification\Garbage_Classification_Organized\dataset\厨余\厨余250.jpg,D:\Garbage Classification\Garbage_Classification_Organized\garbage_dataset_20260624_110735\train\厨余\厨余250.jpg,厨余250.jpg,厨余250.jpg,558,558,RGB,53622,,success,
2026-06-24 11:07:37,厨余,train,D:\Garbage Classification\Garbage_Classification_Organized\dataset\厨余\厨余1.jpg,D:\Garbage Classification\Garbage_Classification_Organized\garbage_dataset_20260624_110735\train\厨余\厨余1.jpg,厨余1.jpg,厨余1.jpg,183,194,RGB,8693,,success,
2026-06-24 11:07:37,厨余,train,D:\Garbage Classification\Garbage_Classification_Organized\dataset\厨余\厨余217.jpg,D:\Garbage Classification\Garbage_Classification_Organized\garbage_dataset_20260624_110735\train\厨余\厨余217.jpg,厨余217.jpg,厨余217.jpg,558,558,RGB,57681,,success,
2026-06-24 11:07:37,厨余,train,D:\Garbage Classification\Garbage_Classification_Organized\dataset\厨余\厨余192.jpg,D:\Garbage Classification\Garbage_Classification_Organized\garbage_dataset_20260624_110735\train\厨余\厨余192.jpg,厨余192.jpg,厨余192.jpg,558,558,RGB,63422,,success,
2026-06-24 11:07:37,厨余,train,D:\Garbage Classification\Garbage_Classification_Organized\dataset\厨余\厨余125.jpg,D:\Garbage Classification\Garbage_Classification_Organized\garbage_dataset_20260624_110735\train\厨余\厨余125.jpg,厨余125.jpg,厨余125.jpg,1280,720,RGB,75795,,success,
2026-06-24 11:07:37,厨余,train,D:\Garbage Classification\Garbage_Classification_Organized\dataset\厨余\厨余37.jpg,D:\Garbage Classification\Garbage_Classification_Organized\garbage_dataset_20260624_110735\train\厨余\厨余37.jpg,厨余37.jpg,厨余37.jpg,173,198,RGB,10901,,success,
2026-06-24 11:07:37,厨余,train,D:\Garbage Classification\Garbage_Classification_Organized\dataset\厨余\厨余69.jpg,D:\Garbage Classification\Garbage_Classification_Organized\garbage_dataset_20260624_110735\train\厨余\厨余69.jpg,厨余69.jpg,厨余69.jpg,1280,720,RGB,79088,,success,
2026-06-24 11:07:37,厨余,train,D:\Garbage Classification\Garbage_Classification_Organized\dataset\厨余\厨余171.jpg,D:\Garbage Classification\Garbage_Classification_Organized\garbage_dataset_20260624_110735\train\厨余\厨余171.jpg,厨余171.jpg,厨余171.jpg,1280,720,RGB,89970,,success,
2026-06-24 11:07:37,厨余,val,D:\Garbage Classification\Garbage_Classification_Organized\dataset\厨余\厨余119.jpg,D:\Garbage Classification\Garbage_Classification_Organized\garbage_dataset_20260624_110735\val\厨余\厨余119.jpg,厨余119.jpg,厨余119.jpg,1280,720,RGB,75870,,success,
2026-06-24 11:07:37,厨余,val,D:\Garbage Classification\Garbage_Classification_Organized\dataset\厨余\厨余203.jpg,D:\Garbage Classification\Garbage_Classification_Organized\garbage_dataset_20260624_110735\val\厨余\厨余203.jpg,厨余203.jpg,厨余203.jpg,558,558,RGB,61272,,success,
2026-06-24 11:07:37,厨余,val,D:\Garbage Classification\Garbage_Classification_Organized\dataset\厨余\厨余107.jpg,D:\Garbage Classification\Garbage_Classification_Organized\garbage_dataset_20260624_110735\val\厨余\厨余107.jpg,厨余107.jpg,厨余107.jpg,1280,720,RGB,76023,,success,
2026-06-24 11:07:37,厨余,val,D:\Garbage Classification\Garbage_Classification_Organized\dataset\厨余\厨余225.jpg,D:\Garbage Classification\Garbage_Classification_Organized\garbage_dataset_20260624_110735\val\厨余\厨余225.jpg,厨余225.jpg,厨余225.jpg,558,558,RGB,60770,,success,
2026-06-24 11:07:37,厨余,val,D:\Garbage Classification\Garbage_Classification_Organized\dataset\厨余\厨余274.jpg,D:\Garbage Classification\Garbage_Classification_Organized\garbage_dataset_20260624_110735\val\厨余\厨余274.jpg,厨余274.jpg,厨余274.jpg,558,558,RGB,52666,,success,
2026-06-24 11:07:37,厨余,val,D:\Garbage Classification\Garbage_Classification_Organized\dataset\厨余\厨余191.jpg,D:\Garbage Classification\Garbage_Classification_Organized\garbage_dataset_20260624_110735\val\厨余\厨余191.jpg,厨余191.jpg,厨余191.jpg,558,558,RGB,63300,,success,
2026-06-24 11:07:37,厨余,val,D:\Garbage Classification\Garbage_Classification_Organized\dataset\厨余\厨余251.jpg,D:\Garbage Classification\Garbage_Classification_Organized\garbage_dataset_20260624_110735\val\厨余\厨余251.jpg,厨余251.jpg,厨余251.jpg,558,558,RGB,52265,,success,
2026-06-24 11:07:37,厨余,val,D:\Garbage Classification\Garbage_Classification_Organized\dataset\厨余\厨余165.jpg,D:\Garbage Classification\Garbage_Classification_Organized\garbage_dataset_20260624_110735\val\厨余\厨余165.jpg,厨余165.jpg,厨余165.jpg,1280,720,RGB,85951,,success,
2026-06-24 11:07:37,厨余,val,D:\Garbage Classification\Garbage_Classification_Organized\dataset\厨余\厨余212.jpg,D:\Garbage Classification\Garbage_Classification_Organized\garbage_dataset_20260624_110735\val\厨余\厨余212.jpg,厨余212.jpg,厨余212.jpg,558,558,RGB,58624,,success,
2026-06-24 11:07:37,厨余,val,D:\Garbage Classification\Garbage_Classification_Organized\dataset\厨余\厨余259.jpg,D:\Garbage Classification\Garbage_Classification_Organized\garbage_dataset_20260624_110735\val\厨余\厨余259.jpg,厨余259.jpg,厨余259.jpg,558,558,RGB,53614,,success,
2026-06-24 11:07:37,厨余,val,D:\Garbage Classification\Garbage_Classification_Organized\dataset\厨余\厨余194.jpg,D:\Garbage Classification\Garbage_Classification_Organized\garbage_dataset_20260624_110735\val\厨余\厨余194.jpg,厨余194.jpg,厨余194.jpg,558,558,RGB,58405,,success,
2026-06-24 11:07:37,厨余,val,D:\Garbage Classification\Garbage_Classification_Organized\dataset\厨余\厨余87.jpg,D:\Garbage Classification\Garbage_Classification_Organized\garbage_dataset_20260624_110735\val\厨余\厨余87.jpg,厨余87.jpg,厨余87.jpg,1280,720,RGB,77474,,success,
2026-06-24 11:07:37,厨余,val,D:\Garbage Classification\Garbage_Classification_Organized\dataset\厨余\厨余136.jpg,D:\Garbage Classification\Garbage_Classification_Organized\garbage_dataset_20260624_110735\val\厨余\厨余136.jpg,厨余136.jpg,厨余136.jpg,1280,720,RGB,77114,,success,
2026-06-24 11:07:37,厨余,val,D:\Garbage Classification\Garbage_Classification_Organized\dataset\厨余\厨余122.jpg,D:\Garbage Classification\Garbage_Classification_Organized\garbage_dataset_20260624_110735\val\厨余\厨余122.jpg,厨余122.jpg,厨余122.jpg,1280,720,RGB,73125,,success,
2026-06-24 11:07:37,厨余,val,D:\Garbage Classification\Garbage_Classification_Organized\dataset\厨余\厨余253.jpg,D:\Garbage Classification\Garbage_Classification_Organized\garbage_dataset_20260624_110735\val\厨余\厨余253.jpg,厨余253.jpg,厨余253.jpg,558,558,RGB,53569,,success,
2026-06-24 11:07:37,厨余,val,D:\Garbage Classification\Garbage_Classification_Organized\dataset\厨余\厨余70.jpg,D:\Garbage Classification\Garbage_Classification_Organized\garbage_dataset_20260624_110735\val\厨余\厨余70.jpg,厨余70.jpg,厨余70.jpg,1280,720,RGB,84620,,success,
2026-06-24 11:07:37,厨余,val,D:\Garbage Classification\Garbage_Classification_Organized\dataset\厨余\厨余176.jpg,D:\Garbage Classification\Garbage_Classification_Organized\garbage_dataset_20260624_110735\val\厨余\厨余176.jpg,厨余176.jpg,厨余176.jpg,1280,720,RGB,89497,,success,
2026-06-24 11:07:37,厨余,val,D:\Garbage Classification\Garbage_Classification_Organized\dataset\厨余\厨余193.jpg,D:\Garbage Classification\Garbage_Classification_Organized\garbage_dataset_20260624_110735\val\厨余\厨余193.jpg,厨余193.jpg,厨余193.jpg,558,558,RGB,62774,,success,
2026-06-24 11:07:37,厨余,val,D:\Garbage Classification\Garbage_Classification_Organized\dataset\厨余\厨余18.jpg,D:\Garbage Classification\Garbage_Classification_Organized\garbage_dataset_20260624_110735\val\厨余\厨余18.jpg,厨余18.jpg,厨余18.jpg,173,178,RGB,7933,,success,
2026-06-24 11:07:37,厨余,val,D:\Garbage Classification\Garbage_Classification_Organized\dataset\厨余\厨余73.jpg,D:\Garbage Classification\Garbage_Classification_Organized\garbage_dataset_20260624_110735\val\厨余\厨余73.jpg,厨余73.jpg,厨余73.jpg,1280,720,RGB,81786,,success,
2026-06-24 11:07:37,厨余,val,D:\Garbage Classification\Garbage_Classification_Organized\dataset\厨余\厨余67.jpg,D:\Garbage Classification\Garbage_Classification_Organized\garbage_dataset_20260624_110735\val\厨余\厨余67.jpg,厨余67.jpg,厨余67.jpg,1280,720,RGB,81660,,success,
2026-06-24 11:07:37,厨余,val,D:\Garbage Classification\Garbage_Classification_Organized\dataset\厨余\厨余211.jpg,D:\Garbage Classification\Garbage_Classification_Organized\garbage_dataset_20260624_110735\val\厨余\厨余211.jpg,厨余211.jpg,厨余211.jpg,558,558,RGB,59777,,success,
2026-06-24 11:07:37,厨余,val,D:\Garbage Classification\Garbage_Classification_Organized\dataset\厨余\厨余34.jpg,D:\Garbage Classification\Garbage_Classification_Organized\garbage_dataset_20260624_110735\val\厨余\厨余34.jpg,厨余34.jpg,厨余34.jpg,174,170,RGB,9960,,success,
2026-06-24 11:07:37,厨余,val,D:\Garbage Classification\Garbage_Classification_Organized\dataset\厨余\厨余245.jpg,D:\Garbage Classification\Garbage_Classification_Organized\garbage_dataset_20260624_110735\val\厨余\厨余245.jpg,厨余245.jpg,厨余245.jpg,558,558,RGB,51347,,success,
2026-06-24 11:07:37,厨余,val,D:\Garbage Classification\Garbage_Classification_Organized\dataset\厨余\厨余2.jpg,D:\Garbage Classification\Garbage_Classification_Organized\garbage_dataset_20260624_110735\val\厨余\厨余2.jpg,厨余2.jpg,厨余2.jpg,195,180,RGB,8310,,success,
2026-06-24 11:07:37,厨余,val,D:\Garbage Classification\Garbage_Classification_Organized\dataset\厨余\厨余233.jpg,D:\Garbage Classification\Garbage_Classification_Organized\garbage_dataset_20260624_110735\val\厨余\厨余233.jpg,厨余233.jpg,厨余233.jpg,558,558,RGB,54939,,success,
2026-06-24 11:07:37,厨余,val,D:\Garbage Classification\Garbage_Classification_Organized\dataset\厨余\厨余140.jpg,D:\Garbage Classification\Garbage_Classification_Organized\garbage_dataset_20260624_110735\val\厨余\厨余140.jpg,厨余140.jpg,厨余140.jpg,1280,720,RGB,73748,,success,
2026-06-24 11:07:37,厨余,val,D:\Garbage Classification\Garbage_Classification_Organized\dataset\厨余\厨余163.jpg,D:\Garbage Classification\Garbage_Classification_Organized\garbage_dataset_20260624_110735\val\厨余\厨余163.jpg,厨余163.jpg,厨余163.jpg,1280,720,RGB,89095,,success,
2026-06-24 11:07:37,厨余,val,D:\Garbage Classification\Garbage_Classification_Organized\dataset\厨余\厨余200.jpg,D:\Garbage Classification\Garbage_Classification_Organized\garbage_dataset_20260624_110735\val\厨余\厨余200.jpg,厨余200.jpg,厨余200.jpg,558,558,RGB,60688,,success,
2026-06-24 11:07:37,厨余,val,D:\Garbage Classification\Garbage_Classification_Organized\dataset\厨余\厨余249.jpg,D:\Garbage Classification\Garbage_Classification_Organized\garbage_dataset_20260624_110735\val\厨余\厨余249.jpg,厨余249.jpg,厨余249.jpg,558,558,RGB,52895,,success,
2026-06-24 11:07:37,厨余,val,D:\Garbage Classification\Garbage_Classification_Organized\dataset\厨余\厨余218.jpg,D:\Garbage Classification\Garbage_Classification_Organized\garbage_dataset_20260624_110735\val\厨余\厨余218.jpg,厨余218.jpg,厨余218.jpg,558,558,RGB,52487,,success,
2026-06-24 11:07:37,厨余,val,D:\Garbage Classification\Garbage_Classification_Organized\dataset\厨余\厨余207.jpg,D:\Garbage Classification\Garbage_Classification_Organized\garbage_dataset_20260624_110735\val\厨余\厨余207.jpg,厨余207.jpg,厨余207.jpg,558,558,RGB,57444,,success,
2026-06-24 11:07:37,厨余,val,D:\Garbage Classification\Garbage_Classification_Organized\dataset\厨余\厨余139.jpg,D:\Garbage Classification\Garbage_Classification_Organized\garbage_dataset_20260624_110735\val\厨余\厨余139.jpg,厨余139.jpg,厨余139.jpg,1280,720,RGB,75428,,success,
2026-06-24 11:07:37,厨余,val,D:\Garbage Classification\Garbage_Classification_Organized\dataset\厨余\厨余273.jpg,D:\Garbage Classification\Garbage_Classification_Organized\garbage_dataset_20260624_110735\val\厨余\厨余273.jpg,厨余273.jpg,厨余273.jpg,558,558,RGB,51412,,success,
2026-06-24 11:07:37,厨余,val,D:\Garbage Classification\Garbage_Classification_Organized\dataset\厨余\厨余6.jpg,D:\Garbage Classification\Garbage_Classification_Organized\garbage_dataset_20260624_110735\val\厨余\厨余6.jpg,厨余6.jpg,厨余6.jpg,141,126,RGB,4685,,success,
2026-06-24 11:07:37,厨余,val,D:\Garbage Classification\Garbage_Classification_Organized\dataset\厨余\厨余79.jpg,D:\Garbage Classification\Garbage_Classification_Organized\garbage_dataset_20260624_110735\val\厨余\厨余79.jpg,厨余79.jpg,厨余79.jpg,1280,720,RGB,76933,,success,
2026-06-24 11:07:37,厨余,val,D:\Garbage Classification\Garbage_Classification_Organized\dataset\厨余\厨余82.jpg,D:\Garbage Classification\Garbage_Classification_Organized\garbage_dataset_20260624_110735\val\厨余\厨余82.jpg,厨余82.jpg,厨余82.jpg,1280,720,RGB,78164,,success,
2026-06-24 11:07:37,厨余,val,D:\Garbage Classification\Garbage_Classification_Organized\dataset\厨余\厨余160.jpg,D:\Garbage Classification\Garbage_Classification_Organized\garbage_dataset_20260624_110735\val\厨余\厨余160.jpg,厨余160.jpg,厨余160.jpg,1280,720,RGB,89156,,success,
2026-06-24 11:07:37,厨余,val,D:\Garbage Classification\Garbage_Classification_Organized\dataset\厨余\厨余36.jpg,D:\Garbage Classification\Garbage_Classification_Organized\garbage_dataset_20260624_110735\val\厨余\厨余36.jpg,厨余36.jpg,厨余36.jpg,246,290,RGB,23060,,success,
2026-06-24 11:07:37,厨余,val,D:\Garbage Classification\Garbage_Classification_Organized\dataset\厨余\厨余65.jpg,D:\Garbage Classification\Garbage_Classification_Organized\garbage_dataset_20260624_110735\val\厨余\厨余65.jpg,厨余65.jpg,厨余65.jpg,1280,720,RGB,79371,,success,
2026-06-24 11:07:37,厨余,val,D:\Garbage Classification\Garbage_Classification_Organized\dataset\厨余\厨余275.jpg,D:\Garbage Classification\Garbage_Classification_Organized\garbage_dataset_20260624_110735\val\厨余\厨余275.jpg,厨余275.jpg,厨余275.jpg,558,558,RGB,51543,,success,
2026-06-24 11:07:37,厨余,val,D:\Garbage Classification\Garbage_Classification_Organized\dataset\厨余\厨余103.jpg,D:\Garbage Classification\Garbage_Classification_Organized\garbage_dataset_20260624_110735\val\厨余\厨余103.jpg,厨余103.jpg,厨余103.jpg,1280,720,RGB,81028,,success,
2026-06-24 11:07:37,厨余,test,D:\Garbage Classification\Garbage_Classification_Organized\dataset\厨余\厨余234.jpg,D:\Garbage Classification\Garbage_Classification_Organized\garbage_dataset_20260624_110735\test\厨余\厨余234.jpg,厨余234.jpg,厨余234.jpg,558,558,RGB,59296,,success,
2026-06-24 11:07:37,厨余,test,D:\Garbage Classification\Garbage_Classification_Organized\dataset\厨余\厨余85.jpg,D:\Garbage Classification\Garbage_Classification_Organized\garbage_dataset_20260624_110735\test\厨余\厨余85.jpg,厨余85.jpg,厨余85.jpg,1280,720,RGB,77162,,success,
2026-06-24 11:07:37,厨余,test,D:\Garbage Classification\Garbage_Classification_Organized\dataset\厨余\厨余45.jpg,D:\Garbage Classification\Garbage_Classification_Organized\garbage_dataset_20260624_110735\test\厨余\厨余45.jpg,厨余45.jpg,厨余45.jpg,156,232,RGB,12335,,success,
2026-06-24 11:07:37,厨余,test,D:\Garbage Classification\Garbage_Classification_Organized\dataset\厨余\厨余4.jpg,D:\Garbage Classification\Garbage_Classification_Organized\garbage_dataset_20260624_110735\test\厨余\厨余4.jpg,厨余4.jpg,厨余4.jpg,159,204,RGB,7612,,success,
2026-06-24 11:07:37,厨余,test,D:\Garbage Classification\Garbage_Classification_Organized\dataset\厨余\厨余254.jpg,D:\Garbage Classification\Garbage_Classification_Organized\garbage_dataset_20260624_110735\test\厨余\厨余254.jpg,厨余254.jpg,厨余254.jpg,558,558,RGB,51403,,success,
2026-06-24 11:07:37,厨余,test,D:\Garbage Classification\Garbage_Classification_Organized\dataset\厨余\厨余93.jpg,D:\Garbage Classification\Garbage_Classification_Organized\garbage_dataset_20260624_110735\test\厨余\厨余93.jpg,厨余93.jpg,厨余93.jpg,1280,720,RGB,81249,,success,
2026-06-24 11:07:37,厨余,test,D:\Garbage Classification\Garbage_Classification_Organized\dataset\厨余\厨余12.jpg,D:\Garbage Classification\Garbage_Classification_Organized\garbage_dataset_20260624_110735\test\厨余\厨余12.jpg,厨余12.jpg,厨余12.jpg,130,135,RGB,4735,,success,
2026-06-24 11:07:37,厨余,test,D:\Garbage Classification\Garbage_Classification_Organized\dataset\厨余\厨余104.jpg,D:\Garbage Classification\Garbage_Classification_Organized\garbage_dataset_20260624_110735\test\厨余\厨余104.jpg,厨余104.jpg,厨余104.jpg,1280,720,RGB,79292,,success,
2026-06-24 11:07:37,厨余,test,D:\Garbage Classification\Garbage_Classification_Organized\dataset\厨余\厨余157.jpg,D:\Garbage Classification\Garbage_Classification_Organized\garbage_dataset_20260624_110735\test\厨余\厨余157.jpg,厨余157.jpg,厨余157.jpg,1280,720,RGB,72691,,success,
2026-06-24 11:07:37,厨余,test,D:\Garbage Classification\Garbage_Classification_Organized\dataset\厨余\厨余238.jpg,D:\Garbage Classification\Garbage_Classification_Organized\garbage_dataset_20260624_110735\test\厨余\厨余238.jpg,厨余238.jpg,厨余238.jpg,558,558,RGB,53603,,success,
2026-06-24 11:07:37,厨余,test,D:\Garbage Classification\Garbage_Classification_Organized\dataset\厨余\厨余173.jpg,D:\Garbage Classification\Garbage_Classification_Organized\garbage_dataset_20260624_110735\test\厨余\厨余173.jpg,厨余173.jpg,厨余173.jpg,1280,720,RGB,90190,,success,
2026-06-24 11:07:37,厨余,test,D:\Garbage Classification\Garbage_Classification_Organized\dataset\厨余\厨余269.jpg,D:\Garbage Classification\Garbage_Classification_Organized\garbage_dataset_20260624_110735\test\厨余\厨余269.jpg,厨余269.jpg,厨余269.jpg,558,558,RGB,50106,,success,
2026-06-24 11:07:37,厨余,test,D:\Garbage Classification\Garbage_Classification_Organized\dataset\厨余\厨余199.jpg,D:\Garbage Classification\Garbage_Classification_Organized\garbage_dataset_20260624_110735\test\厨余\厨余199.jpg,厨余199.jpg,厨余199.jpg,558,558,RGB,61498,,success,
2026-06-24 11:07:37,厨余,test,D:\Garbage Classification\Garbage_Classification_Organized\dataset\厨余\厨余51.jpg,D:\Garbage Classification\Garbage_Classification_Organized\garbage_dataset_20260624_110735\test\厨余\厨余51.jpg,厨余51.jpg,厨余51.jpg,170,195,RGB,9788,,success,
2026-06-24 11:07:37,厨余,test,D:\Garbage Classification\Garbage_Classification_Organized\dataset\厨余\厨余108.jpg,D:\Garbage Classification\Garbage_Classification_Organized\garbage_dataset_20260624_110735\test\厨余\厨余108.jpg,厨余108.jpg,厨余108.jpg,1280,720,RGB,73650,,success,
2026-06-24 11:07:37,厨余,test,D:\Garbage Classification\Garbage_Classification_Organized\dataset\厨余\厨余237.jpg,D:\Garbage Classification\Garbage_Classification_Organized\garbage_dataset_20260624_110735\test\厨余\厨余237.jpg,厨余237.jpg,厨余237.jpg,558,558,RGB,53614,,success,
2026-06-24 11:07:37,厨余,test,D:\Garbage Classification\Garbage_Classification_Organized\dataset\厨余\厨余117.jpg,D:\Garbage Classification\Garbage_Classification_Organized\garbage_dataset_20260624_110735\test\厨余\厨余117.jpg,厨余117.jpg,厨余117.jpg,1280,720,RGB,84273,,success,
2026-06-24 11:07:37,厨余,test,D:\Garbage Classification\Garbage_Classification_Organized\dataset\厨余\厨余84.jpg,D:\Garbage Classification\Garbage_Classification_Organized\garbage_dataset_20260624_110735\test\厨余\厨余84.jpg,厨余84.jpg,厨余84.jpg,1280,720,RGB,77715,,success,
2026-06-24 11:07:37,厨余,test,D:\Garbage Classification\Garbage_Classification_Organized\dataset\厨余\厨余74.jpg,D:\Garbage Classification\Garbage_Classification_Organized\garbage_dataset_20260624_110735\test\厨余\厨余74.jpg,厨余74.jpg,厨余74.jpg,1280,720,RGB,80027,,success,
2026-06-24 11:07:37,厨余,test,D:\Garbage Classification\Garbage_Classification_Organized\dataset\厨余\厨余78.jpg,D:\Garbage Classification\Garbage_Classification_Organized\garbage_dataset_20260624_110735\test\厨余\厨余78.jpg,厨余78.jpg,厨余78.jpg,1280,720,RGB,79098,,success,
2026-06-24 11:07:37,厨余,test,D:\Garbage Classification\Garbage_Classification_Organized\dataset\厨余\厨余224.jpg,D:\Garbage Classification\Garbage_Classification_Organized\garbage_dataset_20260624_110735\test\厨余\厨余224.jpg,厨余224.jpg,厨余224.jpg,558,558,RGB,58941,,success,
2026-06-24 11:07:37,厨余,test,D:\Garbage Classification\Garbage_Classification_Organized\dataset\厨余\厨余32.jpg,D:\Garbage Classification\Garbage_Classification_Organized\garbage_dataset_20260624_110735\test\厨余\厨余32.jpg,厨余32.jpg,厨余32.jpg,172,163,RGB,9597,,success,
2026-06-24 11:07:37,厨余,test,D:\Garbage Classification\Garbage_Classification_Organized\dataset\厨余\厨余239.jpg,D:\Garbage Classification\Garbage_Classification_Organized\garbage_dataset_20260624_110735\test\厨余\厨余239.jpg,厨余239.jpg,厨余239.jpg,558,558,RGB,55504,,success,
2026-06-24 11:07:37,厨余,test,D:\Garbage Classification\Garbage_Classification_Organized\dataset\厨余\厨余62.jpg,D:\Garbage Classification\Garbage_Classification_Organized\garbage_dataset_20260624_110735\test\厨余\厨余62.jpg,厨余62.jpg,厨余62.jpg,1280,720,RGB,81426,,success,
2026-06-24 11:07:37,厨余,test,D:\Garbage Classification\Garbage_Classification_Organized\dataset\厨余\厨余156.jpg,D:\Garbage Classification\Garbage_Classification_Organized\garbage_dataset_20260624_110735\test\厨余\厨余156.jpg,厨余156.jpg,厨余156.jpg,1280,720,RGB,75167,,success,
2026-06-24 11:07:37,厨余,test,D:\Garbage Classification\Garbage_Classification_Organized\dataset\厨余\厨余49.jpg,D:\Garbage Classification\Garbage_Classification_Organized\garbage_dataset_20260624_110735\test\厨余\厨余49.jpg,厨余49.jpg,厨余49.jpg,161,164,RGB,9847,,success,
2026-06-24 11:07:37,厨余,test,D:\Garbage Classification\Garbage_Classification_Organized\dataset\厨余\厨余231.jpg,D:\Garbage Classification\Garbage_Classification_Organized\garbage_dataset_20260624_110735\test\厨余\厨余231.jpg,厨余231.jpg,厨余231.jpg,558,558,RGB,59490,,success,
2026-06-24 11:07:37,厨余,test,D:\Garbage Classification\Garbage_Classification_Organized\dataset\厨余\厨余240.jpg,D:\Garbage Classification\Garbage_Classification_Organized\garbage_dataset_20260624_110735\test\厨余\厨余240.jpg,厨余240.jpg,厨余240.jpg,558,558,RGB,55355,,success,
2026-06-24 11:07:37,厨余,test,D:\Garbage Classification\Garbage_Classification_Organized\dataset\厨余\厨余175.jpg,D:\Garbage Classification\Garbage_Classification_Organized\garbage_dataset_20260624_110735\test\厨余\厨余175.jpg,厨余175.jpg,厨余175.jpg,1280,720,RGB,90238,,success,
2026-06-24 11:07:37,厨余,test,D:\Garbage Classification\Garbage_Classification_Organized\dataset\厨余\厨余126.jpg,D:\Garbage Classification\Garbage_Classification_Organized\garbage_dataset_20260624_110735\test\厨余\厨余126.jpg,厨余126.jpg,厨余126.jpg,1280,720,RGB,72652,,success,
2026-06-24 11:07:37,厨余,test,D:\Garbage Classification\Garbage_Classification_Organized\dataset\厨余\厨余98.jpg,D:\Garbage Classification\Garbage_Classification_Organized\garbage_dataset_20260624_110735\test\厨余\厨余98.jpg,厨余98.jpg,厨余98.jpg,1280,720,RGB,77494,,success,
2026-06-24 11:07:37,厨余,test,D:\Garbage Classification\Garbage_Classification_Organized\dataset\厨余\厨余164.jpg,D:\Garbage Classification\Garbage_Classification_Organized\garbage_dataset_20260624_110735\test\厨余\厨余164.jpg,厨余164.jpg,厨余164.jpg,1280,720,RGB,87779,,success,
2026-06-24 11:07:37,厨余,test,D:\Garbage Classification\Garbage_Classification_Organized\dataset\厨余\厨余221.jpg,D:\Garbage Classification\Garbage_Classification_Organized\garbage_dataset_20260624_110735\test\厨余\厨余221.jpg,厨余221.jpg,厨余221.jpg,558,558,RGB,53158,,success,
2026-06-24 11:07:37,厨余,test,D:\Garbage Classification\Garbage_Classification_Organized\dataset\厨余\厨余168.jpg,D:\Garbage Classification\Garbage_Classification_Organized\garbage_dataset_20260624_110735\test\厨余\厨余168.jpg,厨余168.jpg,厨余168.jpg,1280,720,RGB,88525,,success,
2026-06-24 11:07:37,厨余,test,D:\Garbage Classification\Garbage_Classification_Organized\dataset\厨余\厨余202.jpg,D:\Garbage Classification\Garbage_Classification_Organized\garbage_dataset_20260624_110735\test\厨余\厨余202.jpg,厨余202.jpg,厨余202.jpg,558,558,RGB,63866,,success,
2026-06-24 11:07:37,厨余,test,D:\Garbage Classification\Garbage_Classification_Organized\dataset\厨余\厨余151.jpg,D:\Garbage Classification\Garbage_Classification_Organized\garbage_dataset_20260624_110735\test\厨余\厨余151.jpg,厨余151.jpg,厨余151.jpg,1280,720,RGB,74583,,success,
2026-06-24 11:07:37,厨余,test,D:\Garbage Classification\Garbage_Classification_Organized\dataset\厨余\厨余42.jpg,D:\Garbage Classification\Garbage_Classification_Organized\garbage_dataset_20260624_110735\test\厨余\厨余42.jpg,厨余42.jpg,厨余42.jpg,212,175,RGB,11400,,success,
2026-06-24 11:07:37,厨余,test,D:\Garbage Classification\Garbage_Classification_Organized\dataset\厨余\厨余190.jpg,D:\Garbage Classification\Garbage_Classification_Organized\garbage_dataset_20260624_110735\test\厨余\厨余190.jpg,厨余190.jpg,厨余190.jpg,558,558,RGB,63139,,success,
2026-06-24 11:07:37,厨余,test,D:\Garbage Classification\Garbage_Classification_Organized\dataset\厨余\厨余220.jpg,D:\Garbage Classification\Garbage_Classification_Organized\garbage_dataset_20260624_110735\test\厨余\厨余220.jpg,厨余220.jpg,厨余220.jpg,558,558,RGB,51865,,success,
2026-06-24 11:07:37,厨余,test,D:\Garbage Classification\Garbage_Classification_Organized\dataset\厨余\厨余206.jpg,D:\Garbage Classification\Garbage_Classification_Organized\garbage_dataset_20260624_110735\test\厨余\厨余206.jpg,厨余206.jpg,厨余206.jpg,558,558,RGB,56942,,success,
2026-06-24 11:07:37,厨余,test,D:\Garbage Classification\Garbage_Classification_Organized\dataset\厨余\厨余131.jpg,D:\Garbage Classification\Garbage_Classification_Organized\garbage_dataset_20260624_110735\test\厨余\厨余131.jpg,厨余131.jpg,厨余131.jpg,1280,720,RGB,80195,,success,
2026-06-24 11:07:37,厨余,test,D:\Garbage Classification\Garbage_Classification_Organized\dataset\厨余\厨余56.jpg,D:\Garbage Classification\Garbage_Classification_Organized\garbage_dataset_20260624_110735\test\厨余\厨余56.jpg,厨余56.jpg,厨余56.jpg,144,226,RGB,9552,,success,
2026-06-24 11:07:37,可回收,train,D:\Garbage Classification\Garbage_Classification_Organized\dataset\可回收\可回收193.jpg,D:\Garbage Classification\Garbage_Classification_Organized\garbage_dataset_20260624_110735\train\可回收\可回收193.jpg,可回收193.jpg,可回收193.jpg,558,558,RGB,60882,,success,
2026-06-24 11:07:37,可回收,train,D:\Garbage Classification\Garbage_Classification_Organized\dataset\可回收\可回收_0084.jpg,D:\Garbage Classification\Garbage_Classification_Organized\garbage_dataset_20260624_110735\train\可回收\可回收_0084.jpg,可回收_0084.jpg,可回收_0084.jpg,558,558,RGB,68665,,success,
2026-06-24 11:07:37,可回收,train,D:\Garbage Classification\Garbage_Classification_Organized\dataset\可回收\可回收236.jpg,D:\Garbage Classification\Garbage_Classification_Organized\garbage_dataset_20260624_110735\train\可回收\可回收236.jpg,可回收236.jpg,可回收236.jpg,558,558,RGB,57605,,success,
2026-06-24 11:07:37,可回收,train,D:\Garbage Classification\Garbage_Classification_Organized\dataset\可回收\可回收_0094.jpg,D:\Garbage Classification\Garbage_Classification_Organized\garbage_dataset_20260624_110735\train\可回收\可回收_0094.jpg,可回收_0094.jpg,可回收_0094.jpg,558,558,RGB,65167,,success,
2026-06-24 11:07:37,可回收,train,D:\Garbage Classification\Garbage_Classification_Organized\dataset\可回收\可回收11.jpg,D:\Garbage Classification\Garbage_Classification_Organized\garbage_dataset_20260624_110735\train\可回收\可回收11.jpg,可回收11.jpg,可回收11.jpg,1534,2140,RGB,508690,,success,
2026-06-24 11:07:37,可回收,train,D:\Garbage Classification\Garbage_Classification_Organized\dataset\可回收\可回收10.jpg,D:\Garbage Classification\Garbage_Classification_Organized\garbage_dataset_20260624_110735\train\可回收\可回收10.jpg,可回收10.jpg,可回收10.jpg,1725,1826,RGB,415473,,success,
2026-06-24 11:07:37,可回收,train,D:\Garbage Classification\Garbage_Classification_Organized\dataset\可回收\可回收222.jpg,D:\Garbage Classification\Garbage_Classification_Organized\garbage_dataset_20260624_110735\train\可回收\可回收222.jpg,可回收222.jpg,可回收222.jpg,558,558,RGB,60141,,success,
2026-06-24 11:07:37,可回收,train,D:\Garbage Classification\Garbage_Classification_Organized\dataset\可回收\可回收_0007.jpg,D:\Garbage Classification\Garbage_Classification_Organized\garbage_dataset_20260624_110735\train\可回收\可回收_0007.jpg,可回收_0007.jpg,可回收_0007.jpg,558,558,RGB,64409,,success,
2026-06-24 11:07:37,可回收,train,D:\Garbage Classification\Garbage_Classification_Organized\dataset\可回收\可回收_0075.jpg,D:\Garbage Classification\Garbage_Classification_Organized\garbage_dataset_20260624_110735\train\可回收\可回收_0075.jpg,可回收_0075.jpg,可回收_0075.jpg,558,558,RGB,69400,,success,
2026-06-24 11:07:37,可回收,train,D:\Garbage Classification\Garbage_Classification_Organized\dataset\可回收\可回收246.jpg,D:\Garbage Classification\Garbage_Classification_Organized\garbage_dataset_20260624_110735\train\可回收\可回收246.jpg,可回收246.jpg,可回收246.jpg,558,558,RGB,60345,,success,
2026-06-24 11:07:37,可回收,train,D:\Garbage Classification\Garbage_Classification_Organized\dataset\可回收\可回收_0076.jpg,D:\Garbage Classification\Garbage_Classification_Organized\garbage_dataset_20260624_110735\train\可回收\可回收_0076.jpg,可回收_0076.jpg,可回收_0076.jpg,558,558,RGB,62622,,success,
2026-06-24 11:07:37,可回收,train,D:\Garbage Classification\Garbage_Classification_Organized\dataset\可回收\可回收_0051.jpg,D:\Garbage Classification\Garbage_Classification_Organized\garbage_dataset_20260624_110735\train\可回收\可回收_0051.jpg,可回收_0051.jpg,可回收_0051.jpg,558,558,RGB,57236,,success,
2026-06-24 11:07:37,可回收,train,D:\Garbage Classification\Garbage_Classification_Organized\dataset\可回收\可回收_0085.jpg,D:\Garbage Classification\Garbage_Classification_Organized\garbage_dataset_20260624_110735\train\可回收\可回收_0085.jpg,可回收_0085.jpg,可回收_0085.jpg,558,558,RGB,53589,,success,
2026-06-24 11:07:37,可回收,train,D:\Garbage Classification\Garbage_Classification_Organized\dataset\可回收\可回收230.jpg,D:\Garbage Classification\Garbage_Classification_Organized\garbage_dataset_20260624_110735\train\可回收\可回收230.jpg,可回收230.jpg,可回收230.jpg,558,558,RGB,59768,,success,
2026-06-24 11:07:37,可回收,train,D:\Garbage Classification\Garbage_Classification_Organized\dataset\可回收\可回收_0009.jpg,D:\Garbage Classification\Garbage_Classification_Organized\garbage_dataset_20260624_110735\train\可回收\可回收_0009.jpg,可回收_0009.jpg,可回收_0009.jpg,558,558,RGB,57384,,success,
2026-06-24 11:07:37,可回收,train,D:\Garbage Classification\Garbage_Classification_Organized\dataset\可回收\可回收48.jpg,D:\Garbage Classification\Garbage_Classification_Organized\garbage_dataset_20260624_110735\train\可回收\可回收48.jpg,可回收48.jpg,可回收48.jpg,301,480,RGB,37623,,success,
2026-06-24 11:07:37,可回收,train,D:\Garbage Classification\Garbage_Classification_Organized\dataset\可回收\可回收248.jpg,D:\Garbage Classification\Garbage_Classification_Organized\garbage_dataset_20260624_110735\train\可回收\可回收248.jpg,可回收248.jpg,可回收248.jpg,558,558,RGB,63770,,success,
2026-06-24 11:07:37,可回收,train,D:\Garbage Classification\Garbage_Classification_Organized\dataset\可回收\可回收177.jpg,D:\Garbage Classification\Garbage_Classification_Organized\garbage_dataset_20260624_110735\train\可回收\可回收177.jpg,可回收177.jpg,可回收177.jpg,558,558,RGB,59734,,success,
2026-06-24 11:07:37,可回收,train,D:\Garbage Classification\Garbage_Classification_Organized\dataset\可回收\可回收_0071.jpg,D:\Garbage Classification\Garbage_Classification_Organized\garbage_dataset_20260624_110735\train\可回收\可回收_0071.jpg,可回收_0071.jpg,可回收_0071.jpg,558,558,RGB,61266,,success,
2026-06-24 11:07:37,可回收,train,D:\Garbage Classification\Garbage_Classification_Organized\dataset\可回收\可回收49.jpg,D:\Garbage Classification\Garbage_Classification_Organized\garbage_dataset_20260624_110735\train\可回收\可回收49.jpg,可回收49.jpg,可回收49.jpg,590,280,RGB,39532,,success,
2026-06-24 11:07:37,可回收,train,D:\Garbage Classification\Garbage_Classification_Organized\dataset\可回收\可回收59.jpg,D:\Garbage Classification\Garbage_Classification_Organized\garbage_dataset_20260624_110735\train\可回收\可回收59.jpg,可回收59.jpg,可回收59.jpg,312,398,RGB,31883,,success,
2026-06-24 11:07:37,可回收,train,D:\Garbage Classification\Garbage_Classification_Organized\dataset\可回收\可回收_0015.jpg,D:\Garbage Classification\Garbage_Classification_Organized\garbage_dataset_20260624_110735\train\可回收\可回收_0015.jpg,可回收_0015.jpg,可回收_0015.jpg,558,558,RGB,55737,,success,
2026-06-24 11:07:37,可回收,train,D:\Garbage Classification\Garbage_Classification_Organized\dataset\可回收\可回收_0068.jpg,D:\Garbage Classification\Garbage_Classification_Organized\garbage_dataset_20260624_110735\train\可回收\可回收_0068.jpg,可回收_0068.jpg,可回收_0068.jpg,558,558,RGB,57045,,success,
2026-06-24 11:07:37,可回收,train,D:\Garbage Classification\Garbage_Classification_Organized\dataset\可回收\可回收51.jpg,D:\Garbage Classification\Garbage_Classification_Organized\garbage_dataset_20260624_110735\train\可回收\可回收51.jpg,可回收51.jpg,可回收51.jpg,413,285,RGB,30233,,success,
2026-06-24 11:07:37,可回收,train,D:\Garbage Classification\Garbage_Classification_Organized\dataset\可回收\可回收55.jpg,D:\Garbage Classification\Garbage_Classification_Organized\garbage_dataset_20260624_110735\train\可回收\可回收55.jpg,可回收55.jpg,可回收55.jpg,490,400,RGB,40292,,success,
2026-06-24 11:07:37,可回收,train,D:\Garbage Classification\Garbage_Classification_Organized\dataset\可回收\可回收63.jpg,D:\Garbage Classification\Garbage_Classification_Organized\garbage_dataset_20260624_110735\train\可回收\可回收63.jpg,可回收63.jpg,可回收63.jpg,296,355,RGB,29817,,success,
2026-06-24 11:07:37,可回收,train,D:\Garbage Classification\Garbage_Classification_Organized\dataset\可回收\可回收229.jpg,D:\Garbage Classification\Garbage_Classification_Organized\garbage_dataset_20260624_110735\train\可回收\可回收229.jpg,可回收229.jpg,可回收229.jpg,558,558,RGB,59657,,success,
2026-06-24 11:07:37,可回收,train,D:\Garbage Classification\Garbage_Classification_Organized\dataset\可回收\可回收_0097.jpg,D:\Garbage Classification\Garbage_Classification_Organized\garbage_dataset_20260624_110735\train\可回收\可回收_0097.jpg,可回收_0097.jpg,可回收_0097.jpg,558,558,RGB,58676,,success,
2026-06-24 11:07:37,可回收,train,D:\Garbage Classification\Garbage_Classification_Organized\dataset\可回收\可回收7.jpg,D:\Garbage Classification\Garbage_Classification_Organized\garbage_dataset_20260624_110735\train\可回收\可回收7.jpg,可回收7.jpg,可回收7.jpg,2265,1911,RGB,687707,,success,
2026-06-24 11:07:37,可回收,train,D:\Garbage Classification\Garbage_Classification_Organized\dataset\可回收\可回收_0112.jpg,D:\Garbage Classification\Garbage_Classification_Organized\garbage_dataset_20260624_110735\train\可回收\可回收_0112.jpg,可回收_0112.jpg,可回收_0112.jpg,558,558,RGB,63431,,success,
2026-06-24 11:07:37,可回收,train,D:\Garbage Classification\Garbage_Classification_Organized\dataset\可回收\可回收_0033.jpg,D:\Garbage Classification\Garbage_Classification_Organized\garbage_dataset_20260624_110735\train\可回收\可回收_0033.jpg,可回收_0033.jpg,可回收_0033.jpg,558,558,RGB,62682,,success,
2026-06-24 11:07:37,可回收,train,D:\Garbage Classification\Garbage_Classification_Organized\dataset\可回收\可回收169.jpg,D:\Garbage Classification\Garbage_Classification_Organized\garbage_dataset_20260624_110735\train\可回收\可回收169.jpg,可回收169.jpg,可回收169.jpg,558,558,RGB,63452,,success,
2026-06-24 11:07:37,可回收,train,D:\Garbage Classification\Garbage_Classification_Organized\dataset\可回收\可回收153.jpg,D:\Garbage Classification\Garbage_Classification_Organized\garbage_dataset_20260624_110735\train\可回收\可回收153.jpg,可回收153.jpg,可回收153.jpg,558,558,RGB,64926,,success,
2026-06-24 11:07:37,可回收,train,D:\Garbage Classification\Garbage_Classification_Organized\dataset\可回收\可回收_0066.jpg,D:\Garbage Classification\Garbage_Classification_Organized\garbage_dataset_20260624_110735\train\可回收\可回收_0066.jpg,可回收_0066.jpg,可回收_0066.jpg,558,558,RGB,61996,,success,
2026-06-24 11:07:37,可回收,train,D:\Garbage Classification\Garbage_Classification_Organized\dataset\可回收\可回收224.jpg,D:\Garbage Classification\Garbage_Classification_Organized\garbage_dataset_20260624_110735\train\可回收\可回收224.jpg,可回收224.jpg,可回收224.jpg,558,558,RGB,62351,,success,
2026-06-24 11:07:37,可回收,train,D:\Garbage Classification\Garbage_Classification_Organized\dataset\可回收\可回收181.jpg,D:\Garbage Classification\Garbage_Classification_Organized\garbage_dataset_20260624_110735\train\可回收\可回收181.jpg,可回收181.jpg,可回收181.jpg,558,558,RGB,60577,,success,
2026-06-24 11:07:37,可回收,train,D:\Garbage Classification\Garbage_Classification_Organized\dataset\可回收\可回收156.jpg,D:\Garbage Classification\Garbage_Classification_Organized\garbage_dataset_20260624_110735\train\可回收\可回收156.jpg,可回收156.jpg,可回收156.jpg,558,558,RGB,59762,,success,
2026-06-24 11:07:37,可回收,train,D:\Garbage Classification\Garbage_Classification_Organized\dataset\可回收\可回收16.jpg,D:\Garbage Classification\Garbage_Classification_Organized\garbage_dataset_20260624_110735\train\可回收\可回收16.jpg,可回收16.jpg,可回收16.jpg,411,431,RGB,40227,,success,
2026-06-24 11:07:37,可回收,train,D:\Garbage Classification\Garbage_Classification_Organized\dataset\可回收\可回收62.jpg,D:\Garbage Classification\Garbage_Classification_Organized\garbage_dataset_20260624_110735\train\可回收\可回收62.jpg,可回收62.jpg,可回收62.jpg,343,335,RGB,34008,,success,
2026-06-24 11:07:37,可回收,train,D:\Garbage Classification\Garbage_Classification_Organized\dataset\可回收\可回收155.jpg,D:\Garbage Classification\Garbage_Classification_Organized\garbage_dataset_20260624_110735\train\可回收\可回收155.jpg,可回收155.jpg,可回收155.jpg,558,558,RGB,59504,,success,
2026-06-24 11:07:37,可回收,train,D:\Garbage Classification\Garbage_Classification_Organized\dataset\可回收\可回收_0024.jpg,D:\Garbage Classification\Garbage_Classification_Organized\garbage_dataset_20260624_110735\train\可回收\可回收_0024.jpg,可回收_0024.jpg,可回收_0024.jpg,558,558,RGB,63551,,success,
2026-06-24 11:07:37,可回收,train,D:\Garbage Classification\Garbage_Classification_Organized\dataset\可回收\可回收257.jpg,D:\Garbage Classification\Garbage_Classification_Organized\garbage_dataset_20260624_110735\train\可回收\可回收257.jpg,可回收257.jpg,可回收257.jpg,558,558,RGB,53490,,success,
2026-06-24 11:07:37,可回收,train,D:\Garbage Classification\Garbage_Classification_Organized\dataset\可回收\可回收215.jpg,D:\Garbage Classification\Garbage_Classification_Organized\garbage_dataset_20260624_110735\train\可回收\可回收215.jpg,可回收215.jpg,可回收215.jpg,558,558,RGB,60850,,success,
2026-06-24 11:07:37,可回收,train,D:\Garbage Classification\Garbage_Classification_Organized\dataset\可回收\可回收253.jpg,D:\Garbage Classification\Garbage_Classification_Organized\garbage_dataset_20260624_110735\train\可回收\可回收253.jpg,可回收253.jpg,可回收253.jpg,558,558,RGB,53744,,success,
2026-06-24 11:07:37,可回收,train,D:\Garbage Classification\Garbage_Classification_Organized\dataset\可回收\可回收217.jpg,D:\Garbage Classification\Garbage_Classification_Organized\garbage_dataset_20260624_110735\train\可回收\可回收217.jpg,可回收217.jpg,可回收217.jpg,558,558,RGB,60590,,success,
2026-06-24 11:07:37,可回收,train,D:\Garbage Classification\Garbage_Classification_Organized\dataset\可回收\可回收5.jpg,D:\Garbage Classification\Garbage_Classification_Organized\garbage_dataset_20260624_110735\train\可回收\可回收5.jpg,可回收5.jpg,可回收5.jpg,1155,2395,RGB,406082,,success,
2026-06-24 11:07:37,可回收,train,D:\Garbage Classification\Garbage_Classification_Organized\dataset\可回收\可回收233.jpg,D:\Garbage Classification\Garbage_Classification_Organized\garbage_dataset_20260624_110735\train\可回收\可回收233.jpg,可回收233.jpg,可回收233.jpg,558,558,RGB,58490,,success,
2026-06-24 11:07:37,可回收,train,D:\Garbage Classification\Garbage_Classification_Organized\dataset\可回收\可回收_0104.jpg,D:\Garbage Classification\Garbage_Classification_Organized\garbage_dataset_20260624_110735\train\可回收\可回收_0104.jpg,可回收_0104.jpg,可回收_0104.jpg,558,558,RGB,62791,,success,
2026-06-24 11:07:37,可回收,train,D:\Garbage Classification\Garbage_Classification_Organized\dataset\可回收\可回收179.jpg,D:\Garbage Classification\Garbage_Classification_Organized\garbage_dataset_20260624_110735\train\可回收\可回收179.jpg,可回收179.jpg,可回收179.jpg,558,558,RGB,60956,,success,
2026-06-24 11:07:37,可回收,train,D:\Garbage Classification\Garbage_Classification_Organized\dataset\可回收\可回收_0030.jpg,D:\Garbage Classification\Garbage_Classification_Organized\garbage_dataset_20260624_110735\train\可回收\可回收_0030.jpg,可回收_0030.jpg,可回收_0030.jpg,558,558,RGB,65417,,success,
2026-06-24 11:07:37,可回收,train,D:\Garbage Classification\Garbage_Classification_Organized\dataset\可回收\可回收239.jpg,D:\Garbage Classification\Garbage_Classification_Organized\garbage_dataset_20260624_110735\train\可回收\可回收239.jpg,可回收239.jpg,可回收239.jpg,558,558,RGB,59193,,success,
2026-06-24 11:07:37,可回收,train,D:\Garbage Classification\Garbage_Classification_Organized\dataset\可回收\可回收199.jpg,D:\Garbage Classification\Garbage_Classification_Organized\garbage_dataset_20260624_110735\train\可回收\可回收199.jpg,可回收199.jpg,可回收199.jpg,558,558,RGB,63268,,success,
2026-06-24 11:07:37,可回收,train,D:\Garbage Classification\Garbage_Classification_Organized\dataset\可回收\可回收247.jpg,D:\Garbage Classification\Garbage_Classification_Organized\garbage_dataset_20260624_110735\train\可回收\可回收247.jpg,可回收247.jpg,可回收247.jpg,558,558,RGB,57810,,success,
2026-06-24 11:07:37,可回收,train,D:\Garbage Classification\Garbage_Classification_Organized\dataset\可回收\可回收9.jpg,D:\Garbage Classification\Garbage_Classification_Organized\garbage_dataset_20260624_110735\train\可回收\可回收9.jpg,可回收9.jpg,可回收9.jpg,2670,2649,RGB,890453,,success,
2026-06-24 11:07:37,可回收,train,D:\Garbage Classification\Garbage_Classification_Organized\dataset\可回收\可回收_0057.jpg,D:\Garbage Classification\Garbage_Classification_Organized\garbage_dataset_20260624_110735\train\可回收\可回收_0057.jpg,可回收_0057.jpg,可回收_0057.jpg,558,558,RGB,54668,,success,
2026-06-24 11:07:37,可回收,train,D:\Garbage Classification\Garbage_Classification_Organized\dataset\可回收\可回收163.jpg,D:\Garbage Classification\Garbage_Classification_Organized\garbage_dataset_20260624_110735\train\可回收\可回收163.jpg,可回收163.jpg,可回收163.jpg,558,558,RGB,60024,,success,
2026-06-24 11:07:37,可回收,train,D:\Garbage Classification\Garbage_Classification_Organized\dataset\可回收\可回收198.jpg,D:\Garbage Classification\Garbage_Classification_Organized\garbage_dataset_20260624_110735\train\可回收\可回收198.jpg,可回收198.jpg,可回收198.jpg,558,558,RGB,60063,,success,
2026-06-24 11:07:37,可回收,train,D:\Garbage Classification\Garbage_Classification_Organized\dataset\可回收\可回收_0046.jpg,D:\Garbage Classification\Garbage_Classification_Organized\garbage_dataset_20260624_110735\train\可回收\可回收_0046.jpg,可回收_0046.jpg,可回收_0046.jpg,558,558,RGB,60475,,success,
2026-06-24 11:07:37,可回收,train,D:\Garbage Classification\Garbage_Classification_Organized\dataset\可回收\可回收38.jpg,D:\Garbage Classification\Garbage_Classification_Organized\garbage_dataset_20260624_110735\train\可回收\可回收38.jpg,可回收38.jpg,可回收38.jpg,399,470,RGB,43786,,success,
2026-06-24 11:07:37,可回收,train,D:\Garbage Classification\Garbage_Classification_Organized\dataset\可回收\可回收6.jpg,D:\Garbage Classification\Garbage_Classification_Organized\garbage_dataset_20260624_110735\train\可回收\可回收6.jpg,可回收6.jpg,可回收6.jpg,1515,2070,RGB,468926,,success,
2026-06-24 11:07:37,可回收,train,D:\Garbage Classification\Garbage_Classification_Organized\dataset\可回收\可回收174.jpg,D:\Garbage Classification\Garbage_Classification_Organized\garbage_dataset_20260624_110735\train\可回收\可回收174.jpg,可回收174.jpg,可回收174.jpg,558,558,RGB,63193,,success,
2026-06-24 11:07:37,可回收,train,D:\Garbage Classification\Garbage_Classification_Organized\dataset\可回收\可回收_0096.jpg,D:\Garbage Classification\Garbage_Classification_Organized\garbage_dataset_20260624_110735\train\可回收\可回收_0096.jpg,可回收_0096.jpg,可回收_0096.jpg,558,558,RGB,61331,,success,
2026-06-24 11:07:37,可回收,train,D:\Garbage Classification\Garbage_Classification_Organized\dataset\可回收\可回收201.jpg,D:\Garbage Classification\Garbage_Classification_Organized\garbage_dataset_20260624_110735\train\可回收\可回收201.jpg,可回收201.jpg,可回收201.jpg,558,558,RGB,61502,,success,
2026-06-24 11:07:37,可回收,train,D:\Garbage Classification\Garbage_Classification_Organized\dataset\可回收\可回收172.jpg,D:\Garbage Classification\Garbage_Classification_Organized\garbage_dataset_20260624_110735\train\可回收\可回收172.jpg,可回收172.jpg,可回收172.jpg,558,558,RGB,57610,,success,
2026-06-24 11:07:37,可回收,train,D:\Garbage Classification\Garbage_Classification_Organized\dataset\可回收\可回收_0031.jpg,D:\Garbage Classification\Garbage_Classification_Organized\garbage_dataset_20260624_110735\train\可回收\可回收_0031.jpg,可回收_0031.jpg,可回收_0031.jpg,558,558,RGB,66225,,success,
2026-06-24 11:07:37,可回收,train,D:\Garbage Classification\Garbage_Classification_Organized\dataset\可回收\可回收276.jpg,D:\Garbage Classification\Garbage_Classification_Organized\garbage_dataset_20260624_110735\train\可回收\可回收276.jpg,可回收276.jpg,可回收276.jpg,558,558,RGB,60902,,success,
2026-06-24 11:07:37,可回收,train,D:\Garbage Classification\Garbage_Classification_Organized\dataset\可回收\可回收58.jpg,D:\Garbage Classification\Garbage_Classification_Organized\garbage_dataset_20260624_110735\train\可回收\可回收58.jpg,可回收58.jpg,可回收58.jpg,363,410,RGB,48965,,success,
2026-06-24 11:07:37,可回收,train,D:\Garbage Classification\Garbage_Classification_Organized\dataset\可回收\可回收208.jpg,D:\Garbage Classification\Garbage_Classification_Organized\garbage_dataset_20260624_110735\train\可回收\可回收208.jpg,可回收208.jpg,可回收208.jpg,558,558,RGB,53495,,success,
2026-06-24 11:07:37,可回收,train,D:\Garbage Classification\Garbage_Classification_Organized\dataset\可回收\可回收175.jpg,D:\Garbage Classification\Garbage_Classification_Organized\garbage_dataset_20260624_110735\train\可回收\可回收175.jpg,可回收175.jpg,可回收175.jpg,558,558,RGB,63324,,success,
2026-06-24 11:07:37,可回收,train,D:\Garbage Classification\Garbage_Classification_Organized\dataset\可回收\可回收_0035.jpg,D:\Garbage Classification\Garbage_Classification_Organized\garbage_dataset_20260624_110735\train\可回收\可回收_0035.jpg,可回收_0035.jpg,可回收_0035.jpg,558,558,RGB,62889,,success,
2026-06-24 11:07:37,可回收,train,D:\Garbage Classification\Garbage_Classification_Organized\dataset\可回收\可回收252.jpg,D:\Garbage Classification\Garbage_Classification_Organized\garbage_dataset_20260624_110735\train\可回收\可回收252.jpg,可回收252.jpg,可回收252.jpg,558,558,RGB,54332,,success,
2026-06-24 11:07:37,可回收,train,D:\Garbage Classification\Garbage_Classification_Organized\dataset\可回收\可回收_0037.jpg,D:\Garbage Classification\Garbage_Classification_Organized\garbage_dataset_20260624_110735\train\可回收\可回收_0037.jpg,可回收_0037.jpg,可回收_0037.jpg,558,558,RGB,55855,,success,
2026-06-24 11:07:37,可回收,train,D:\Garbage Classification\Garbage_Classification_Organized\dataset\可回收\可回收_0117.jpg,D:\Garbage Classification\Garbage_Classification_Organized\garbage_dataset_20260624_110735\train\可回收\可回收_0117.jpg,可回收_0117.jpg,可回收_0117.jpg,558,558,RGB,62277,,success,
2026-06-24 11:07:37,可回收,train,D:\Garbage Classification\Garbage_Classification_Organized\dataset\可回收\可回收_0042.jpg,D:\Garbage Classification\Garbage_Classification_Organized\garbage_dataset_20260624_110735\train\可回收\可回收_0042.jpg,可回收_0042.jpg,可回收_0042.jpg,558,558,RGB,60577,,success,
2026-06-24 11:07:37,可回收,train,D:\Garbage Classification\Garbage_Classification_Organized\dataset\可回收\可回收213.jpg,D:\Garbage Classification\Garbage_Classification_Organized\garbage_dataset_20260624_110735\train\可回收\可回收213.jpg,可回收213.jpg,可回收213.jpg,558,558,RGB,60416,,success,
2026-06-24 11:07:37,可回收,train,D:\Garbage Classification\Garbage_Classification_Organized\dataset\可回收\可回收149.jpg,D:\Garbage Classification\Garbage_Classification_Organized\garbage_dataset_20260624_110735\train\可回收\可回收149.jpg,可回收149.jpg,可回收149.jpg,558,558,RGB,65091,,success,
2026-06-24 11:07:37,可回收,train,D:\Garbage Classification\Garbage_Classification_Organized\dataset\可回收\可回收_0019.jpg,D:\Garbage Classification\Garbage_Classification_Organized\garbage_dataset_20260624_110735\train\可回收\可回收_0019.jpg,可回收_0019.jpg,可回收_0019.jpg,558,558,RGB,65043,,success,
2026-06-24 11:07:37,可回收,train,D:\Garbage Classification\Garbage_Classification_Organized\dataset\可回收\可回收274.jpg,D:\Garbage Classification\Garbage_Classification_Organized\garbage_dataset_20260624_110735\train\可回收\可回收274.jpg,可回收274.jpg,可回收274.jpg,558,558,RGB,61237,,success,
2026-06-24 11:07:37,可回收,train,D:\Garbage Classification\Garbage_Classification_Organized\dataset\可回收\可回收_0105.jpg,D:\Garbage Classification\Garbage_Classification_Organized\garbage_dataset_20260624_110735\train\可回收\可回收_0105.jpg,可回收_0105.jpg,可回收_0105.jpg,558,558,RGB,63183,,success,
2026-06-24 11:07:37,可回收,train,D:\Garbage Classification\Garbage_Classification_Organized\dataset\可回收\可回收243.jpg,D:\Garbage Classification\Garbage_Classification_Organized\garbage_dataset_20260624_110735\train\可回收\可回收243.jpg,可回收243.jpg,可回收243.jpg,558,558,RGB,55185,,success,
2026-06-24 11:07:37,可回收,train,D:\Garbage Classification\Garbage_Classification_Organized\dataset\可回收\可回收234.jpg,D:\Garbage Classification\Garbage_Classification_Organized\garbage_dataset_20260624_110735\train\可回收\可回收234.jpg,可回收234.jpg,可回收234.jpg,558,558,RGB,62391,,success,
2026-06-24 11:07:37,可回收,train,D:\Garbage Classification\Garbage_Classification_Organized\dataset\可回收\可回收269.jpg,D:\Garbage Classification\Garbage_Classification_Organized\garbage_dataset_20260624_110735\train\可回收\可回收269.jpg,可回收269.jpg,可回收269.jpg,558,558,RGB,61295,,success,
2026-06-24 11:07:37,可回收,train,D:\Garbage Classification\Garbage_Classification_Organized\dataset\可回收\可回收256.jpg,D:\Garbage Classification\Garbage_Classification_Organized\garbage_dataset_20260624_110735\train\可回收\可回收256.jpg,可回收256.jpg,可回收256.jpg,558,558,RGB,54848,,success,
2026-06-24 11:07:37,可回收,train,D:\Garbage Classification\Garbage_Classification_Organized\dataset\可回收\可回收204.jpg,D:\Garbage Classification\Garbage_Classification_Organized\garbage_dataset_20260624_110735\train\可回收\可回收204.jpg,可回收204.jpg,可回收204.jpg,558,558,RGB,58444,,success,
2026-06-24 11:07:37,可回收,train,D:\Garbage Classification\Garbage_Classification_Organized\dataset\可回收\可回收_0073.jpg,D:\Garbage Classification\Garbage_Classification_Organized\garbage_dataset_20260624_110735\train\可回收\可回收_0073.jpg,可回收_0073.jpg,可回收_0073.jpg,558,558,RGB,60231,,success,
2026-06-24 11:07:37,可回收,train,D:\Garbage Classification\Garbage_Classification_Organized\dataset\可回收\可回收_0041.jpg,D:\Garbage Classification\Garbage_Classification_Organized\garbage_dataset_20260624_110735\train\可回收\可回收_0041.jpg,可回收_0041.jpg,可回收_0041.jpg,558,558,RGB,60714,,success,
2026-06-24 11:07:37,可回收,train,D:\Garbage Classification\Garbage_Classification_Organized\dataset\可回收\可回收27.jpg,D:\Garbage Classification\Garbage_Classification_Organized\garbage_dataset_20260624_110735\train\可回收\可回收27.jpg,可回收27.jpg,可回收27.jpg,549,480,RGB,62344,,success,
2026-06-24 11:07:37,可回收,train,D:\Garbage Classification\Garbage_Classification_Organized\dataset\可回收\可回收202.jpg,D:\Garbage Classification\Garbage_Classification_Organized\garbage_dataset_20260624_110735\train\可回收\可回收202.jpg,可回收202.jpg,可回收202.jpg,558,558,RGB,59565,,success,
2026-06-24 11:07:37,可回收,train,D:\Garbage Classification\Garbage_Classification_Organized\dataset\可回收\可回收209.jpg,D:\Garbage Classification\Garbage_Classification_Organized\garbage_dataset_20260624_110735\train\可回收\可回收209.jpg,可回收209.jpg,可回收209.jpg,558,558,RGB,59224,,success,
2026-06-24 11:07:37,可回收,train,D:\Garbage Classification\Garbage_Classification_Organized\dataset\可回收\可回收207.jpg,D:\Garbage Classification\Garbage_Classification_Organized\garbage_dataset_20260624_110735\train\可回收\可回收207.jpg,可回收207.jpg,可回收207.jpg,558,558,RGB,54211,,success,
2026-06-24 11:07:37,可回收,train,D:\Garbage Classification\Garbage_Classification_Organized\dataset\可回收\可回收_0016.jpg,D:\Garbage Classification\Garbage_Classification_Organized\garbage_dataset_20260624_110735\train\可回收\可回收_0016.jpg,可回收_0016.jpg,可回收_0016.jpg,558,558,RGB,64633,,success,
2026-06-24 11:07:37,可回收,train,D:\Garbage Classification\Garbage_Classification_Organized\dataset\可回收\可回收_0099.jpg,D:\Garbage Classification\Garbage_Classification_Organized\garbage_dataset_20260624_110735\train\可回收\可回收_0099.jpg,可回收_0099.jpg,可回收_0099.jpg,558,558,RGB,61297,,success,
2026-06-24 11:07:37,可回收,train,D:\Garbage Classification\Garbage_Classification_Organized\dataset\可回收\可回收65.jpg,D:\Garbage Classification\Garbage_Classification_Organized\garbage_dataset_20260624_110735\train\可回收\可回收65.jpg,可回收65.jpg,可回收65.jpg,324,418,RGB,41213,,success,
2026-06-24 11:07:37,可回收,train,D:\Garbage Classification\Garbage_Classification_Organized\dataset\可回收\可回收152.jpg,D:\Garbage Classification\Garbage_Classification_Organized\garbage_dataset_20260624_110735\train\可回收\可回收152.jpg,可回收152.jpg,可回收152.jpg,558,558,RGB,65234,,success,
2026-06-24 11:07:37,可回收,train,D:\Garbage Classification\Garbage_Classification_Organized\dataset\可回收\可回收_0012.jpg,D:\Garbage Classification\Garbage_Classification_Organized\garbage_dataset_20260624_110735\train\可回收\可回收_0012.jpg,可回收_0012.jpg,可回收_0012.jpg,558,558,RGB,63300,,success,
2026-06-24 11:07:37,可回收,train,D:\Garbage Classification\Garbage_Classification_Organized\dataset\可回收\可回收173.jpg,D:\Garbage Classification\Garbage_Classification_Organized\garbage_dataset_20260624_110735\train\可回收\可回收173.jpg,可回收173.jpg,可回收173.jpg,558,558,RGB,62338,,success,
2026-06-24 11:07:37,可回收,train,D:\Garbage Classification\Garbage_Classification_Organized\dataset\可回收\可回收145.jpg,D:\Garbage Classification\Garbage_Classification_Organized\garbage_dataset_20260624_110735\train\可回收\可回收145.jpg,可回收145.jpg,可回收145.jpg,558,558,RGB,61513,,success,
2026-06-24 11:07:37,可回收,train,D:\Garbage Classification\Garbage_Classification_Organized\dataset\可回收\可回收_0013.jpg,D:\Garbage Classification\Garbage_Classification_Organized\garbage_dataset_20260624_110735\train\可回收\可回收_0013.jpg,可回收_0013.jpg,可回收_0013.jpg,558,558,RGB,63063,,success,
2026-06-24 11:07:37,可回收,train,D:\Garbage Classification\Garbage_Classification_Organized\dataset\可回收\可回收_0028.jpg,D:\Garbage Classification\Garbage_Classification_Organized\garbage_dataset_20260624_110735\train\可回收\可回收_0028.jpg,可回收_0028.jpg,可回收_0028.jpg,558,558,RGB,57937,,success,
2026-06-24 11:07:37,可回收,train,D:\Garbage Classification\Garbage_Classification_Organized\dataset\可回收\可回收267.jpg,D:\Garbage Classification\Garbage_Classification_Organized\garbage_dataset_20260624_110735\train\可回收\可回收267.jpg,可回收267.jpg,可回收267.jpg,558,558,RGB,63899,,success,
2026-06-24 11:07:37,可回收,train,D:\Garbage Classification\Garbage_Classification_Organized\dataset\可回收\可回收3.jpg,D:\Garbage Classification\Garbage_Classification_Organized\garbage_dataset_20260624_110735\train\可回收\可回收3.jpg,可回收3.jpg,可回收3.jpg,2242,2224,RGB,605038,,success,
2026-06-24 11:07:37,可回收,train,D:\Garbage Classification\Garbage_Classification_Organized\dataset\可回收\可回收250.jpg,D:\Garbage Classification\Garbage_Classification_Organized\garbage_dataset_20260624_110735\train\可回收\可回收250.jpg,可回收250.jpg,可回收250.jpg,558,558,RGB,61131,,success,
2026-06-24 11:07:37,可回收,train,D:\Garbage Classification\Garbage_Classification_Organized\dataset\可回收\可回收214.jpg,D:\Garbage Classification\Garbage_Classification_Organized\garbage_dataset_20260624_110735\train\可回收\可回收214.jpg,可回收214.jpg,可回收214.jpg,558,558,RGB,58850,,success,
2026-06-24 11:07:37,可回收,train,D:\Garbage Classification\Garbage_Classification_Organized\dataset\可回收\可回收36.jpg,D:\Garbage Classification\Garbage_Classification_Organized\garbage_dataset_20260624_110735\train\可回收\可回收36.jpg,可回收36.jpg,可回收36.jpg,401,476,RGB,43877,,success,
2026-06-24 11:07:37,可回收,train,D:\Garbage Classification\Garbage_Classification_Organized\dataset\可回收\可回收182.jpg,D:\Garbage Classification\Garbage_Classification_Organized\garbage_dataset_20260624_110735\train\可回收\可回收182.jpg,可回收182.jpg,可回收182.jpg,558,558,RGB,63104,,success,
2026-06-24 11:07:37,可回收,train,D:\Garbage Classification\Garbage_Classification_Organized\dataset\可回收\可回收191.jpg,D:\Garbage Classification\Garbage_Classification_Organized\garbage_dataset_20260624_110735\train\可回收\可回收191.jpg,可回收191.jpg,可回收191.jpg,558,558,RGB,62432,,success,
2026-06-24 11:07:37,可回收,train,D:\Garbage Classification\Garbage_Classification_Organized\dataset\可回收\可回收_0079.jpg,D:\Garbage Classification\Garbage_Classification_Organized\garbage_dataset_20260624_110735\train\可回收\可回收_0079.jpg,可回收_0079.jpg,可回收_0079.jpg,558,558,RGB,68434,,success,
2026-06-24 11:07:37,可回收,train,D:\Garbage Classification\Garbage_Classification_Organized\dataset\可回收\可回收_0021.jpg,D:\Garbage Classification\Garbage_Classification_Organized\garbage_dataset_20260624_110735\train\可回收\可回收_0021.jpg,可回收_0021.jpg,可回收_0021.jpg,558,558,RGB,65767,,success,
2026-06-24 11:07:37,可回收,train,D:\Garbage Classification\Garbage_Classification_Organized\dataset\可回收\可回收259.jpg,D:\Garbage Classification\Garbage_Classification_Organized\garbage_dataset_20260624_110735\train\可回收\可回收259.jpg,可回收259.jpg,可回收259.jpg,558,558,RGB,51968,,success,
2026-06-24 11:07:37,可回收,train,D:\Garbage Classification\Garbage_Classification_Organized\dataset\可回收\可回收_0072.jpg,D:\Garbage Classification\Garbage_Classification_Organized\garbage_dataset_20260624_110735\train\可回收\可回收_0072.jpg,可回收_0072.jpg,可回收_0072.jpg,558,558,RGB,65270,,success,
2026-06-24 11:07:37,可回收,train,D:\Garbage Classification\Garbage_Classification_Organized\dataset\可回收\可回收_0070.jpg,D:\Garbage Classification\Garbage_Classification_Organized\garbage_dataset_20260624_110735\train\可回收\可回收_0070.jpg,可回收_0070.jpg,可回收_0070.jpg,558,558,RGB,61196,,success,
2026-06-24 11:07:37,可回收,train,D:\Garbage Classification\Garbage_Classification_Organized\dataset\可回收\可回收196.jpg,D:\Garbage Classification\Garbage_Classification_Organized\garbage_dataset_20260624_110735\train\可回收\可回收196.jpg,可回收196.jpg,可回收196.jpg,558,558,RGB,63178,,success,
2026-06-24 11:07:37,可回收,train,D:\Garbage Classification\Garbage_Classification_Organized\dataset\可回收\可回收_0074.jpg,D:\Garbage Classification\Garbage_Classification_Organized\garbage_dataset_20260624_110735\train\可回收\可回收_0074.jpg,可回收_0074.jpg,可回收_0074.jpg,558,558,RGB,60300,,success,
2026-06-24 11:07:37,可回收,train,D:\Garbage Classification\Garbage_Classification_Organized\dataset\可回收\可回收235.jpg,D:\Garbage Classification\Garbage_Classification_Organized\garbage_dataset_20260624_110735\train\可回收\可回收235.jpg,可回收235.jpg,可回收235.jpg,558,558,RGB,62810,,success,
2026-06-24 11:07:37,可回收,train,D:\Garbage Classification\Garbage_Classification_Organized\dataset\可回收\可回收226.jpg,D:\Garbage Classification\Garbage_Classification_Organized\garbage_dataset_20260624_110735\train\可回收\可回收226.jpg,可回收226.jpg,可回收226.jpg,558,558,RGB,60075,,success,
2026-06-24 11:07:37,可回收,train,D:\Garbage Classification\Garbage_Classification_Organized\dataset\可回收\可回收22.jpg,D:\Garbage Classification\Garbage_Classification_Organized\garbage_dataset_20260624_110735\train\可回收\可回收22.jpg,可回收22.jpg,可回收22.jpg,486,480,RGB,54418,,success,
2026-06-24 11:07:37,可回收,train,D:\Garbage Classification\Garbage_Classification_Organized\dataset\可回收\可回收61.jpg,D:\Garbage Classification\Garbage_Classification_Organized\garbage_dataset_20260624_110735\train\可回收\可回收61.jpg,可回收61.jpg,可回收61.jpg,329,432,RGB,33988,,success,
2026-06-24 11:07:37,可回收,train,D:\Garbage Classification\Garbage_Classification_Organized\dataset\可回收\可回收206.jpg,D:\Garbage Classification\Garbage_Classification_Organized\garbage_dataset_20260624_110735\train\可回收\可回收206.jpg,可回收206.jpg,可回收206.jpg,558,558,RGB,60920,,success,
2026-06-24 11:07:37,可回收,train,D:\Garbage Classification\Garbage_Classification_Organized\dataset\可回收\可回收264.jpg,D:\Garbage Classification\Garbage_Classification_Organized\garbage_dataset_20260624_110735\train\可回收\可回收264.jpg,可回收264.jpg,可回收264.jpg,558,558,RGB,59022,,success,
2026-06-24 11:07:37,可回收,train,D:\Garbage Classification\Garbage_Classification_Organized\dataset\可回收\可回收28.jpg,D:\Garbage Classification\Garbage_Classification_Organized\garbage_dataset_20260624_110735\train\可回收\可回收28.jpg,可回收28.jpg,可回收28.jpg,556,480,RGB,62495,,success,
2026-06-24 11:07:37,可回收,train,D:\Garbage Classification\Garbage_Classification_Organized\dataset\可回收\可回收_0011.jpg,D:\Garbage Classification\Garbage_Classification_Organized\garbage_dataset_20260624_110735\train\可回收\可回收_0011.jpg,可回收_0011.jpg,可回收_0011.jpg,558,558,RGB,63093,,success,
2026-06-24 11:07:37,可回收,train,D:\Garbage Classification\Garbage_Classification_Organized\dataset\可回收\可回收255.jpg,D:\Garbage Classification\Garbage_Classification_Organized\garbage_dataset_20260624_110735\train\可回收\可回收255.jpg,可回收255.jpg,可回收255.jpg,558,558,RGB,51588,,success,
2026-06-24 11:07:37,可回收,train,D:\Garbage Classification\Garbage_Classification_Organized\dataset\可回收\可回收203.jpg,D:\Garbage Classification\Garbage_Classification_Organized\garbage_dataset_20260624_110735\train\可回收\可回收203.jpg,可回收203.jpg,可回收203.jpg,558,558,RGB,57704,,success,
2026-06-24 11:07:37,可回收,train,D:\Garbage Classification\Garbage_Classification_Organized\dataset\可回收\可回收195.jpg,D:\Garbage Classification\Garbage_Classification_Organized\garbage_dataset_20260624_110735\train\可回收\可回收195.jpg,可回收195.jpg,可回收195.jpg,558,558,RGB,62851,,success,
2026-06-24 11:07:37,可回收,train,D:\Garbage Classification\Garbage_Classification_Organized\dataset\可回收\可回收_0061.jpg,D:\Garbage Classification\Garbage_Classification_Organized\garbage_dataset_20260624_110735\train\可回收\可回收_0061.jpg,可回收_0061.jpg,可回收_0061.jpg,558,558,RGB,64907,,success,
2026-06-24 11:07:37,可回收,train,D:\Garbage Classification\Garbage_Classification_Organized\dataset\可回收\可回收_0004.jpg,D:\Garbage Classification\Garbage_Classification_Organized\garbage_dataset_20260624_110735\train\可回收\可回收_0004.jpg,可回收_0004.jpg,可回收_0004.jpg,558,558,RGB,53957,,success,
2026-06-24 11:07:37,可回收,train,D:\Garbage Classification\Garbage_Classification_Organized\dataset\可回收\可回收188.jpg,D:\Garbage Classification\Garbage_Classification_Organized\garbage_dataset_20260624_110735\train\可回收\可回收188.jpg,可回收188.jpg,可回收188.jpg,558,558,RGB,62554,,success,
2026-06-24 11:07:37,可回收,train,D:\Garbage Classification\Garbage_Classification_Organized\dataset\可回收\可回收245.jpg,D:\Garbage Classification\Garbage_Classification_Organized\garbage_dataset_20260624_110735\train\可回收\可回收245.jpg,可回收245.jpg,可回收245.jpg,558,558,RGB,60458,,success,
2026-06-24 11:07:37,可回收,train,D:\Garbage Classification\Garbage_Classification_Organized\dataset\可回收\可回收_0026.jpg,D:\Garbage Classification\Garbage_Classification_Organized\garbage_dataset_20260624_110735\train\可回收\可回收_0026.jpg,可回收_0026.jpg,可回收_0026.jpg,558,558,RGB,62557,,success,
2026-06-24 11:07:37,可回收,train,D:\Garbage Classification\Garbage_Classification_Organized\dataset\可回收\可回收_0010.jpg,D:\Garbage Classification\Garbage_Classification_Organized\garbage_dataset_20260624_110735\train\可回收\可回收_0010.jpg,可回收_0010.jpg,可回收_0010.jpg,558,558,RGB,57635,,success,
2026-06-24 11:07:37,可回收,train,D:\Garbage Classification\Garbage_Classification_Organized\dataset\可回收\可回收_0059.jpg,D:\Garbage Classification\Garbage_Classification_Organized\garbage_dataset_20260624_110735\train\可回收\可回收_0059.jpg,可回收_0059.jpg,可回收_0059.jpg,558,558,RGB,72105,,success,
2026-06-24 11:07:37,可回收,train,D:\Garbage Classification\Garbage_Classification_Organized\dataset\可回收\可回收29.jpg,D:\Garbage Classification\Garbage_Classification_Organized\garbage_dataset_20260624_110735\train\可回收\可回收29.jpg,可回收29.jpg,可回收29.jpg,439,480,RGB,61655,,success,
2026-06-24 11:07:37,可回收,train,D:\Garbage Classification\Garbage_Classification_Organized\dataset\可回收\可回收148.jpg,D:\Garbage Classification\Garbage_Classification_Organized\garbage_dataset_20260624_110735\train\可回收\可回收148.jpg,可回收148.jpg,可回收148.jpg,558,558,RGB,64070,,success,
2026-06-24 11:07:37,可回收,train,D:\Garbage Classification\Garbage_Classification_Organized\dataset\可回收\可回收_0048.jpg,D:\Garbage Classification\Garbage_Classification_Organized\garbage_dataset_20260624_110735\train\可回收\可回收_0048.jpg,可回收_0048.jpg,可回收_0048.jpg,558,558,RGB,63174,,success,
2026-06-24 11:07:37,可回收,train,D:\Garbage Classification\Garbage_Classification_Organized\dataset\可回收\可回收_0032.jpg,D:\Garbage Classification\Garbage_Classification_Organized\garbage_dataset_20260624_110735\train\可回收\可回收_0032.jpg,可回收_0032.jpg,可回收_0032.jpg,558,558,RGB,61485,,success,
2026-06-24 11:07:37,可回收,train,D:\Garbage Classification\Garbage_Classification_Organized\dataset\可回收\可回收_0111.jpg,D:\Garbage Classification\Garbage_Classification_Organized\garbage_dataset_20260624_110735\train\可回收\可回收_0111.jpg,可回收_0111.jpg,可回收_0111.jpg,558,558,RGB,63508,,success,
2026-06-24 11:07:37,可回收,train,D:\Garbage Classification\Garbage_Classification_Organized\dataset\可回收\可回收21.jpg,D:\Garbage Classification\Garbage_Classification_Organized\garbage_dataset_20260624_110735\train\可回收\可回收21.jpg,可回收21.jpg,可回收21.jpg,596,356,RGB,59780,,success,
2026-06-24 11:07:37,可回收,train,D:\Garbage Classification\Garbage_Classification_Organized\dataset\可回收\可回收50.jpg,D:\Garbage Classification\Garbage_Classification_Organized\garbage_dataset_20260624_110735\train\可回收\可回收50.jpg,可回收50.jpg,可回收50.jpg,590,282,RGB,39975,,success,
2026-06-24 11:07:37,可回收,train,D:\Garbage Classification\Garbage_Classification_Organized\dataset\可回收\可回收44.jpg,D:\Garbage Classification\Garbage_Classification_Organized\garbage_dataset_20260624_110735\train\可回收\可回收44.jpg,可回收44.jpg,可回收44.jpg,401,414,RGB,38862,,success,
2026-06-24 11:07:37,可回收,train,D:\Garbage Classification\Garbage_Classification_Organized\dataset\可回收\可回收12.jpg,D:\Garbage Classification\Garbage_Classification_Organized\garbage_dataset_20260624_110735\train\可回收\可回收12.jpg,可回收12.jpg,可回收12.jpg,2341,1875,RGB,697715,,success,
2026-06-24 11:07:37,可回收,train,D:\Garbage Classification\Garbage_Classification_Organized\dataset\可回收\可回收_0107.jpg,D:\Garbage Classification\Garbage_Classification_Organized\garbage_dataset_20260624_110735\train\可回收\可回收_0107.jpg,可回收_0107.jpg,可回收_0107.jpg,558,558,RGB,65390,,success,
2026-06-24 11:07:37,可回收,train,D:\Garbage Classification\Garbage_Classification_Organized\dataset\可回收\可回收_0036.jpg,D:\Garbage Classification\Garbage_Classification_Organized\garbage_dataset_20260624_110735\train\可回收\可回收_0036.jpg,可回收_0036.jpg,可回收_0036.jpg,558,558,RGB,52832,,success,
2026-06-24 11:07:37,可回收,train,D:\Garbage Classification\Garbage_Classification_Organized\dataset\可回收\可回收161.jpg,D:\Garbage Classification\Garbage_Classification_Organized\garbage_dataset_20260624_110735\train\可回收\可回收161.jpg,可回收161.jpg,可回收161.jpg,558,558,RGB,63817,,success,
2026-06-24 11:07:37,可回收,train,D:\Garbage Classification\Garbage_Classification_Organized\dataset\可回收\可回收176.jpg,D:\Garbage Classification\Garbage_Classification_Organized\garbage_dataset_20260624_110735\train\可回收\可回收176.jpg,可回收176.jpg,可回收176.jpg,558,558,RGB,56669,,success,
2026-06-24 11:07:37,可回收,train,D:\Garbage Classification\Garbage_Classification_Organized\dataset\可回收\可回收194.jpg,D:\Garbage Classification\Garbage_Classification_Organized\garbage_dataset_20260624_110735\train\可回收\可回收194.jpg,可回收194.jpg,可回收194.jpg,558,558,RGB,63338,,success,
2026-06-24 11:07:37,可回收,train,D:\Garbage Classification\Garbage_Classification_Organized\dataset\可回收\可回收_0064.jpg,D:\Garbage Classification\Garbage_Classification_Organized\garbage_dataset_20260624_110735\train\可回收\可回收_0064.jpg,可回收_0064.jpg,可回收_0064.jpg,558,558,RGB,64487,,success,
2026-06-24 11:07:37,可回收,train,D:\Garbage Classification\Garbage_Classification_Organized\dataset\可回收\可回收166.jpg,D:\Garbage Classification\Garbage_Classification_Organized\garbage_dataset_20260624_110735\train\可回收\可回收166.jpg,可回收166.jpg,可回收166.jpg,558,558,RGB,62931,,success,
2026-06-24 11:07:37,可回收,train,D:\Garbage Classification\Garbage_Classification_Organized\dataset\可回收\可回收275.jpg,D:\Garbage Classification\Garbage_Classification_Organized\garbage_dataset_20260624_110735\train\可回收\可回收275.jpg,可回收275.jpg,可回收275.jpg,558,558,RGB,60534,,success,
2026-06-24 11:07:37,可回收,train,D:\Garbage Classification\Garbage_Classification_Organized\dataset\可回收\可回收41.jpg,D:\Garbage Classification\Garbage_Classification_Organized\garbage_dataset_20260624_110735\train\可回收\可回收41.jpg,可回收41.jpg,可回收41.jpg,442,403,RGB,40692,,success,
2026-06-24 11:07:37,可回收,train,D:\Garbage Classification\Garbage_Classification_Organized\dataset\可回收\可回收1.jpg,D:\Garbage Classification\Garbage_Classification_Organized\garbage_dataset_20260624_110735\train\可回收\可回收1.jpg,可回收1.jpg,可回收1.jpg,1871,1721,RGB,390898,,success,
2026-06-24 11:07:37,可回收,train,D:\Garbage Classification\Garbage_Classification_Organized\dataset\可回收\可回收17.jpg,D:\Garbage Classification\Garbage_Classification_Organized\garbage_dataset_20260624_110735\train\可回收\可回收17.jpg,可回收17.jpg,可回收17.jpg,465,429,RGB,56448,,success,
2026-06-24 11:07:37,可回收,train,D:\Garbage Classification\Garbage_Classification_Organized\dataset\可回收\可回收_0077.jpg,D:\Garbage Classification\Garbage_Classification_Organized\garbage_dataset_20260624_110735\train\可回收\可回收_0077.jpg,可回收_0077.jpg,可回收_0077.jpg,558,558,RGB,65827,,success,
2026-06-24 11:07:37,可回收,train,D:\Garbage Classification\Garbage_Classification_Organized\dataset\可回收\可回收_0038.jpg,D:\Garbage Classification\Garbage_Classification_Organized\garbage_dataset_20260624_110735\train\可回收\可回收_0038.jpg,可回收_0038.jpg,可回收_0038.jpg,558,558,RGB,50516,,success,
2026-06-24 11:07:37,可回收,train,D:\Garbage Classification\Garbage_Classification_Organized\dataset\可回收\可回收_0063.jpg,D:\Garbage Classification\Garbage_Classification_Organized\garbage_dataset_20260624_110735\train\可回收\可回收_0063.jpg,可回收_0063.jpg,可回收_0063.jpg,558,558,RGB,64056,,success,
2026-06-24 11:07:37,可回收,train,D:\Garbage Classification\Garbage_Classification_Organized\dataset\可回收\可回收66.jpg,D:\Garbage Classification\Garbage_Classification_Organized\garbage_dataset_20260624_110735\train\可回收\可回收66.jpg,可回收66.jpg,可回收66.jpg,480,380,RGB,42035,,success,
2026-06-24 11:07:37,可回收,train,D:\Garbage Classification\Garbage_Classification_Organized\dataset\可回收\可回收184.jpg,D:\Garbage Classification\Garbage_Classification_Organized\garbage_dataset_20260624_110735\train\可回收\可回收184.jpg,可回收184.jpg,可回收184.jpg,558,558,RGB,64127,,success,
2026-06-24 11:07:37,可回收,train,D:\Garbage Classification\Garbage_Classification_Organized\dataset\可回收\可回收263.jpg,D:\Garbage Classification\Garbage_Classification_Organized\garbage_dataset_20260624_110735\train\可回收\可回收263.jpg,可回收263.jpg,可回收263.jpg,558,558,RGB,58254,,success,
2026-06-24 11:07:37,可回收,train,D:\Garbage Classification\Garbage_Classification_Organized\dataset\可回收\可回收_0093.jpg,D:\Garbage Classification\Garbage_Classification_Organized\garbage_dataset_20260624_110735\train\可回收\可回收_0093.jpg,可回收_0093.jpg,可回收_0093.jpg,558,558,RGB,65527,,success,
2026-06-24 11:07:37,可回收,train,D:\Garbage Classification\Garbage_Classification_Organized\dataset\可回收\可回收183.jpg,D:\Garbage Classification\Garbage_Classification_Organized\garbage_dataset_20260624_110735\train\可回收\可回收183.jpg,可回收183.jpg,可回收183.jpg,558,558,RGB,63334,,success,
2026-06-24 11:07:37,可回收,train,D:\Garbage Classification\Garbage_Classification_Organized\dataset\可回收\可回收266.jpg,D:\Garbage Classification\Garbage_Classification_Organized\garbage_dataset_20260624_110735\train\可回收\可回收266.jpg,可回收266.jpg,可回收266.jpg,558,558,RGB,61735,,success,
2026-06-24 11:07:37,可回收,train,D:\Garbage Classification\Garbage_Classification_Organized\dataset\可回收\可回收165.jpg,D:\Garbage Classification\Garbage_Classification_Organized\garbage_dataset_20260624_110735\train\可回收\可回收165.jpg,可回收165.jpg,可回收165.jpg,558,558,RGB,58870,,success,
2026-06-24 11:07:37,可回收,train,D:\Garbage Classification\Garbage_Classification_Organized\dataset\可回收\可回收192.jpg,D:\Garbage Classification\Garbage_Classification_Organized\garbage_dataset_20260624_110735\train\可回收\可回收192.jpg,可回收192.jpg,可回收192.jpg,558,558,RGB,58915,,success,
2026-06-24 11:07:37,可回收,train,D:\Garbage Classification\Garbage_Classification_Organized\dataset\可回收\可回收212.jpg,D:\Garbage Classification\Garbage_Classification_Organized\garbage_dataset_20260624_110735\train\可回收\可回收212.jpg,可回收212.jpg,可回收212.jpg,558,558,RGB,59739,,success,
2026-06-24 11:07:37,可回收,train,D:\Garbage Classification\Garbage_Classification_Organized\dataset\可回收\可回收147.jpg,D:\Garbage Classification\Garbage_Classification_Organized\garbage_dataset_20260624_110735\train\可回收\可回收147.jpg,可回收147.jpg,可回收147.jpg,558,558,RGB,65191,,success,
2026-06-24 11:07:37,可回收,train,D:\Garbage Classification\Garbage_Classification_Organized\dataset\可回收\可回收14.jpg,D:\Garbage Classification\Garbage_Classification_Organized\garbage_dataset_20260624_110735\train\可回收\可回收14.jpg,可回收14.jpg,可回收14.jpg,2512,3041,RGB,865780,,success,
2026-06-24 11:07:37,可回收,train,D:\Garbage Classification\Garbage_Classification_Organized\dataset\可回收\可回收273.jpg,D:\Garbage Classification\Garbage_Classification_Organized\garbage_dataset_20260624_110735\train\可回收\可回收273.jpg,可回收273.jpg,可回收273.jpg,558,558,RGB,60843,,success,
2026-06-24 11:07:37,可回收,train,D:\Garbage Classification\Garbage_Classification_Organized\dataset\可回收\可回收_0043.jpg,D:\Garbage Classification\Garbage_Classification_Organized\garbage_dataset_20260624_110735\train\可回收\可回收_0043.jpg,可回收_0043.jpg,可回收_0043.jpg,558,558,RGB,52117,,success,
2026-06-24 11:07:37,可回收,train,D:\Garbage Classification\Garbage_Classification_Organized\dataset\可回收\可回收32.jpg,D:\Garbage Classification\Garbage_Classification_Organized\garbage_dataset_20260624_110735\train\可回收\可回收32.jpg,可回收32.jpg,可回收32.jpg,494,317,RGB,50664,,success,
2026-06-24 11:07:37,可回收,train,D:\Garbage Classification\Garbage_Classification_Organized\dataset\可回收\可回收185.jpg,D:\Garbage Classification\Garbage_Classification_Organized\garbage_dataset_20260624_110735\train\可回收\可回收185.jpg,可回收185.jpg,可回收185.jpg,558,558,RGB,70160,,success,
2026-06-24 11:07:37,可回收,train,D:\Garbage Classification\Garbage_Classification_Organized\dataset\可回收\可回收37.jpg,D:\Garbage Classification\Garbage_Classification_Organized\garbage_dataset_20260624_110735\train\可回收\可回收37.jpg,可回收37.jpg,可回收37.jpg,394,470,RGB,42960,,success,
2026-06-24 11:07:37,可回收,train,D:\Garbage Classification\Garbage_Classification_Organized\dataset\可回收\可回收157.jpg,D:\Garbage Classification\Garbage_Classification_Organized\garbage_dataset_20260624_110735\train\可回收\可回收157.jpg,可回收157.jpg,可回收157.jpg,558,558,RGB,59522,,success,
2026-06-24 11:07:37,可回收,train,D:\Garbage Classification\Garbage_Classification_Organized\dataset\可回收\可回收_0003.jpg,D:\Garbage Classification\Garbage_Classification_Organized\garbage_dataset_20260624_110735\train\可回收\可回收_0003.jpg,可回收_0003.jpg,可回收_0003.jpg,558,558,RGB,59114,,success,
2026-06-24 11:07:37,可回收,train,D:\Garbage Classification\Garbage_Classification_Organized\dataset\可回收\可回收_0055.jpg,D:\Garbage Classification\Garbage_Classification_Organized\garbage_dataset_20260624_110735\train\可回收\可回收_0055.jpg,可回收_0055.jpg,可回收_0055.jpg,558,558,RGB,55530,,success,
2026-06-24 11:07:37,可回收,train,D:\Garbage Classification\Garbage_Classification_Organized\dataset\可回收\可回收18.jpg,D:\Garbage Classification\Garbage_Classification_Organized\garbage_dataset_20260624_110735\train\可回收\可回收18.jpg,可回收18.jpg,可回收18.jpg,363,346,RGB,28916,,success,
2026-06-24 11:07:37,可回收,train,D:\Garbage Classification\Garbage_Classification_Organized\dataset\可回收\可回收_0110.jpg,D:\Garbage Classification\Garbage_Classification_Organized\garbage_dataset_20260624_110735\train\可回收\可回收_0110.jpg,可回收_0110.jpg,可回收_0110.jpg,558,558,RGB,66786,,success,
2026-06-24 11:07:37,可回收,train,D:\Garbage Classification\Garbage_Classification_Organized\dataset\可回收\可回收227.jpg,D:\Garbage Classification\Garbage_Classification_Organized\garbage_dataset_20260624_110735\train\可回收\可回收227.jpg,可回收227.jpg,可回收227.jpg,558,558,RGB,59738,,success,
2026-06-24 11:07:37,可回收,train,D:\Garbage Classification\Garbage_Classification_Organized\dataset\可回收\可回收15.jpg,D:\Garbage Classification\Garbage_Classification_Organized\garbage_dataset_20260624_110735\train\可回收\可回收15.jpg,可回收15.jpg,可回收15.jpg,388,456,RGB,58163,,success,
2026-06-24 11:07:37,可回收,train,D:\Garbage Classification\Garbage_Classification_Organized\dataset\可回收\可回收218.jpg,D:\Garbage Classification\Garbage_Classification_Organized\garbage_dataset_20260624_110735\train\可回收\可回收218.jpg,可回收218.jpg,可回收218.jpg,558,558,RGB,60700,,success,
2026-06-24 11:07:37,可回收,train,D:\Garbage Classification\Garbage_Classification_Organized\dataset\可回收\可回收_0027.jpg,D:\Garbage Classification\Garbage_Classification_Organized\garbage_dataset_20260624_110735\train\可回收\可回收_0027.jpg,可回收_0027.jpg,可回收_0027.jpg,558,558,RGB,58133,,success,
2026-06-24 11:07:37,可回收,train,D:\Garbage Classification\Garbage_Classification_Organized\dataset\可回收\可回收_0080.jpg,D:\Garbage Classification\Garbage_Classification_Organized\garbage_dataset_20260624_110735\train\可回收\可回收_0080.jpg,可回收_0080.jpg,可回收_0080.jpg,558,558,RGB,61172,,success,
2026-06-24 11:07:37,可回收,train,D:\Garbage Classification\Garbage_Classification_Organized\dataset\可回收\可回收54.jpg,D:\Garbage Classification\Garbage_Classification_Organized\garbage_dataset_20260624_110735\train\可回收\可回收54.jpg,可回收54.jpg,可回收54.jpg,372,444,RGB,41416,,success,
2026-06-24 11:07:37,可回收,train,D:\Garbage Classification\Garbage_Classification_Organized\dataset\可回收\可回收42.jpg,D:\Garbage Classification\Garbage_Classification_Organized\garbage_dataset_20260624_110735\train\可回收\可回收42.jpg,可回收42.jpg,可回收42.jpg,442,404,RGB,40969,,success,
2026-06-24 11:07:37,可回收,train,D:\Garbage Classification\Garbage_Classification_Organized\dataset\可回收\可回收60.jpg,D:\Garbage Classification\Garbage_Classification_Organized\garbage_dataset_20260624_110735\train\可回收\可回收60.jpg,可回收60.jpg,可回收60.jpg,317,399,RGB,32621,,success,
2026-06-24 11:07:37,可回收,train,D:\Garbage Classification\Garbage_Classification_Organized\dataset\可回收\可回收219.jpg,D:\Garbage Classification\Garbage_Classification_Organized\garbage_dataset_20260624_110735\train\可回收\可回收219.jpg,可回收219.jpg,可回收219.jpg,558,558,RGB,60127,,success,
2026-06-24 11:07:37,可回收,train,D:\Garbage Classification\Garbage_Classification_Organized\dataset\可回收\可回收_0086.jpg,D:\Garbage Classification\Garbage_Classification_Organized\garbage_dataset_20260624_110735\train\可回收\可回收_0086.jpg,可回收_0086.jpg,可回收_0086.jpg,558,558,RGB,65600,,success,
2026-06-24 11:07:37,可回收,train,D:\Garbage Classification\Garbage_Classification_Organized\dataset\可回收\可回收64.jpg,D:\Garbage Classification\Garbage_Classification_Organized\garbage_dataset_20260624_110735\train\可回收\可回收64.jpg,可回收64.jpg,可回收64.jpg,295,352,RGB,29707,,success,
2026-06-24 11:07:37,可回收,train,D:\Garbage Classification\Garbage_Classification_Organized\dataset\可回收\可回收238.jpg,D:\Garbage Classification\Garbage_Classification_Organized\garbage_dataset_20260624_110735\train\可回收\可回收238.jpg,可回收238.jpg,可回收238.jpg,558,558,RGB,61136,,success,
2026-06-24 11:07:37,可回收,train,D:\Garbage Classification\Garbage_Classification_Organized\dataset\可回收\可回收186.jpg,D:\Garbage Classification\Garbage_Classification_Organized\garbage_dataset_20260624_110735\train\可回收\可回收186.jpg,可回收186.jpg,可回收186.jpg,558,558,RGB,59071,,success,
2026-06-24 11:07:37,可回收,train,D:\Garbage Classification\Garbage_Classification_Organized\dataset\可回收\可回收_0002.jpg,D:\Garbage Classification\Garbage_Classification_Organized\garbage_dataset_20260624_110735\train\可回收\可回收_0002.jpg,可回收_0002.jpg,可回收_0002.jpg,558,558,RGB,59527,,success,
2026-06-24 11:07:37,可回收,train,D:\Garbage Classification\Garbage_Classification_Organized\dataset\可回收\可回收43.jpg,D:\Garbage Classification\Garbage_Classification_Organized\garbage_dataset_20260624_110735\train\可回收\可回收43.jpg,可回收43.jpg,可回收43.jpg,451,390,RGB,40306,,success,
2026-06-24 11:07:37,可回收,train,D:\Garbage Classification\Garbage_Classification_Organized\dataset\可回收\可回收143.jpg,D:\Garbage Classification\Garbage_Classification_Organized\garbage_dataset_20260624_110735\train\可回收\可回收143.jpg,可回收143.jpg,可回收143.jpg,558,558,RGB,64691,,success,
2026-06-24 11:07:37,可回收,train,D:\Garbage Classification\Garbage_Classification_Organized\dataset\可回收\可回收20.jpg,D:\Garbage Classification\Garbage_Classification_Organized\garbage_dataset_20260624_110735\train\可回收\可回收20.jpg,可回收20.jpg,可回收20.jpg,284,322,RGB,28341,,success,
2026-06-24 11:07:37,可回收,train,D:\Garbage Classification\Garbage_Classification_Organized\dataset\可回收\可回收_0018.jpg,D:\Garbage Classification\Garbage_Classification_Organized\garbage_dataset_20260624_110735\train\可回收\可回收_0018.jpg,可回收_0018.jpg,可回收_0018.jpg,558,558,RGB,65097,,success,
2026-06-24 11:07:37,可回收,train,D:\Garbage Classification\Garbage_Classification_Organized\dataset\可回收\可回收278.jpg,D:\Garbage Classification\Garbage_Classification_Organized\garbage_dataset_20260624_110735\train\可回收\可回收278.jpg,可回收278.jpg,可回收278.jpg,558,558,RGB,61124,,success,
2026-06-24 11:07:37,可回收,train,D:\Garbage Classification\Garbage_Classification_Organized\dataset\可回收\可回收249.jpg,D:\Garbage Classification\Garbage_Classification_Organized\garbage_dataset_20260624_110735\train\可回收\可回收249.jpg,可回收249.jpg,可回收249.jpg,558,558,RGB,63347,,success,
2026-06-24 11:07:37,可回收,train,D:\Garbage Classification\Garbage_Classification_Organized\dataset\可回收\可回收_0109.jpg,D:\Garbage Classification\Garbage_Classification_Organized\garbage_dataset_20260624_110735\train\可回收\可回收_0109.jpg,可回收_0109.jpg,可回收_0109.jpg,558,558,RGB,59448,,success,
2026-06-24 11:07:37,可回收,train,D:\Garbage Classification\Garbage_Classification_Organized\dataset\可回收\可回收_0087.jpg,D:\Garbage Classification\Garbage_Classification_Organized\garbage_dataset_20260624_110735\train\可回收\可回收_0087.jpg,可回收_0087.jpg,可回收_0087.jpg,558,558,RGB,65277,,success,
2026-06-24 11:07:37,可回收,train,D:\Garbage Classification\Garbage_Classification_Organized\dataset\可回收\可回收231.jpg,D:\Garbage Classification\Garbage_Classification_Organized\garbage_dataset_20260624_110735\train\可回收\可回收231.jpg,可回收231.jpg,可回收231.jpg,558,558,RGB,62158,,success,
2026-06-24 11:07:37,可回收,train,D:\Garbage Classification\Garbage_Classification_Organized\dataset\可回收\可回收171.jpg,D:\Garbage Classification\Garbage_Classification_Organized\garbage_dataset_20260624_110735\train\可回收\可回收171.jpg,可回收171.jpg,可回收171.jpg,558,558,RGB,58167,,success,
2026-06-24 11:07:37,可回收,train,D:\Garbage Classification\Garbage_Classification_Organized\dataset\可回收\可回收_0092.jpg,D:\Garbage Classification\Garbage_Classification_Organized\garbage_dataset_20260624_110735\train\可回收\可回收_0092.jpg,可回收_0092.jpg,可回收_0092.jpg,558,558,RGB,64077,,success,
2026-06-24 11:07:37,可回收,train,D:\Garbage Classification\Garbage_Classification_Organized\dataset\可回收\可回收8.jpg,D:\Garbage Classification\Garbage_Classification_Organized\garbage_dataset_20260624_110735\train\可回收\可回收8.jpg,可回收8.jpg,可回收8.jpg,2422,2360,RGB,939661,,success,
2026-06-24 11:07:37,可回收,train,D:\Garbage Classification\Garbage_Classification_Organized\dataset\可回收\可回收271.jpg,D:\Garbage Classification\Garbage_Classification_Organized\garbage_dataset_20260624_110735\train\可回收\可回收271.jpg,可回收271.jpg,可回收271.jpg,558,558,RGB,62904,,success,
2026-06-24 11:07:37,可回收,train,D:\Garbage Classification\Garbage_Classification_Organized\dataset\可回收\可回收232.jpg,D:\Garbage Classification\Garbage_Classification_Organized\garbage_dataset_20260624_110735\train\可回收\可回收232.jpg,可回收232.jpg,可回收232.jpg,558,558,RGB,62611,,success,
2026-06-24 11:07:37,可回收,train,D:\Garbage Classification\Garbage_Classification_Organized\dataset\可回收\可回收260.jpg,D:\Garbage Classification\Garbage_Classification_Organized\garbage_dataset_20260624_110735\train\可回收\可回收260.jpg,可回收260.jpg,可回收260.jpg,558,558,RGB,52069,,success,
2026-06-24 11:07:37,可回收,train,D:\Garbage Classification\Garbage_Classification_Organized\dataset\可回收\可回收45.jpg,D:\Garbage Classification\Garbage_Classification_Organized\garbage_dataset_20260624_110735\train\可回收\可回收45.jpg,可回收45.jpg,可回收45.jpg,435,335,RGB,37097,,success,
2026-06-24 11:07:37,可回收,train,D:\Garbage Classification\Garbage_Classification_Organized\dataset\可回收\可回收56.jpg,D:\Garbage Classification\Garbage_Classification_Organized\garbage_dataset_20260624_110735\train\可回收\可回收56.jpg,可回收56.jpg,可回收56.jpg,568,474,RGB,55140,,success,
2026-06-24 11:07:37,可回收,train,D:\Garbage Classification\Garbage_Classification_Organized\dataset\可回收\可回收39.jpg,D:\Garbage Classification\Garbage_Classification_Organized\garbage_dataset_20260624_110735\train\可回收\可回收39.jpg,可回收39.jpg,可回收39.jpg,330,397,RGB,32857,,success,
2026-06-24 11:07:37,可回收,train,D:\Garbage Classification\Garbage_Classification_Organized\dataset\可回收\可回收_0053.jpg,D:\Garbage Classification\Garbage_Classification_Organized\garbage_dataset_20260624_110735\train\可回收\可回收_0053.jpg,可回收_0053.jpg,可回收_0053.jpg,558,558,RGB,60348,,success,
2026-06-24 11:07:37,可回收,train,D:\Garbage Classification\Garbage_Classification_Organized\dataset\可回收\可回收_0054.jpg,D:\Garbage Classification\Garbage_Classification_Organized\garbage_dataset_20260624_110735\train\可回收\可回收_0054.jpg,可回收_0054.jpg,可回收_0054.jpg,558,558,RGB,61396,,success,
2026-06-24 11:07:37,可回收,train,D:\Garbage Classification\Garbage_Classification_Organized\dataset\可回收\可回收225.jpg,D:\Garbage Classification\Garbage_Classification_Organized\garbage_dataset_20260624_110735\train\可回收\可回收225.jpg,可回收225.jpg,可回收225.jpg,558,558,RGB,61980,,success,
2026-06-24 11:07:37,可回收,train,D:\Garbage Classification\Garbage_Classification_Organized\dataset\可回收\可回收167.jpg,D:\Garbage Classification\Garbage_Classification_Organized\garbage_dataset_20260624_110735\train\可回收\可回收167.jpg,可回收167.jpg,可回收167.jpg,558,558,RGB,62363,,success,
2026-06-24 11:07:37,可回收,train,D:\Garbage Classification\Garbage_Classification_Organized\dataset\可回收\可回收_0108.jpg,D:\Garbage Classification\Garbage_Classification_Organized\garbage_dataset_20260624_110735\train\可回收\可回收_0108.jpg,可回收_0108.jpg,可回收_0108.jpg,558,558,RGB,58982,,success,
2026-06-24 11:07:37,可回收,train,D:\Garbage Classification\Garbage_Classification_Organized\dataset\可回收\可回收190.jpg,D:\Garbage Classification\Garbage_Classification_Organized\garbage_dataset_20260624_110735\train\可回收\可回收190.jpg,可回收190.jpg,可回收190.jpg,558,558,RGB,62656,,success,
2026-06-24 11:07:37,可回收,train,D:\Garbage Classification\Garbage_Classification_Organized\dataset\可回收\可回收158.jpg,D:\Garbage Classification\Garbage_Classification_Organized\garbage_dataset_20260624_110735\train\可回收\可回收158.jpg,可回收158.jpg,可回收158.jpg,558,558,RGB,64996,,success,
2026-06-24 11:07:37,可回收,val,D:\Garbage Classification\Garbage_Classification_Organized\dataset\可回收\可回收_0017.jpg,D:\Garbage Classification\Garbage_Classification_Organized\garbage_dataset_20260624_110735\val\可回收\可回收_0017.jpg,可回收_0017.jpg,可回收_0017.jpg,558,558,RGB,64499,,success,
2026-06-24 11:07:37,可回收,val,D:\Garbage Classification\Garbage_Classification_Organized\dataset\可回收\可回收25.jpg,D:\Garbage Classification\Garbage_Classification_Organized\garbage_dataset_20260624_110735\val\可回收\可回收25.jpg,可回收25.jpg,可回收25.jpg,408,446,RGB,39996,,success,
2026-06-24 11:07:37,可回收,val,D:\Garbage Classification\Garbage_Classification_Organized\dataset\可回收\可回收_0020.jpg,D:\Garbage Classification\Garbage_Classification_Organized\garbage_dataset_20260624_110735\val\可回收\可回收_0020.jpg,可回收_0020.jpg,可回收_0020.jpg,558,558,RGB,66491,,success,
2026-06-24 11:07:37,可回收,val,D:\Garbage Classification\Garbage_Classification_Organized\dataset\可回收\可回收144.jpg,D:\Garbage Classification\Garbage_Classification_Organized\garbage_dataset_20260624_110735\val\可回收\可回收144.jpg,可回收144.jpg,可回收144.jpg,558,558,RGB,64547,,success,
2026-06-24 11:07:37,可回收,val,D:\Garbage Classification\Garbage_Classification_Organized\dataset\可回收\可回收_0114.jpg,D:\Garbage Classification\Garbage_Classification_Organized\garbage_dataset_20260624_110735\val\可回收\可回收_0114.jpg,可回收_0114.jpg,可回收_0114.jpg,558,558,RGB,62223,,success,
2026-06-24 11:07:37,可回收,val,D:\Garbage Classification\Garbage_Classification_Organized\dataset\可回收\可回收168.jpg,D:\Garbage Classification\Garbage_Classification_Organized\garbage_dataset_20260624_110735\val\可回收\可回收168.jpg,可回收168.jpg,可回收168.jpg,558,558,RGB,63669,,success,
2026-06-24 11:07:37,可回收,val,D:\Garbage Classification\Garbage_Classification_Organized\dataset\可回收\可回收162.jpg,D:\Garbage Classification\Garbage_Classification_Organized\garbage_dataset_20260624_110735\val\可回收\可回收162.jpg,可回收162.jpg,可回收162.jpg,558,558,RGB,59520,,success,
2026-06-24 11:07:37,可回收,val,D:\Garbage Classification\Garbage_Classification_Organized\dataset\可回收\可回收23.jpg,D:\Garbage Classification\Garbage_Classification_Organized\garbage_dataset_20260624_110735\val\可回收\可回收23.jpg,可回收23.jpg,可回收23.jpg,360,480,RGB,42172,,success,
2026-06-24 11:07:37,可回收,val,D:\Garbage Classification\Garbage_Classification_Organized\dataset\可回收\可回收34.jpg,D:\Garbage Classification\Garbage_Classification_Organized\garbage_dataset_20260624_110735\val\可回收\可回收34.jpg,可回收34.jpg,可回收34.jpg,549,294,RGB,56521,,success,
2026-06-24 11:07:37,可回收,val,D:\Garbage Classification\Garbage_Classification_Organized\dataset\可回收\可回收205.jpg,D:\Garbage Classification\Garbage_Classification_Organized\garbage_dataset_20260624_110735\val\可回收\可回收205.jpg,可回收205.jpg,可回收205.jpg,558,558,RGB,59151,,success,
2026-06-24 11:07:37,可回收,val,D:\Garbage Classification\Garbage_Classification_Organized\dataset\可回收\可回收46.jpg,D:\Garbage Classification\Garbage_Classification_Organized\garbage_dataset_20260624_110735\val\可回收\可回收46.jpg,可回收46.jpg,可回收46.jpg,432,331,RGB,35800,,success,
2026-06-24 11:07:37,可回收,val,D:\Garbage Classification\Garbage_Classification_Organized\dataset\可回收\可回收242.jpg,D:\Garbage Classification\Garbage_Classification_Organized\garbage_dataset_20260624_110735\val\可回收\可回收242.jpg,可回收242.jpg,可回收242.jpg,558,558,RGB,55657,,success,
2026-06-24 11:07:37,可回收,val,D:\Garbage Classification\Garbage_Classification_Organized\dataset\可回收\可回收_0045.jpg,D:\Garbage Classification\Garbage_Classification_Organized\garbage_dataset_20260624_110735\val\可回收\可回收_0045.jpg,可回收_0045.jpg,可回收_0045.jpg,558,558,RGB,62214,,success,
2026-06-24 11:07:37,可回收,val,D:\Garbage Classification\Garbage_Classification_Organized\dataset\可回收\可回收30.jpg,D:\Garbage Classification\Garbage_Classification_Organized\garbage_dataset_20260624_110735\val\可回收\可回收30.jpg,可回收30.jpg,可回收30.jpg,439,480,RGB,60327,,success,
2026-06-24 11:07:37,可回收,val,D:\Garbage Classification\Garbage_Classification_Organized\dataset\可回收\可回收150.jpg,D:\Garbage Classification\Garbage_Classification_Organized\garbage_dataset_20260624_110735\val\可回收\可回收150.jpg,可回收150.jpg,可回收150.jpg,558,558,RGB,61869,,success,
2026-06-24 11:07:37,可回收,val,D:\Garbage Classification\Garbage_Classification_Organized\dataset\可回收\可回收33.jpg,D:\Garbage Classification\Garbage_Classification_Organized\garbage_dataset_20260624_110735\val\可回收\可回收33.jpg,可回收33.jpg,可回收33.jpg,469,433,RGB,65247,,success,
2026-06-24 11:07:37,可回收,val,D:\Garbage Classification\Garbage_Classification_Organized\dataset\可回收\可回收187.jpg,D:\Garbage Classification\Garbage_Classification_Organized\garbage_dataset_20260624_110735\val\可回收\可回收187.jpg,可回收187.jpg,可回收187.jpg,558,558,RGB,59208,,success,
2026-06-24 11:07:37,可回收,val,D:\Garbage Classification\Garbage_Classification_Organized\dataset\可回收\可回收277.jpg,D:\Garbage Classification\Garbage_Classification_Organized\garbage_dataset_20260624_110735\val\可回收\可回收277.jpg,可回收277.jpg,可回收277.jpg,558,558,RGB,60957,,success,
2026-06-24 11:07:37,可回收,val,D:\Garbage Classification\Garbage_Classification_Organized\dataset\可回收\可回收210.jpg,D:\Garbage Classification\Garbage_Classification_Organized\garbage_dataset_20260624_110735\val\可回收\可回收210.jpg,可回收210.jpg,可回收210.jpg,558,558,RGB,61110,,success,
2026-06-24 11:07:37,可回收,val,D:\Garbage Classification\Garbage_Classification_Organized\dataset\可回收\可回收265.jpg,D:\Garbage Classification\Garbage_Classification_Organized\garbage_dataset_20260624_110735\val\可回收\可回收265.jpg,可回收265.jpg,可回收265.jpg,558,558,RGB,60815,,success,
2026-06-24 11:07:37,可回收,val,D:\Garbage Classification\Garbage_Classification_Organized\dataset\可回收\可回收_0023.jpg,D:\Garbage Classification\Garbage_Classification_Organized\garbage_dataset_20260624_110735\val\可回收\可回收_0023.jpg,可回收_0023.jpg,可回收_0023.jpg,558,558,RGB,64831,,success,
2026-06-24 11:07:37,可回收,val,D:\Garbage Classification\Garbage_Classification_Organized\dataset\可回收\可回收_0095.jpg,D:\Garbage Classification\Garbage_Classification_Organized\garbage_dataset_20260624_110735\val\可回收\可回收_0095.jpg,可回收_0095.jpg,可回收_0095.jpg,558,558,RGB,65132,,success,
2026-06-24 11:07:37,可回收,val,D:\Garbage Classification\Garbage_Classification_Organized\dataset\可回收\可回收141.jpg,D:\Garbage Classification\Garbage_Classification_Organized\garbage_dataset_20260624_110735\val\可回收\可回收141.jpg,可回收141.jpg,可回收141.jpg,558,558,RGB,64600,,success,
2026-06-24 11:07:37,可回收,val,D:\Garbage Classification\Garbage_Classification_Organized\dataset\可回收\可回收244.jpg,D:\Garbage Classification\Garbage_Classification_Organized\garbage_dataset_20260624_110735\val\可回收\可回收244.jpg,可回收244.jpg,可回收244.jpg,558,558,RGB,59039,,success,
2026-06-24 11:07:37,可回收,val,D:\Garbage Classification\Garbage_Classification_Organized\dataset\可回收\可回收19.jpg,D:\Garbage Classification\Garbage_Classification_Organized\garbage_dataset_20260624_110735\val\可回收\可回收19.jpg,可回收19.jpg,可回收19.jpg,394,286,RGB,32996,,success,
2026-06-24 11:07:37,可回收,val,D:\Garbage Classification\Garbage_Classification_Organized\dataset\可回收\可回收_0049.jpg,D:\Garbage Classification\Garbage_Classification_Organized\garbage_dataset_20260624_110735\val\可回收\可回收_0049.jpg,可回收_0049.jpg,可回收_0049.jpg,558,558,RGB,56797,,success,
2026-06-24 11:07:37,可回收,val,D:\Garbage Classification\Garbage_Classification_Organized\dataset\可回收\可回收160.jpg,D:\Garbage Classification\Garbage_Classification_Organized\garbage_dataset_20260624_110735\val\可回收\可回收160.jpg,可回收160.jpg,可回收160.jpg,558,558,RGB,63700,,success,
2026-06-24 11:07:37,可回收,val,D:\Garbage Classification\Garbage_Classification_Organized\dataset\可回收\可回收221.jpg,D:\Garbage Classification\Garbage_Classification_Organized\garbage_dataset_20260624_110735\val\可回收\可回收221.jpg,可回收221.jpg,可回收221.jpg,558,558,RGB,61609,,success,
2026-06-24 11:07:37,可回收,val,D:\Garbage Classification\Garbage_Classification_Organized\dataset\可回收\可回收_0040.jpg,D:\Garbage Classification\Garbage_Classification_Organized\garbage_dataset_20260624_110735\val\可回收\可回收_0040.jpg,可回收_0040.jpg,可回收_0040.jpg,558,558,RGB,50537,,success,
2026-06-24 11:07:37,可回收,val,D:\Garbage Classification\Garbage_Classification_Organized\dataset\可回收\可回收31.jpg,D:\Garbage Classification\Garbage_Classification_Organized\garbage_dataset_20260624_110735\val\可回收\可回收31.jpg,可回收31.jpg,可回收31.jpg,493,313,RGB,50520,,success,
2026-06-24 11:07:37,可回收,val,D:\Garbage Classification\Garbage_Classification_Organized\dataset\可回收\可回收_0005.jpg,D:\Garbage Classification\Garbage_Classification_Organized\garbage_dataset_20260624_110735\val\可回收\可回收_0005.jpg,可回收_0005.jpg,可回收_0005.jpg,558,558,RGB,60999,,success,
2026-06-24 11:07:37,可回收,val,D:\Garbage Classification\Garbage_Classification_Organized\dataset\可回收\可回收_0100.jpg,D:\Garbage Classification\Garbage_Classification_Organized\garbage_dataset_20260624_110735\val\可回收\可回收_0100.jpg,可回收_0100.jpg,可回收_0100.jpg,558,558,RGB,63746,,success,
2026-06-24 11:07:37,可回收,val,D:\Garbage Classification\Garbage_Classification_Organized\dataset\可回收\可回收270.jpg,D:\Garbage Classification\Garbage_Classification_Organized\garbage_dataset_20260624_110735\val\可回收\可回收270.jpg,可回收270.jpg,可回收270.jpg,558,558,RGB,62635,,success,
2026-06-24 11:07:37,可回收,val,D:\Garbage Classification\Garbage_Classification_Organized\dataset\可回收\可回收_0083.jpg,D:\Garbage Classification\Garbage_Classification_Organized\garbage_dataset_20260624_110735\val\可回收\可回收_0083.jpg,可回收_0083.jpg,可回收_0083.jpg,558,558,RGB,53494,,success,
2026-06-24 11:07:37,可回收,val,D:\Garbage Classification\Garbage_Classification_Organized\dataset\可回收\可回收_0052.jpg,D:\Garbage Classification\Garbage_Classification_Organized\garbage_dataset_20260624_110735\val\可回收\可回收_0052.jpg,可回收_0052.jpg,可回收_0052.jpg,558,558,RGB,61519,,success,
2026-06-24 11:07:37,可回收,val,D:\Garbage Classification\Garbage_Classification_Organized\dataset\可回收\可回收57.jpg,D:\Garbage Classification\Garbage_Classification_Organized\garbage_dataset_20260624_110735\val\可回收\可回收57.jpg,可回收57.jpg,可回收57.jpg,327,391,RGB,36764,,success,
2026-06-24 11:07:37,可回收,val,D:\Garbage Classification\Garbage_Classification_Organized\dataset\可回收\可回收4.jpg,D:\Garbage Classification\Garbage_Classification_Organized\garbage_dataset_20260624_110735\val\可回收\可回收4.jpg,可回收4.jpg,可回收4.jpg,2175,2239,RGB,494000,,success,
2026-06-24 11:07:37,可回收,val,D:\Garbage Classification\Garbage_Classification_Organized\dataset\可回收\可回收220.jpg,D:\Garbage Classification\Garbage_Classification_Organized\garbage_dataset_20260624_110735\val\可回收\可回收220.jpg,可回收220.jpg,可回收220.jpg,558,558,RGB,60277,,success,
2026-06-24 11:07:37,可回收,val,D:\Garbage Classification\Garbage_Classification_Organized\dataset\可回收\可回收240.jpg,D:\Garbage Classification\Garbage_Classification_Organized\garbage_dataset_20260624_110735\val\可回收\可回收240.jpg,可回收240.jpg,可回收240.jpg,558,558,RGB,59971,,success,
2026-06-24 11:07:37,可回收,val,D:\Garbage Classification\Garbage_Classification_Organized\dataset\可回收\可回收164.jpg,D:\Garbage Classification\Garbage_Classification_Organized\garbage_dataset_20260624_110735\val\可回收\可回收164.jpg,可回收164.jpg,可回收164.jpg,558,558,RGB,60335,,success,
2026-06-24 11:07:37,可回收,val,D:\Garbage Classification\Garbage_Classification_Organized\dataset\可回收\可回收26.jpg,D:\Garbage Classification\Garbage_Classification_Organized\garbage_dataset_20260624_110735\val\可回收\可回收26.jpg,可回收26.jpg,可回收26.jpg,403,452,RGB,40295,,success,
2026-06-24 11:07:37,可回收,val,D:\Garbage Classification\Garbage_Classification_Organized\dataset\可回收\可回收258.jpg,D:\Garbage Classification\Garbage_Classification_Organized\garbage_dataset_20260624_110735\val\可回收\可回收258.jpg,可回收258.jpg,可回收258.jpg,558,558,RGB,51924,,success,
2026-06-24 11:07:37,可回收,val,D:\Garbage Classification\Garbage_Classification_Organized\dataset\可回收\可回收142.jpg,D:\Garbage Classification\Garbage_Classification_Organized\garbage_dataset_20260624_110735\val\可回收\可回收142.jpg,可回收142.jpg,可回收142.jpg,558,558,RGB,64774,,success,
2026-06-24 11:07:37,可回收,val,D:\Garbage Classification\Garbage_Classification_Organized\dataset\可回收\可回收_0113.jpg,D:\Garbage Classification\Garbage_Classification_Organized\garbage_dataset_20260624_110735\val\可回收\可回收_0113.jpg,可回收_0113.jpg,可回收_0113.jpg,558,558,RGB,62761,,success,
2026-06-24 11:07:37,可回收,val,D:\Garbage Classification\Garbage_Classification_Organized\dataset\可回收\可回收_0090.jpg,D:\Garbage Classification\Garbage_Classification_Organized\garbage_dataset_20260624_110735\val\可回收\可回收_0090.jpg,可回收_0090.jpg,可回收_0090.jpg,558,558,RGB,62286,,success,
2026-06-24 11:07:37,可回收,test,D:\Garbage Classification\Garbage_Classification_Organized\dataset\可回收\可回收_0082.jpg,D:\Garbage Classification\Garbage_Classification_Organized\garbage_dataset_20260624_110735\test\可回收\可回收_0082.jpg,可回收_0082.jpg,可回收_0082.jpg,558,558,RGB,58090,,success,
2026-06-24 11:07:37,可回收,test,D:\Garbage Classification\Garbage_Classification_Organized\dataset\可回收\可回收68.jpg,D:\Garbage Classification\Garbage_Classification_Organized\garbage_dataset_20260624_110735\test\可回收\可回收68.jpg,可回收68.jpg,可回收68.jpg,437,472,RGB,55375,,success,
2026-06-24 11:07:37,可回收,test,D:\Garbage Classification\Garbage_Classification_Organized\dataset\可回收\可回收24.jpg,D:\Garbage Classification\Garbage_Classification_Organized\garbage_dataset_20260624_110735\test\可回收\可回收24.jpg,可回收24.jpg,可回收24.jpg,564,352,RGB,40693,,success,
2026-06-24 11:07:37,可回收,test,D:\Garbage Classification\Garbage_Classification_Organized\dataset\可回收\可回收200.jpg,D:\Garbage Classification\Garbage_Classification_Organized\garbage_dataset_20260624_110735\test\可回收\可回收200.jpg,可回收200.jpg,可回收200.jpg,558,558,RGB,59180,,success,
2026-06-24 11:07:37,可回收,test,D:\Garbage Classification\Garbage_Classification_Organized\dataset\可回收\可回收170.jpg,D:\Garbage Classification\Garbage_Classification_Organized\garbage_dataset_20260624_110735\test\可回收\可回收170.jpg,可回收170.jpg,可回收170.jpg,558,558,RGB,58062,,success,
2026-06-24 11:07:37,可回收,test,D:\Garbage Classification\Garbage_Classification_Organized\dataset\可回收\可回收_0039.jpg,D:\Garbage Classification\Garbage_Classification_Organized\garbage_dataset_20260624_110735\test\可回收\可回收_0039.jpg,可回收_0039.jpg,可回收_0039.jpg,558,558,RGB,54476,,success,
2026-06-24 11:07:37,可回收,test,D:\Garbage Classification\Garbage_Classification_Organized\dataset\可回收\可回收189.jpg,D:\Garbage Classification\Garbage_Classification_Organized\garbage_dataset_20260624_110735\test\可回收\可回收189.jpg,可回收189.jpg,可回收189.jpg,558,558,RGB,62918,,success,
2026-06-24 11:07:37,可回收,test,D:\Garbage Classification\Garbage_Classification_Organized\dataset\可回收\可回收40.jpg,D:\Garbage Classification\Garbage_Classification_Organized\garbage_dataset_20260624_110735\test\可回收\可回收40.jpg,可回收40.jpg,可回收40.jpg,430,436,RGB,41224,,success,
2026-06-24 11:07:37,可回收,test,D:\Garbage Classification\Garbage_Classification_Organized\dataset\可回收\可回收_0089.jpg,D:\Garbage Classification\Garbage_Classification_Organized\garbage_dataset_20260624_110735\test\可回收\可回收_0089.jpg,可回收_0089.jpg,可回收_0089.jpg,558,558,RGB,59646,,success,
2026-06-24 11:07:37,可回收,test,D:\Garbage Classification\Garbage_Classification_Organized\dataset\可回收\可回收_0047.jpg,D:\Garbage Classification\Garbage_Classification_Organized\garbage_dataset_20260624_110735\test\可回收\可回收_0047.jpg,可回收_0047.jpg,可回收_0047.jpg,558,558,RGB,61092,,success,
2026-06-24 11:07:37,可回收,test,D:\Garbage Classification\Garbage_Classification_Organized\dataset\可回收\可回收254.jpg,D:\Garbage Classification\Garbage_Classification_Organized\garbage_dataset_20260624_110735\test\可回收\可回收254.jpg,可回收254.jpg,可回收254.jpg,558,558,RGB,53578,,success,
2026-06-24 11:07:37,可回收,test,D:\Garbage Classification\Garbage_Classification_Organized\dataset\可回收\可回收211.jpg,D:\Garbage Classification\Garbage_Classification_Organized\garbage_dataset_20260624_110735\test\可回收\可回收211.jpg,可回收211.jpg,可回收211.jpg,558,558,RGB,59817,,success,
2026-06-24 11:07:37,可回收,test,D:\Garbage Classification\Garbage_Classification_Organized\dataset\可回收\可回收261.jpg,D:\Garbage Classification\Garbage_Classification_Organized\garbage_dataset_20260624_110735\test\可回收\可回收261.jpg,可回收261.jpg,可回收261.jpg,558,558,RGB,51827,,success,
2026-06-24 11:07:37,可回收,test,D:\Garbage Classification\Garbage_Classification_Organized\dataset\可回收\可回收_0058.jpg,D:\Garbage Classification\Garbage_Classification_Organized\garbage_dataset_20260624_110735\test\可回收\可回收_0058.jpg,可回收_0058.jpg,可回收_0058.jpg,558,558,RGB,66418,,success,
2026-06-24 11:07:37,可回收,test,D:\Garbage Classification\Garbage_Classification_Organized\dataset\可回收\可回收_0078.jpg,D:\Garbage Classification\Garbage_Classification_Organized\garbage_dataset_20260624_110735\test\可回收\可回收_0078.jpg,可回收_0078.jpg,可回收_0078.jpg,558,558,RGB,67879,,success,
2026-06-24 11:07:37,可回收,test,D:\Garbage Classification\Garbage_Classification_Organized\dataset\可回收\可回收53.jpg,D:\Garbage Classification\Garbage_Classification_Organized\garbage_dataset_20260624_110735\test\可回收\可回收53.jpg,可回收53.jpg,可回收53.jpg,369,440,RGB,40769,,success,
2026-06-24 11:07:37,可回收,test,D:\Garbage Classification\Garbage_Classification_Organized\dataset\可回收\可回收_0091.jpg,D:\Garbage Classification\Garbage_Classification_Organized\garbage_dataset_20260624_110735\test\可回收\可回收_0091.jpg,可回收_0091.jpg,可回收_0091.jpg,558,558,RGB,63912,,success,
2026-06-24 11:07:37,可回收,test,D:\Garbage Classification\Garbage_Classification_Organized\dataset\可回收\可回收228.jpg,D:\Garbage Classification\Garbage_Classification_Organized\garbage_dataset_20260624_110735\test\可回收\可回收228.jpg,可回收228.jpg,可回收228.jpg,558,558,RGB,59559,,success,
2026-06-24 11:07:37,可回收,test,D:\Garbage Classification\Garbage_Classification_Organized\dataset\可回收\可回收216.jpg,D:\Garbage Classification\Garbage_Classification_Organized\garbage_dataset_20260624_110735\test\可回收\可回收216.jpg,可回收216.jpg,可回收216.jpg,558,558,RGB,60883,,success,
2026-06-24 11:07:37,可回收,test,D:\Garbage Classification\Garbage_Classification_Organized\dataset\可回收\可回收_0008.jpg,D:\Garbage Classification\Garbage_Classification_Organized\garbage_dataset_20260624_110735\test\可回收\可回收_0008.jpg,可回收_0008.jpg,可回收_0008.jpg,558,558,RGB,65123,,success,
2026-06-24 11:07:37,可回收,test,D:\Garbage Classification\Garbage_Classification_Organized\dataset\可回收\可回收35.jpg,D:\Garbage Classification\Garbage_Classification_Organized\garbage_dataset_20260624_110735\test\可回收\可回收35.jpg,可回收35.jpg,可回收35.jpg,548,295,RGB,56894,,success,
2026-06-24 11:07:37,可回收,test,D:\Garbage Classification\Garbage_Classification_Organized\dataset\可回收\可回收_0115.jpg,D:\Garbage Classification\Garbage_Classification_Organized\garbage_dataset_20260624_110735\test\可回收\可回收_0115.jpg,可回收_0115.jpg,可回收_0115.jpg,558,558,RGB,62060,,success,
2026-06-24 11:07:37,可回收,test,D:\Garbage Classification\Garbage_Classification_Organized\dataset\可回收\可回收178.jpg,D:\Garbage Classification\Garbage_Classification_Organized\garbage_dataset_20260624_110735\test\可回收\可回收178.jpg,可回收178.jpg,可回收178.jpg,558,558,RGB,62338,,success,
2026-06-24 11:07:37,可回收,test,D:\Garbage Classification\Garbage_Classification_Organized\dataset\可回收\可回收197.jpg,D:\Garbage Classification\Garbage_Classification_Organized\garbage_dataset_20260624_110735\test\可回收\可回收197.jpg,可回收197.jpg,可回收197.jpg,558,558,RGB,63693,,success,
2026-06-24 11:07:37,可回收,test,D:\Garbage Classification\Garbage_Classification_Organized\dataset\可回收\可回收52.jpg,D:\Garbage Classification\Garbage_Classification_Organized\garbage_dataset_20260624_110735\test\可回收\可回收52.jpg,可回收52.jpg,可回收52.jpg,495,423,RGB,47513,,success,
2026-06-24 11:07:37,可回收,test,D:\Garbage Classification\Garbage_Classification_Organized\dataset\可回收\可回收151.jpg,D:\Garbage Classification\Garbage_Classification_Organized\garbage_dataset_20260624_110735\test\可回收\可回收151.jpg,可回收151.jpg,可回收151.jpg,558,558,RGB,65071,,success,
2026-06-24 11:07:37,可回收,test,D:\Garbage Classification\Garbage_Classification_Organized\dataset\可回收\可回收_0022.jpg,D:\Garbage Classification\Garbage_Classification_Organized\garbage_dataset_20260624_110735\test\可回收\可回收_0022.jpg,可回收_0022.jpg,可回收_0022.jpg,558,558,RGB,57685,,success,
2026-06-24 11:07:37,可回收,test,D:\Garbage Classification\Garbage_Classification_Organized\dataset\可回收\可回收279.jpg,D:\Garbage Classification\Garbage_Classification_Organized\garbage_dataset_20260624_110735\test\可回收\可回收279.jpg,可回收279.jpg,可回收279.jpg,558,558,RGB,61224,,success,
2026-06-24 11:07:37,可回收,test,D:\Garbage Classification\Garbage_Classification_Organized\dataset\可回收\可回收154.jpg,D:\Garbage Classification\Garbage_Classification_Organized\garbage_dataset_20260624_110735\test\可回收\可回收154.jpg,可回收154.jpg,可回收154.jpg,558,558,RGB,65205,,success,
2026-06-24 11:07:37,可回收,test,D:\Garbage Classification\Garbage_Classification_Organized\dataset\可回收\可回收180.jpg,D:\Garbage Classification\Garbage_Classification_Organized\garbage_dataset_20260624_110735\test\可回收\可回收180.jpg,可回收180.jpg,可回收180.jpg,558,558,RGB,61449,,success,
2026-06-24 11:07:37,可回收,test,D:\Garbage Classification\Garbage_Classification_Organized\dataset\可回收\可回收2.jpg,D:\Garbage Classification\Garbage_Classification_Organized\garbage_dataset_20260624_110735\test\可回收\可回收2.jpg,可回收2.jpg,可回收2.jpg,1958,1853,RGB,482836,,success,
2026-06-24 11:07:37,可回收,test,D:\Garbage Classification\Garbage_Classification_Organized\dataset\可回收\可回收251.jpg,D:\Garbage Classification\Garbage_Classification_Organized\garbage_dataset_20260624_110735\test\可回收\可回收251.jpg,可回收251.jpg,可回收251.jpg,558,558,RGB,59727,,success,
2026-06-24 11:07:37,可回收,test,D:\Garbage Classification\Garbage_Classification_Organized\dataset\可回收\可回收223.jpg,D:\Garbage Classification\Garbage_Classification_Organized\garbage_dataset_20260624_110735\test\可回收\可回收223.jpg,可回收223.jpg,可回收223.jpg,558,558,RGB,61912,,success,
2026-06-24 11:07:37,可回收,test,D:\Garbage Classification\Garbage_Classification_Organized\dataset\可回收\可回收237.jpg,D:\Garbage Classification\Garbage_Classification_Organized\garbage_dataset_20260624_110735\test\可回收\可回收237.jpg,可回收237.jpg,可回收237.jpg,558,558,RGB,59468,,success,
2026-06-24 11:07:37,可回收,test,D:\Garbage Classification\Garbage_Classification_Organized\dataset\可回收\可回收47.jpg,D:\Garbage Classification\Garbage_Classification_Organized\garbage_dataset_20260624_110735\test\可回收\可回收47.jpg,可回收47.jpg,可回收47.jpg,302,480,RGB,37521,,success,
2026-06-24 11:07:37,可回收,test,D:\Garbage Classification\Garbage_Classification_Organized\dataset\可回收\可回收241.jpg,D:\Garbage Classification\Garbage_Classification_Organized\garbage_dataset_20260624_110735\test\可回收\可回收241.jpg,可回收241.jpg,可回收241.jpg,558,558,RGB,54552,,success,
2026-06-24 11:07:37,可回收,test,D:\Garbage Classification\Garbage_Classification_Organized\dataset\可回收\可回收268.jpg,D:\Garbage Classification\Garbage_Classification_Organized\garbage_dataset_20260624_110735\test\可回收\可回收268.jpg,可回收268.jpg,可回收268.jpg,558,558,RGB,60946,,success,
2026-06-24 11:07:37,可回收,test,D:\Garbage Classification\Garbage_Classification_Organized\dataset\可回收\可回收_0056.jpg,D:\Garbage Classification\Garbage_Classification_Organized\garbage_dataset_20260624_110735\test\可回收\可回收_0056.jpg,可回收_0056.jpg,可回收_0056.jpg,558,558,RGB,63608,,success,
2026-06-24 11:07:37,可回收,test,D:\Garbage Classification\Garbage_Classification_Organized\dataset\可回收\可回收159.jpg,D:\Garbage Classification\Garbage_Classification_Organized\garbage_dataset_20260624_110735\test\可回收\可回收159.jpg,可回收159.jpg,可回收159.jpg,558,558,RGB,64751,,success,
2026-06-24 11:07:37,可回收,test,D:\Garbage Classification\Garbage_Classification_Organized\dataset\可回收\可回收_0098.jpg,D:\Garbage Classification\Garbage_Classification_Organized\garbage_dataset_20260624_110735\test\可回收\可回收_0098.jpg,可回收_0098.jpg,可回收_0098.jpg,558,558,RGB,56550,,success,
2026-06-24 11:07:37,可回收,test,D:\Garbage Classification\Garbage_Classification_Organized\dataset\可回收\可回收13.jpg,D:\Garbage Classification\Garbage_Classification_Organized\garbage_dataset_20260624_110735\test\可回收\可回收13.jpg,可回收13.jpg,可回收13.jpg,2666,1894,RGB,649842,,success,
2026-06-24 11:07:37,可回收,test,D:\Garbage Classification\Garbage_Classification_Organized\dataset\可回收\可回收262.jpg,D:\Garbage Classification\Garbage_Classification_Organized\garbage_dataset_20260624_110735\test\可回收\可回收262.jpg,可回收262.jpg,可回收262.jpg,558,558,RGB,60083,,success,
2026-06-24 11:07:37,可回收,test,D:\Garbage Classification\Garbage_Classification_Organized\dataset\可回收\可回收67.jpg,D:\Garbage Classification\Garbage_Classification_Organized\garbage_dataset_20260624_110735\test\可回收\可回收67.jpg,可回收67.jpg,可回收67.jpg,478,377,RGB,41158,,success,
2026-06-24 11:07:37,可回收,test,D:\Garbage Classification\Garbage_Classification_Organized\dataset\可回收\可回收146.jpg,D:\Garbage Classification\Garbage_Classification_Organized\garbage_dataset_20260624_110735\test\可回收\可回收146.jpg,可回收146.jpg,可回收146.jpg,558,558,RGB,63187,,success,
2026-06-24 11:07:37,可回收,test,D:\Garbage Classification\Garbage_Classification_Organized\dataset\可回收\可回收_0116.jpg,D:\Garbage Classification\Garbage_Classification_Organized\garbage_dataset_20260624_110735\test\可回收\可回收_0116.jpg,可回收_0116.jpg,可回收_0116.jpg,558,558,RGB,63285,,success,
2026-06-24 11:07:37,可回收,test,D:\Garbage Classification\Garbage_Classification_Organized\dataset\可回收\可回收272.jpg,D:\Garbage Classification\Garbage_Classification_Organized\garbage_dataset_20260624_110735\test\可回收\可回收272.jpg,可回收272.jpg,可回收272.jpg,558,558,RGB,60504,,success,
2026-06-24 11:07:37,可回收,test,D:\Garbage Classification\Garbage_Classification_Organized\dataset\可回收\可回收_0106.jpg,D:\Garbage Classification\Garbage_Classification_Organized\garbage_dataset_20260624_110735\test\可回收\可回收_0106.jpg,可回收_0106.jpg,可回收_0106.jpg,558,558,RGB,57098,,success,
2026-06-24 11:07:37,有害,train,D:\Garbage Classification\Garbage_Classification_Organized\dataset\有害\有害25.jpg,D:\Garbage Classification\Garbage_Classification_Organized\garbage_dataset_20260624_110735\train\有害\有害25.jpg,有害25.jpg,有害25.jpg,142,138,RGB,9096,,success,
2026-06-24 11:07:37,有害,train,D:\Garbage Classification\Garbage_Classification_Organized\dataset\有害\有害258.jpg,D:\Garbage Classification\Garbage_Classification_Organized\garbage_dataset_20260624_110735\train\有害\有害258.jpg,有害258.jpg,有害258.jpg,1280,720,RGB,71293,,success,
2026-06-24 11:07:37,有害,train,D:\Garbage Classification\Garbage_Classification_Organized\dataset\有害\有害_0099.jpg,D:\Garbage Classification\Garbage_Classification_Organized\garbage_dataset_20260624_110735\train\有害\有害_0099.jpg,有害_0099.jpg,有害_0099.jpg,558,558,RGB,54829,,success,
2026-06-24 11:07:37,有害,train,D:\Garbage Classification\Garbage_Classification_Organized\dataset\有害\有害_0239.jpg,D:\Garbage Classification\Garbage_Classification_Organized\garbage_dataset_20260624_110735\train\有害\有害_0239.jpg,有害_0239.jpg,有害_0239.jpg,558,558,RGB,67241,,success,
2026-06-24 11:07:37,有害,train,D:\Garbage Classification\Garbage_Classification_Organized\dataset\有害\有害184.jpg,D:\Garbage Classification\Garbage_Classification_Organized\garbage_dataset_20260624_110735\train\有害\有害184.jpg,有害184.jpg,有害184.jpg,1280,720,RGB,75982,,success,
2026-06-24 11:07:37,有害,train,D:\Garbage Classification\Garbage_Classification_Organized\dataset\有害\有害_0233.jpg,D:\Garbage Classification\Garbage_Classification_Organized\garbage_dataset_20260624_110735\train\有害\有害_0233.jpg,有害_0233.jpg,有害_0233.jpg,558,558,RGB,70939,,success,
2026-06-24 11:07:37,有害,train,D:\Garbage Classification\Garbage_Classification_Organized\dataset\有害\有害_0230.jpg,D:\Garbage Classification\Garbage_Classification_Organized\garbage_dataset_20260624_110735\train\有害\有害_0230.jpg,有害_0230.jpg,有害_0230.jpg,558,558,RGB,68826,,success,
2026-06-24 11:07:37,有害,train,D:\Garbage Classification\Garbage_Classification_Organized\dataset\有害\有害_0216.jpg,D:\Garbage Classification\Garbage_Classification_Organized\garbage_dataset_20260624_110735\train\有害\有害_0216.jpg,有害_0216.jpg,有害_0216.jpg,558,558,RGB,57890,,success,
2026-06-24 11:07:37,有害,train,D:\Garbage Classification\Garbage_Classification_Organized\dataset\有害\有害_0111.jpg,D:\Garbage Classification\Garbage_Classification_Organized\garbage_dataset_20260624_110735\train\有害\有害_0111.jpg,有害_0111.jpg,有害_0111.jpg,558,558,RGB,56766,,success,
2026-06-24 11:07:37,有害,train,D:\Garbage Classification\Garbage_Classification_Organized\dataset\有害\有害245.jpg,D:\Garbage Classification\Garbage_Classification_Organized\garbage_dataset_20260624_110735\train\有害\有害245.jpg,有害245.jpg,有害245.jpg,1280,720,RGB,72038,,success,
2026-06-24 11:07:37,有害,train,D:\Garbage Classification\Garbage_Classification_Organized\dataset\有害\有害_0329.jpg,D:\Garbage Classification\Garbage_Classification_Organized\garbage_dataset_20260624_110735\train\有害\有害_0329.jpg,有害_0329.jpg,有害_0329.jpg,558,558,RGB,51790,,success,
2026-06-24 11:07:37,有害,train,D:\Garbage Classification\Garbage_Classification_Organized\dataset\有害\有害219.jpg,D:\Garbage Classification\Garbage_Classification_Organized\garbage_dataset_20260624_110735\train\有害\有害219.jpg,有害219.jpg,有害219.jpg,1280,720,RGB,74981,,success,
2026-06-24 11:07:37,有害,train,D:\Garbage Classification\Garbage_Classification_Organized\dataset\有害\有害_0095.jpg,D:\Garbage Classification\Garbage_Classification_Organized\garbage_dataset_20260624_110735\train\有害\有害_0095.jpg,有害_0095.jpg,有害_0095.jpg,558,558,RGB,53860,,success,
2026-06-24 11:07:37,有害,train,D:\Garbage Classification\Garbage_Classification_Organized\dataset\有害\有害21.jpg,D:\Garbage Classification\Garbage_Classification_Organized\garbage_dataset_20260624_110735\train\有害\有害21.jpg,有害21.jpg,有害21.jpg,156,212,RGB,14062,,success,
2026-06-24 11:07:37,有害,train,D:\Garbage Classification\Garbage_Classification_Organized\dataset\有害\有害30.jpg,D:\Garbage Classification\Garbage_Classification_Organized\garbage_dataset_20260624_110735\train\有害\有害30.jpg,有害30.jpg,有害30.jpg,252,224,RGB,17793,,success,
2026-06-24 11:07:37,有害,train,D:\Garbage Classification\Garbage_Classification_Organized\dataset\有害\有害_0268.jpg,D:\Garbage Classification\Garbage_Classification_Organized\garbage_dataset_20260624_110735\train\有害\有害_0268.jpg,有害_0268.jpg,有害_0268.jpg,558,558,RGB,53565,,success,
2026-06-24 11:07:37,有害,train,D:\Garbage Classification\Garbage_Classification_Organized\dataset\有害\有害72.jpg,D:\Garbage Classification\Garbage_Classification_Organized\garbage_dataset_20260624_110735\train\有害\有害72.jpg,有害72.jpg,有害72.jpg,1280,720,RGB,92106,,success,
2026-06-24 11:07:37,有害,train,D:\Garbage Classification\Garbage_Classification_Organized\dataset\有害\有害_0278.jpg,D:\Garbage Classification\Garbage_Classification_Organized\garbage_dataset_20260624_110735\train\有害\有害_0278.jpg,有害_0278.jpg,有害_0278.jpg,558,558,RGB,53503,,success,
2026-06-24 11:07:37,有害,train,D:\Garbage Classification\Garbage_Classification_Organized\dataset\有害\有害_0016.jpg,D:\Garbage Classification\Garbage_Classification_Organized\garbage_dataset_20260624_110735\train\有害\有害_0016.jpg,有害_0016.jpg,有害_0016.jpg,558,558,RGB,49973,,success,
2026-06-24 11:07:37,有害,train,D:\Garbage Classification\Garbage_Classification_Organized\dataset\有害\有害_0156.jpg,D:\Garbage Classification\Garbage_Classification_Organized\garbage_dataset_20260624_110735\train\有害\有害_0156.jpg,有害_0156.jpg,有害_0156.jpg,558,558,RGB,65952,,success,
2026-06-24 11:07:37,有害,train,D:\Garbage Classification\Garbage_Classification_Organized\dataset\有害\有害_0109.jpg,D:\Garbage Classification\Garbage_Classification_Organized\garbage_dataset_20260624_110735\train\有害\有害_0109.jpg,有害_0109.jpg,有害_0109.jpg,558,558,RGB,54670,,success,
2026-06-24 11:07:37,有害,train,D:\Garbage Classification\Garbage_Classification_Organized\dataset\有害\有害_0241.jpg,D:\Garbage Classification\Garbage_Classification_Organized\garbage_dataset_20260624_110735\train\有害\有害_0241.jpg,有害_0241.jpg,有害_0241.jpg,558,558,RGB,72182,,success,
2026-06-24 11:07:37,有害,train,D:\Garbage Classification\Garbage_Classification_Organized\dataset\有害\有害_0108.jpg,D:\Garbage Classification\Garbage_Classification_Organized\garbage_dataset_20260624_110735\train\有害\有害_0108.jpg,有害_0108.jpg,有害_0108.jpg,558,558,RGB,54931,,success,
2026-06-24 11:07:37,有害,train,D:\Garbage Classification\Garbage_Classification_Organized\dataset\有害\有害_0114.jpg,D:\Garbage Classification\Garbage_Classification_Organized\garbage_dataset_20260624_110735\train\有害\有害_0114.jpg,有害_0114.jpg,有害_0114.jpg,558,558,RGB,51138,,success,
2026-06-24 11:07:37,有害,train,D:\Garbage Classification\Garbage_Classification_Organized\dataset\有害\有害111.jpg,D:\Garbage Classification\Garbage_Classification_Organized\garbage_dataset_20260624_110735\train\有害\有害111.jpg,有害111.jpg,有害111.jpg,1280,720,RGB,86219,,success,
2026-06-24 11:07:37,有害,train,D:\Garbage Classification\Garbage_Classification_Organized\dataset\有害\有害27.jpg,D:\Garbage Classification\Garbage_Classification_Organized\garbage_dataset_20260624_110735\train\有害\有害27.jpg,有害27.jpg,有害27.jpg,106,151,RGB,6916,,success,
2026-06-24 11:07:37,有害,train,D:\Garbage Classification\Garbage_Classification_Organized\dataset\有害\有害_0320.jpg,D:\Garbage Classification\Garbage_Classification_Organized\garbage_dataset_20260624_110735\train\有害\有害_0320.jpg,有害_0320.jpg,有害_0320.jpg,558,558,RGB,51578,,success,
2026-06-24 11:07:37,有害,train,D:\Garbage Classification\Garbage_Classification_Organized\dataset\有害\有害_0309.jpg,D:\Garbage Classification\Garbage_Classification_Organized\garbage_dataset_20260624_110735\train\有害\有害_0309.jpg,有害_0309.jpg,有害_0309.jpg,558,558,RGB,52938,,success,
2026-06-24 11:07:37,有害,train,D:\Garbage Classification\Garbage_Classification_Organized\dataset\有害\有害_0155.jpg,D:\Garbage Classification\Garbage_Classification_Organized\garbage_dataset_20260624_110735\train\有害\有害_0155.jpg,有害_0155.jpg,有害_0155.jpg,558,558,RGB,66179,,success,
2026-06-24 11:07:37,有害,train,D:\Garbage Classification\Garbage_Classification_Organized\dataset\有害\有害115.jpg,D:\Garbage Classification\Garbage_Classification_Organized\garbage_dataset_20260624_110735\train\有害\有害115.jpg,有害115.jpg,有害115.jpg,1280,720,RGB,77109,,success,
2026-06-24 11:07:37,有害,train,D:\Garbage Classification\Garbage_Classification_Organized\dataset\有害\有害126.jpg,D:\Garbage Classification\Garbage_Classification_Organized\garbage_dataset_20260624_110735\train\有害\有害126.jpg,有害126.jpg,有害126.jpg,1280,720,RGB,74407,,success,
2026-06-24 11:07:37,有害,train,D:\Garbage Classification\Garbage_Classification_Organized\dataset\有害\有害187.jpg,D:\Garbage Classification\Garbage_Classification_Organized\garbage_dataset_20260624_110735\train\有害\有害187.jpg,有害187.jpg,有害187.jpg,1280,720,RGB,93777,,success,
2026-06-24 11:07:37,有害,train,D:\Garbage Classification\Garbage_Classification_Organized\dataset\有害\有害_0065.jpg,D:\Garbage Classification\Garbage_Classification_Organized\garbage_dataset_20260624_110735\train\有害\有害_0065.jpg,有害_0065.jpg,有害_0065.jpg,558,558,RGB,56903,,success,
2026-06-24 11:07:37,有害,train,D:\Garbage Classification\Garbage_Classification_Organized\dataset\有害\有害_0218.jpg,D:\Garbage Classification\Garbage_Classification_Organized\garbage_dataset_20260624_110735\train\有害\有害_0218.jpg,有害_0218.jpg,有害_0218.jpg,558,558,RGB,69190,,success,
2026-06-24 11:07:37,有害,train,D:\Garbage Classification\Garbage_Classification_Organized\dataset\有害\有害216.jpg,D:\Garbage Classification\Garbage_Classification_Organized\garbage_dataset_20260624_110735\train\有害\有害216.jpg,有害216.jpg,有害216.jpg,1280,720,RGB,70352,,success,
2026-06-24 11:07:37,有害,train,D:\Garbage Classification\Garbage_Classification_Organized\dataset\有害\有害_0063.jpg,D:\Garbage Classification\Garbage_Classification_Organized\garbage_dataset_20260624_110735\train\有害\有害_0063.jpg,有害_0063.jpg,有害_0063.jpg,558,558,RGB,57859,,success,
2026-06-24 11:07:37,有害,train,D:\Garbage Classification\Garbage_Classification_Organized\dataset\有害\有害94.jpg,D:\Garbage Classification\Garbage_Classification_Organized\garbage_dataset_20260624_110735\train\有害\有害94.jpg,有害94.jpg,有害94.jpg,1280,720,RGB,86660,,success,
2026-06-24 11:07:37,有害,train,D:\Garbage Classification\Garbage_Classification_Organized\dataset\有害\有害271.jpg,D:\Garbage Classification\Garbage_Classification_Organized\garbage_dataset_20260624_110735\train\有害\有害271.jpg,有害271.jpg,有害271.jpg,1280,720,RGB,78070,,success,
2026-06-24 11:07:37,有害,train,D:\Garbage Classification\Garbage_Classification_Organized\dataset\有害\有害_0314.jpg,D:\Garbage Classification\Garbage_Classification_Organized\garbage_dataset_20260624_110735\train\有害\有害_0314.jpg,有害_0314.jpg,有害_0314.jpg,558,558,RGB,53254,,success,
2026-06-24 11:07:37,有害,train,D:\Garbage Classification\Garbage_Classification_Organized\dataset\有害\有害_0008.jpg,D:\Garbage Classification\Garbage_Classification_Organized\garbage_dataset_20260624_110735\train\有害\有害_0008.jpg,有害_0008.jpg,有害_0008.jpg,558,558,RGB,51769,,success,
2026-06-24 11:07:37,有害,train,D:\Garbage Classification\Garbage_Classification_Organized\dataset\有害\有害_0237.jpg,D:\Garbage Classification\Garbage_Classification_Organized\garbage_dataset_20260624_110735\train\有害\有害_0237.jpg,有害_0237.jpg,有害_0237.jpg,558,558,RGB,73196,,success,
2026-06-24 11:07:37,有害,train,D:\Garbage Classification\Garbage_Classification_Organized\dataset\有害\有害_0331.jpg,D:\Garbage Classification\Garbage_Classification_Organized\garbage_dataset_20260624_110735\train\有害\有害_0331.jpg,有害_0331.jpg,有害_0331.jpg,558,558,RGB,51702,,success,
2026-06-24 11:07:37,有害,train,D:\Garbage Classification\Garbage_Classification_Organized\dataset\有害\有害155.jpg,D:\Garbage Classification\Garbage_Classification_Organized\garbage_dataset_20260624_110735\train\有害\有害155.jpg,有害155.jpg,有害155.jpg,1280,720,RGB,86173,,success,
2026-06-24 11:07:37,有害,train,D:\Garbage Classification\Garbage_Classification_Organized\dataset\有害\有害87.jpg,D:\Garbage Classification\Garbage_Classification_Organized\garbage_dataset_20260624_110735\train\有害\有害87.jpg,有害87.jpg,有害87.jpg,1280,720,RGB,84830,,success,
2026-06-24 11:07:37,有害,train,D:\Garbage Classification\Garbage_Classification_Organized\dataset\有害\有害_0072.jpg,D:\Garbage Classification\Garbage_Classification_Organized\garbage_dataset_20260624_110735\train\有害\有害_0072.jpg,有害_0072.jpg,有害_0072.jpg,558,558,RGB,54042,,success,
2026-06-24 11:07:37,有害,train,D:\Garbage Classification\Garbage_Classification_Organized\dataset\有害\有害199.jpg,D:\Garbage Classification\Garbage_Classification_Organized\garbage_dataset_20260624_110735\train\有害\有害199.jpg,有害199.jpg,有害199.jpg,1280,720,RGB,72838,,success,
2026-06-24 11:07:37,有害,train,D:\Garbage Classification\Garbage_Classification_Organized\dataset\有害\有害194.jpg,D:\Garbage Classification\Garbage_Classification_Organized\garbage_dataset_20260624_110735\train\有害\有害194.jpg,有害194.jpg,有害194.jpg,1280,720,RGB,75117,,success,
2026-06-24 11:07:37,有害,train,D:\Garbage Classification\Garbage_Classification_Organized\dataset\有害\有害237.jpg,D:\Garbage Classification\Garbage_Classification_Organized\garbage_dataset_20260624_110735\train\有害\有害237.jpg,有害237.jpg,有害237.jpg,1280,720,RGB,75461,,success,
2026-06-24 11:07:37,有害,train,D:\Garbage Classification\Garbage_Classification_Organized\dataset\有害\有害19.jpg,D:\Garbage Classification\Garbage_Classification_Organized\garbage_dataset_20260624_110735\train\有害\有害19.jpg,有害19.jpg,有害19.jpg,134,106,RGB,6708,,success,
2026-06-24 11:07:37,有害,train,D:\Garbage Classification\Garbage_Classification_Organized\dataset\有害\有害101.jpg,D:\Garbage Classification\Garbage_Classification_Organized\garbage_dataset_20260624_110735\train\有害\有害101.jpg,有害101.jpg,有害101.jpg,1280,720,RGB,85716,,success,
2026-06-24 11:07:37,有害,train,D:\Garbage Classification\Garbage_Classification_Organized\dataset\有害\有害268.jpg,D:\Garbage Classification\Garbage_Classification_Organized\garbage_dataset_20260624_110735\train\有害\有害268.jpg,有害268.jpg,有害268.jpg,1280,720,RGB,84973,,success,
2026-06-24 11:07:37,有害,train,D:\Garbage Classification\Garbage_Classification_Organized\dataset\有害\有害86.jpg,D:\Garbage Classification\Garbage_Classification_Organized\garbage_dataset_20260624_110735\train\有害\有害86.jpg,有害86.jpg,有害86.jpg,1280,720,RGB,86944,,success,
2026-06-24 11:07:37,有害,train,D:\Garbage Classification\Garbage_Classification_Organized\dataset\有害\有害123.jpg,D:\Garbage Classification\Garbage_Classification_Organized\garbage_dataset_20260624_110735\train\有害\有害123.jpg,有害123.jpg,有害123.jpg,1280,720,RGB,71395,,success,
2026-06-24 11:07:37,有害,train,D:\Garbage Classification\Garbage_Classification_Organized\dataset\有害\有害251.jpg,D:\Garbage Classification\Garbage_Classification_Organized\garbage_dataset_20260624_110735\train\有害\有害251.jpg,有害251.jpg,有害251.jpg,1280,720,RGB,72793,,success,
2026-06-24 11:07:37,有害,train,D:\Garbage Classification\Garbage_Classification_Organized\dataset\有害\有害152.jpg,D:\Garbage Classification\Garbage_Classification_Organized\garbage_dataset_20260624_110735\train\有害\有害152.jpg,有害152.jpg,有害152.jpg,1280,720,RGB,76563,,success,
2026-06-24 11:07:37,有害,train,D:\Garbage Classification\Garbage_Classification_Organized\dataset\有害\有害_0102.jpg,D:\Garbage Classification\Garbage_Classification_Organized\garbage_dataset_20260624_110735\train\有害\有害_0102.jpg,有害_0102.jpg,有害_0102.jpg,558,558,RGB,54146,,success,
2026-06-24 11:07:37,有害,train,D:\Garbage Classification\Garbage_Classification_Organized\dataset\有害\有害_0206.jpg,D:\Garbage Classification\Garbage_Classification_Organized\garbage_dataset_20260624_110735\train\有害\有害_0206.jpg,有害_0206.jpg,有害_0206.jpg,558,558,RGB,71240,,success,
2026-06-24 11:07:37,有害,train,D:\Garbage Classification\Garbage_Classification_Organized\dataset\有害\有害100.jpg,D:\Garbage Classification\Garbage_Classification_Organized\garbage_dataset_20260624_110735\train\有害\有害100.jpg,有害100.jpg,有害100.jpg,1280,720,RGB,85388,,success,
2026-06-24 11:07:37,有害,train,D:\Garbage Classification\Garbage_Classification_Organized\dataset\有害\有害_0101.jpg,D:\Garbage Classification\Garbage_Classification_Organized\garbage_dataset_20260624_110735\train\有害\有害_0101.jpg,有害_0101.jpg,有害_0101.jpg,558,558,RGB,55336,,success,
2026-06-24 11:07:37,有害,train,D:\Garbage Classification\Garbage_Classification_Organized\dataset\有害\有害_0002.jpg,D:\Garbage Classification\Garbage_Classification_Organized\garbage_dataset_20260624_110735\train\有害\有害_0002.jpg,有害_0002.jpg,有害_0002.jpg,558,558,RGB,53166,,success,
2026-06-24 11:07:37,有害,train,D:\Garbage Classification\Garbage_Classification_Organized\dataset\有害\有害_0162.jpg,D:\Garbage Classification\Garbage_Classification_Organized\garbage_dataset_20260624_110735\train\有害\有害_0162.jpg,有害_0162.jpg,有害_0162.jpg,558,558,RGB,71381,,success,
2026-06-24 11:07:37,有害,train,D:\Garbage Classification\Garbage_Classification_Organized\dataset\有害\有害_0003.jpg,D:\Garbage Classification\Garbage_Classification_Organized\garbage_dataset_20260624_110735\train\有害\有害_0003.jpg,有害_0003.jpg,有害_0003.jpg,558,558,RGB,53580,,success,
2026-06-24 11:07:37,有害,train,D:\Garbage Classification\Garbage_Classification_Organized\dataset\有害\有害160.jpg,D:\Garbage Classification\Garbage_Classification_Organized\garbage_dataset_20260624_110735\train\有害\有害160.jpg,有害160.jpg,有害160.jpg,1280,720,RGB,76044,,success,
2026-06-24 11:07:37,有害,train,D:\Garbage Classification\Garbage_Classification_Organized\dataset\有害\有害_0056.jpg,D:\Garbage Classification\Garbage_Classification_Organized\garbage_dataset_20260624_110735\train\有害\有害_0056.jpg,有害_0056.jpg,有害_0056.jpg,558,558,RGB,56637,,success,
2026-06-24 11:07:37,有害,train,D:\Garbage Classification\Garbage_Classification_Organized\dataset\有害\有害43.jpg,D:\Garbage Classification\Garbage_Classification_Organized\garbage_dataset_20260624_110735\train\有害\有害43.jpg,有害43.jpg,有害43.jpg,110,118,RGB,4568,,success,
2026-06-24 11:07:37,有害,train,D:\Garbage Classification\Garbage_Classification_Organized\dataset\有害\有害_0069.jpg,D:\Garbage Classification\Garbage_Classification_Organized\garbage_dataset_20260624_110735\train\有害\有害_0069.jpg,有害_0069.jpg,有害_0069.jpg,558,558,RGB,53485,,success,
2026-06-24 11:07:37,有害,train,D:\Garbage Classification\Garbage_Classification_Organized\dataset\有害\有害_0345.jpg,D:\Garbage Classification\Garbage_Classification_Organized\garbage_dataset_20260624_110735\train\有害\有害_0345.jpg,有害_0345.jpg,有害_0345.jpg,558,558,RGB,51238,,success,
2026-06-24 11:07:37,有害,train,D:\Garbage Classification\Garbage_Classification_Organized\dataset\有害\有害_0246.jpg,D:\Garbage Classification\Garbage_Classification_Organized\garbage_dataset_20260624_110735\train\有害\有害_0246.jpg,有害_0246.jpg,有害_0246.jpg,558,558,RGB,66527,,success,
2026-06-24 11:07:37,有害,train,D:\Garbage Classification\Garbage_Classification_Organized\dataset\有害\有害_0321.jpg,D:\Garbage Classification\Garbage_Classification_Organized\garbage_dataset_20260624_110735\train\有害\有害_0321.jpg,有害_0321.jpg,有害_0321.jpg,558,558,RGB,51396,,success,
2026-06-24 11:07:37,有害,train,D:\Garbage Classification\Garbage_Classification_Organized\dataset\有害\有害_0096.jpg,D:\Garbage Classification\Garbage_Classification_Organized\garbage_dataset_20260624_110735\train\有害\有害_0096.jpg,有害_0096.jpg,有害_0096.jpg,558,558,RGB,53479,,success,
2026-06-24 11:07:37,有害,train,D:\Garbage Classification\Garbage_Classification_Organized\dataset\有害\有害_0100.jpg,D:\Garbage Classification\Garbage_Classification_Organized\garbage_dataset_20260624_110735\train\有害\有害_0100.jpg,有害_0100.jpg,有害_0100.jpg,558,558,RGB,55314,,success,
2026-06-24 11:07:37,有害,train,D:\Garbage Classification\Garbage_Classification_Organized\dataset\有害\有害279.jpg,D:\Garbage Classification\Garbage_Classification_Organized\garbage_dataset_20260624_110735\train\有害\有害279.jpg,有害279.jpg,有害279.jpg,1280,720,RGB,79194,,success,
2026-06-24 11:07:37,有害,train,D:\Garbage Classification\Garbage_Classification_Organized\dataset\有害\有害_0324.jpg,D:\Garbage Classification\Garbage_Classification_Organized\garbage_dataset_20260624_110735\train\有害\有害_0324.jpg,有害_0324.jpg,有害_0324.jpg,558,558,RGB,50357,,success,
2026-06-24 11:07:37,有害,train,D:\Garbage Classification\Garbage_Classification_Organized\dataset\有害\有害_0342.jpg,D:\Garbage Classification\Garbage_Classification_Organized\garbage_dataset_20260624_110735\train\有害\有害_0342.jpg,有害_0342.jpg,有害_0342.jpg,558,558,RGB,52366,,success,
2026-06-24 11:07:37,有害,train,D:\Garbage Classification\Garbage_Classification_Organized\dataset\有害\有害221.jpg,D:\Garbage Classification\Garbage_Classification_Organized\garbage_dataset_20260624_110735\train\有害\有害221.jpg,有害221.jpg,有害221.jpg,1280,720,RGB,77177,,success,
2026-06-24 11:07:37,有害,train,D:\Garbage Classification\Garbage_Classification_Organized\dataset\有害\有害264.jpg,D:\Garbage Classification\Garbage_Classification_Organized\garbage_dataset_20260624_110735\train\有害\有害264.jpg,有害264.jpg,有害264.jpg,1280,720,RGB,84763,,success,
2026-06-24 11:07:37,有害,train,D:\Garbage Classification\Garbage_Classification_Organized\dataset\有害\有害_0336.jpg,D:\Garbage Classification\Garbage_Classification_Organized\garbage_dataset_20260624_110735\train\有害\有害_0336.jpg,有害_0336.jpg,有害_0336.jpg,558,558,RGB,51864,,success,
2026-06-24 11:07:37,有害,train,D:\Garbage Classification\Garbage_Classification_Organized\dataset\有害\有害_0236.jpg,D:\Garbage Classification\Garbage_Classification_Organized\garbage_dataset_20260624_110735\train\有害\有害_0236.jpg,有害_0236.jpg,有害_0236.jpg,558,558,RGB,55758,,success,
2026-06-24 11:07:37,有害,train,D:\Garbage Classification\Garbage_Classification_Organized\dataset\有害\有害_0270.jpg,D:\Garbage Classification\Garbage_Classification_Organized\garbage_dataset_20260624_110735\train\有害\有害_0270.jpg,有害_0270.jpg,有害_0270.jpg,558,558,RGB,52257,,success,
2026-06-24 11:07:37,有害,train,D:\Garbage Classification\Garbage_Classification_Organized\dataset\有害\有害_0045.jpg,D:\Garbage Classification\Garbage_Classification_Organized\garbage_dataset_20260624_110735\train\有害\有害_0045.jpg,有害_0045.jpg,有害_0045.jpg,558,558,RGB,55063,,success,
2026-06-24 11:07:37,有害,train,D:\Garbage Classification\Garbage_Classification_Organized\dataset\有害\有害_0088.jpg,D:\Garbage Classification\Garbage_Classification_Organized\garbage_dataset_20260624_110735\train\有害\有害_0088.jpg,有害_0088.jpg,有害_0088.jpg,558,558,RGB,56149,,success,
2026-06-24 11:07:37,有害,train,D:\Garbage Classification\Garbage_Classification_Organized\dataset\有害\有害46.jpg,D:\Garbage Classification\Garbage_Classification_Organized\garbage_dataset_20260624_110735\train\有害\有害46.jpg,有害46.jpg,有害46.jpg,120,120,RGB,4805,,success,
2026-06-24 11:07:37,有害,train,D:\Garbage Classification\Garbage_Classification_Organized\dataset\有害\有害156.jpg,D:\Garbage Classification\Garbage_Classification_Organized\garbage_dataset_20260624_110735\train\有害\有害156.jpg,有害156.jpg,有害156.jpg,1280,720,RGB,71917,,success,
2026-06-24 11:07:37,有害,train,D:\Garbage Classification\Garbage_Classification_Organized\dataset\有害\有害_0279.jpg,D:\Garbage Classification\Garbage_Classification_Organized\garbage_dataset_20260624_110735\train\有害\有害_0279.jpg,有害_0279.jpg,有害_0279.jpg,558,558,RGB,53128,,success,
2026-06-24 11:07:37,有害,train,D:\Garbage Classification\Garbage_Classification_Organized\dataset\有害\有害_0042.jpg,D:\Garbage Classification\Garbage_Classification_Organized\garbage_dataset_20260624_110735\train\有害\有害_0042.jpg,有害_0042.jpg,有害_0042.jpg,558,558,RGB,56661,,success,
2026-06-24 11:07:37,有害,train,D:\Garbage Classification\Garbage_Classification_Organized\dataset\有害\有害143.jpg,D:\Garbage Classification\Garbage_Classification_Organized\garbage_dataset_20260624_110735\train\有害\有害143.jpg,有害143.jpg,有害143.jpg,1280,720,RGB,78731,,success,
2026-06-24 11:07:37,有害,train,D:\Garbage Classification\Garbage_Classification_Organized\dataset\有害\有害58.jpg,D:\Garbage Classification\Garbage_Classification_Organized\garbage_dataset_20260624_110735\train\有害\有害58.jpg,有害58.jpg,有害58.jpg,1766,1021,RGB,282498,,success,
2026-06-24 11:07:37,有害,train,D:\Garbage Classification\Garbage_Classification_Organized\dataset\有害\有害_0250.jpg,D:\Garbage Classification\Garbage_Classification_Organized\garbage_dataset_20260624_110735\train\有害\有害_0250.jpg,有害_0250.jpg,有害_0250.jpg,558,558,RGB,61092,,success,
2026-06-24 11:07:37,有害,train,D:\Garbage Classification\Garbage_Classification_Organized\dataset\有害\有害273.jpg,D:\Garbage Classification\Garbage_Classification_Organized\garbage_dataset_20260624_110735\train\有害\有害273.jpg,有害273.jpg,有害273.jpg,1280,720,RGB,82492,,success,
2026-06-24 11:07:37,有害,train,D:\Garbage Classification\Garbage_Classification_Organized\dataset\有害\有害24.jpg,D:\Garbage Classification\Garbage_Classification_Organized\garbage_dataset_20260624_110735\train\有害\有害24.jpg,有害24.jpg,有害24.jpg,142,138,RGB,9096,,success,
2026-06-24 11:07:37,有害,train,D:\Garbage Classification\Garbage_Classification_Organized\dataset\有害\有害112.jpg,D:\Garbage Classification\Garbage_Classification_Organized\garbage_dataset_20260624_110735\train\有害\有害112.jpg,有害112.jpg,有害112.jpg,1280,720,RGB,85822,,success,
2026-06-24 11:07:37,有害,train,D:\Garbage Classification\Garbage_Classification_Organized\dataset\有害\有害71.jpg,D:\Garbage Classification\Garbage_Classification_Organized\garbage_dataset_20260624_110735\train\有害\有害71.jpg,有害71.jpg,有害71.jpg,2070,2270,RGB,1129770,,success,
2026-06-24 11:07:37,有害,train,D:\Garbage Classification\Garbage_Classification_Organized\dataset\有害\有害137.jpg,D:\Garbage Classification\Garbage_Classification_Organized\garbage_dataset_20260624_110735\train\有害\有害137.jpg,有害137.jpg,有害137.jpg,1280,720,RGB,83315,,success,
2026-06-24 11:07:37,有害,train,D:\Garbage Classification\Garbage_Classification_Organized\dataset\有害\有害_0104.jpg,D:\Garbage Classification\Garbage_Classification_Organized\garbage_dataset_20260624_110735\train\有害\有害_0104.jpg,有害_0104.jpg,有害_0104.jpg,558,558,RGB,54235,,success,
2026-06-24 11:07:37,有害,train,D:\Garbage Classification\Garbage_Classification_Organized\dataset\有害\有害52.jpg,D:\Garbage Classification\Garbage_Classification_Organized\garbage_dataset_20260624_110735\train\有害\有害52.jpg,有害52.jpg,有害52.jpg,1174,2133,RGB,520208,,success,
2026-06-24 11:07:37,有害,train,D:\Garbage Classification\Garbage_Classification_Organized\dataset\有害\有害_0224.jpg,D:\Garbage Classification\Garbage_Classification_Organized\garbage_dataset_20260624_110735\train\有害\有害_0224.jpg,有害_0224.jpg,有害_0224.jpg,558,558,RGB,71974,,success,
2026-06-24 11:07:37,有害,train,D:\Garbage Classification\Garbage_Classification_Organized\dataset\有害\有害_0143.jpg,D:\Garbage Classification\Garbage_Classification_Organized\garbage_dataset_20260624_110735\train\有害\有害_0143.jpg,有害_0143.jpg,有害_0143.jpg,558,558,RGB,48615,,success,
2026-06-24 11:07:37,有害,train,D:\Garbage Classification\Garbage_Classification_Organized\dataset\有害\有害120.jpg,D:\Garbage Classification\Garbage_Classification_Organized\garbage_dataset_20260624_110735\train\有害\有害120.jpg,有害120.jpg,有害120.jpg,1280,720,RGB,76430,,success,
2026-06-24 11:07:37,有害,train,D:\Garbage Classification\Garbage_Classification_Organized\dataset\有害\有害_0191.jpg,D:\Garbage Classification\Garbage_Classification_Organized\garbage_dataset_20260624_110735\train\有害\有害_0191.jpg,有害_0191.jpg,有害_0191.jpg,558,558,RGB,69246,,success,
2026-06-24 11:07:37,有害,train,D:\Garbage Classification\Garbage_Classification_Organized\dataset\有害\有害_0103.jpg,D:\Garbage Classification\Garbage_Classification_Organized\garbage_dataset_20260624_110735\train\有害\有害_0103.jpg,有害_0103.jpg,有害_0103.jpg,558,558,RGB,53848,,success,
2026-06-24 11:07:37,有害,train,D:\Garbage Classification\Garbage_Classification_Organized\dataset\有害\有害90.jpg,D:\Garbage Classification\Garbage_Classification_Organized\garbage_dataset_20260624_110735\train\有害\有害90.jpg,有害90.jpg,有害90.jpg,1280,720,RGB,84596,,success,
2026-06-24 11:07:37,有害,train,D:\Garbage Classification\Garbage_Classification_Organized\dataset\有害\有害128.jpg,D:\Garbage Classification\Garbage_Classification_Organized\garbage_dataset_20260624_110735\train\有害\有害128.jpg,有害128.jpg,有害128.jpg,1280,720,RGB,74833,,success,
2026-06-24 11:07:37,有害,train,D:\Garbage Classification\Garbage_Classification_Organized\dataset\有害\有害265.jpg,D:\Garbage Classification\Garbage_Classification_Organized\garbage_dataset_20260624_110735\train\有害\有害265.jpg,有害265.jpg,有害265.jpg,1280,720,RGB,82629,,success,
2026-06-24 11:07:37,有害,train,D:\Garbage Classification\Garbage_Classification_Organized\dataset\有害\有害65.jpg,D:\Garbage Classification\Garbage_Classification_Organized\garbage_dataset_20260624_110735\train\有害\有害65.jpg,有害65.jpg,有害65.jpg,2822,2455,RGB,2178229,,success,
2026-06-24 11:07:37,有害,train,D:\Garbage Classification\Garbage_Classification_Organized\dataset\有害\有害193.jpg,D:\Garbage Classification\Garbage_Classification_Organized\garbage_dataset_20260624_110735\train\有害\有害193.jpg,有害193.jpg,有害193.jpg,1280,720,RGB,74301,,success,
2026-06-24 11:07:37,有害,train,D:\Garbage Classification\Garbage_Classification_Organized\dataset\有害\有害_0326.jpg,D:\Garbage Classification\Garbage_Classification_Organized\garbage_dataset_20260624_110735\train\有害\有害_0326.jpg,有害_0326.jpg,有害_0326.jpg,558,558,RGB,50084,,success,
2026-06-24 11:07:37,有害,train,D:\Garbage Classification\Garbage_Classification_Organized\dataset\有害\有害_0001.jpg,D:\Garbage Classification\Garbage_Classification_Organized\garbage_dataset_20260624_110735\train\有害\有害_0001.jpg,有害_0001.jpg,有害_0001.jpg,558,558,RGB,52447,,success,
2026-06-24 11:07:37,有害,train,D:\Garbage Classification\Garbage_Classification_Organized\dataset\有害\有害_0153.jpg,D:\Garbage Classification\Garbage_Classification_Organized\garbage_dataset_20260624_110735\train\有害\有害_0153.jpg,有害_0153.jpg,有害_0153.jpg,558,558,RGB,67060,,success,
2026-06-24 11:07:37,有害,train,D:\Garbage Classification\Garbage_Classification_Organized\dataset\有害\有害_0213.jpg,D:\Garbage Classification\Garbage_Classification_Organized\garbage_dataset_20260624_110735\train\有害\有害_0213.jpg,有害_0213.jpg,有害_0213.jpg,558,558,RGB,68227,,success,
2026-06-24 11:07:37,有害,train,D:\Garbage Classification\Garbage_Classification_Organized\dataset\有害\有害20.jpg,D:\Garbage Classification\Garbage_Classification_Organized\garbage_dataset_20260624_110735\train\有害\有害20.jpg,有害20.jpg,有害20.jpg,101,104,RGB,5573,,success,
2026-06-24 11:07:37,有害,train,D:\Garbage Classification\Garbage_Classification_Organized\dataset\有害\有害_0319.jpg,D:\Garbage Classification\Garbage_Classification_Organized\garbage_dataset_20260624_110735\train\有害\有害_0319.jpg,有害_0319.jpg,有害_0319.jpg,558,558,RGB,50185,,success,
2026-06-24 11:07:37,有害,train,D:\Garbage Classification\Garbage_Classification_Organized\dataset\有害\有害_0084.jpg,D:\Garbage Classification\Garbage_Classification_Organized\garbage_dataset_20260624_110735\train\有害\有害_0084.jpg,有害_0084.jpg,有害_0084.jpg,558,558,RGB,55742,,success,
2026-06-24 11:07:37,有害,train,D:\Garbage Classification\Garbage_Classification_Organized\dataset\有害\有害_0192.jpg,D:\Garbage Classification\Garbage_Classification_Organized\garbage_dataset_20260624_110735\train\有害\有害_0192.jpg,有害_0192.jpg,有害_0192.jpg,558,558,RGB,68971,,success,
2026-06-24 11:07:37,有害,train,D:\Garbage Classification\Garbage_Classification_Organized\dataset\有害\有害40.jpg,D:\Garbage Classification\Garbage_Classification_Organized\garbage_dataset_20260624_110735\train\有害\有害40.jpg,有害40.jpg,有害40.jpg,180,112,RGB,6388,,success,
2026-06-24 11:07:37,有害,train,D:\Garbage Classification\Garbage_Classification_Organized\dataset\有害\有害56.jpg,D:\Garbage Classification\Garbage_Classification_Organized\garbage_dataset_20260624_110735\train\有害\有害56.jpg,有害56.jpg,有害56.jpg,990,1662,RGB,471475,,success,
2026-06-24 11:07:37,有害,train,D:\Garbage Classification\Garbage_Classification_Organized\dataset\有害\有害234.jpg,D:\Garbage Classification\Garbage_Classification_Organized\garbage_dataset_20260624_110735\train\有害\有害234.jpg,有害234.jpg,有害234.jpg,1280,720,RGB,79306,,success,
2026-06-24 11:07:37,有害,train,D:\Garbage Classification\Garbage_Classification_Organized\dataset\有害\有害_0210.jpg,D:\Garbage Classification\Garbage_Classification_Organized\garbage_dataset_20260624_110735\train\有害\有害_0210.jpg,有害_0210.jpg,有害_0210.jpg,558,558,RGB,70886,,success,
2026-06-24 11:07:37,有害,train,D:\Garbage Classification\Garbage_Classification_Organized\dataset\有害\有害227.jpg,D:\Garbage Classification\Garbage_Classification_Organized\garbage_dataset_20260624_110735\train\有害\有害227.jpg,有害227.jpg,有害227.jpg,1280,720,RGB,75885,,success,
2026-06-24 11:07:37,有害,train,D:\Garbage Classification\Garbage_Classification_Organized\dataset\有害\有害223.jpg,D:\Garbage Classification\Garbage_Classification_Organized\garbage_dataset_20260624_110735\train\有害\有害223.jpg,有害223.jpg,有害223.jpg,1280,720,RGB,81896,,success,
2026-06-24 11:07:37,有害,train,D:\Garbage Classification\Garbage_Classification_Organized\dataset\有害\有害106.jpg,D:\Garbage Classification\Garbage_Classification_Organized\garbage_dataset_20260624_110735\train\有害\有害106.jpg,有害106.jpg,有害106.jpg,1280,720,RGB,84458,,success,
2026-06-24 11:07:37,有害,train,D:\Garbage Classification\Garbage_Classification_Organized\dataset\有害\有害_0067.jpg,D:\Garbage Classification\Garbage_Classification_Organized\garbage_dataset_20260624_110735\train\有害\有害_0067.jpg,有害_0067.jpg,有害_0067.jpg,558,558,RGB,55754,,success,
2026-06-24 11:07:37,有害,train,D:\Garbage Classification\Garbage_Classification_Organized\dataset\有害\有害192.jpg,D:\Garbage Classification\Garbage_Classification_Organized\garbage_dataset_20260624_110735\train\有害\有害192.jpg,有害192.jpg,有害192.jpg,1280,720,RGB,71279,,success,
2026-06-24 11:07:37,有害,train,D:\Garbage Classification\Garbage_Classification_Organized\dataset\有害\有害_0256.jpg,D:\Garbage Classification\Garbage_Classification_Organized\garbage_dataset_20260624_110735\train\有害\有害_0256.jpg,有害_0256.jpg,有害_0256.jpg,558,558,RGB,56160,,success,
2026-06-24 11:07:37,有害,train,D:\Garbage Classification\Garbage_Classification_Organized\dataset\有害\有害171.jpg,D:\Garbage Classification\Garbage_Classification_Organized\garbage_dataset_20260624_110735\train\有害\有害171.jpg,有害171.jpg,有害171.jpg,1280,720,RGB,83934,,success,
2026-06-24 11:07:37,有害,train,D:\Garbage Classification\Garbage_Classification_Organized\dataset\有害\有害_0085.jpg,D:\Garbage Classification\Garbage_Classification_Organized\garbage_dataset_20260624_110735\train\有害\有害_0085.jpg,有害_0085.jpg,有害_0085.jpg,558,558,RGB,56251,,success,
2026-06-24 11:07:37,有害,train,D:\Garbage Classification\Garbage_Classification_Organized\dataset\有害\有害95.jpg,D:\Garbage Classification\Garbage_Classification_Organized\garbage_dataset_20260624_110735\train\有害\有害95.jpg,有害95.jpg,有害95.jpg,1280,720,RGB,86317,,success,
2026-06-24 11:07:37,有害,train,D:\Garbage Classification\Garbage_Classification_Organized\dataset\有害\有害211.jpg,D:\Garbage Classification\Garbage_Classification_Organized\garbage_dataset_20260624_110735\train\有害\有害211.jpg,有害211.jpg,有害211.jpg,1280,720,RGB,71282,,success,
2026-06-24 11:07:37,有害,train,D:\Garbage Classification\Garbage_Classification_Organized\dataset\有害\有害205.jpg,D:\Garbage Classification\Garbage_Classification_Organized\garbage_dataset_20260624_110735\train\有害\有害205.jpg,有害205.jpg,有害205.jpg,1280,720,RGB,71722,,success,
2026-06-24 11:07:37,有害,train,D:\Garbage Classification\Garbage_Classification_Organized\dataset\有害\有害139.jpg,D:\Garbage Classification\Garbage_Classification_Organized\garbage_dataset_20260624_110735\train\有害\有害139.jpg,有害139.jpg,有害139.jpg,1280,720,RGB,80936,,success,
2026-06-24 11:07:37,有害,train,D:\Garbage Classification\Garbage_Classification_Organized\dataset\有害\有害_0199.jpg,D:\Garbage Classification\Garbage_Classification_Organized\garbage_dataset_20260624_110735\train\有害\有害_0199.jpg,有害_0199.jpg,有害_0199.jpg,558,558,RGB,68782,,success,
2026-06-24 11:07:37,有害,train,D:\Garbage Classification\Garbage_Classification_Organized\dataset\有害\有害_0252.jpg,D:\Garbage Classification\Garbage_Classification_Organized\garbage_dataset_20260624_110735\train\有害\有害_0252.jpg,有害_0252.jpg,有害_0252.jpg,558,558,RGB,57089,,success,
2026-06-24 11:07:37,有害,train,D:\Garbage Classification\Garbage_Classification_Organized\dataset\有害\有害228.jpg,D:\Garbage Classification\Garbage_Classification_Organized\garbage_dataset_20260624_110735\train\有害\有害228.jpg,有害228.jpg,有害228.jpg,1280,720,RGB,76088,,success,
2026-06-24 11:07:37,有害,train,D:\Garbage Classification\Garbage_Classification_Organized\dataset\有害\有害_0138.jpg,D:\Garbage Classification\Garbage_Classification_Organized\garbage_dataset_20260624_110735\train\有害\有害_0138.jpg,有害_0138.jpg,有害_0138.jpg,558,558,RGB,51897,,success,
2026-06-24 11:07:37,有害,train,D:\Garbage Classification\Garbage_Classification_Organized\dataset\有害\有害37.jpg,D:\Garbage Classification\Garbage_Classification_Organized\garbage_dataset_20260624_110735\train\有害\有害37.jpg,有害37.jpg,有害37.jpg,182,171,RGB,8135,,success,
2026-06-24 11:07:37,有害,train,D:\Garbage Classification\Garbage_Classification_Organized\dataset\有害\有害_0159.jpg,D:\Garbage Classification\Garbage_Classification_Organized\garbage_dataset_20260624_110735\train\有害\有害_0159.jpg,有害_0159.jpg,有害_0159.jpg,558,558,RGB,66034,,success,
2026-06-24 11:07:37,有害,train,D:\Garbage Classification\Garbage_Classification_Organized\dataset\有害\有害259.jpg,D:\Garbage Classification\Garbage_Classification_Organized\garbage_dataset_20260624_110735\train\有害\有害259.jpg,有害259.jpg,有害259.jpg,1280,720,RGB,72198,,success,
2026-06-24 11:07:37,有害,train,D:\Garbage Classification\Garbage_Classification_Organized\dataset\有害\有害_0090.jpg,D:\Garbage Classification\Garbage_Classification_Organized\garbage_dataset_20260624_110735\train\有害\有害_0090.jpg,有害_0090.jpg,有害_0090.jpg,558,558,RGB,53118,,success,
2026-06-24 11:07:37,有害,train,D:\Garbage Classification\Garbage_Classification_Organized\dataset\有害\有害_0232.jpg,D:\Garbage Classification\Garbage_Classification_Organized\garbage_dataset_20260624_110735\train\有害\有害_0232.jpg,有害_0232.jpg,有害_0232.jpg,558,558,RGB,70746,,success,
2026-06-24 11:07:37,有害,train,D:\Garbage Classification\Garbage_Classification_Organized\dataset\有害\有害181.jpg,D:\Garbage Classification\Garbage_Classification_Organized\garbage_dataset_20260624_110735\train\有害\有害181.jpg,有害181.jpg,有害181.jpg,1280,720,RGB,80314,,success,
2026-06-24 11:07:37,有害,train,D:\Garbage Classification\Garbage_Classification_Organized\dataset\有害\有害_0242.jpg,D:\Garbage Classification\Garbage_Classification_Organized\garbage_dataset_20260624_110735\train\有害\有害_0242.jpg,有害_0242.jpg,有害_0242.jpg,558,558,RGB,72102,,success,
2026-06-24 11:07:37,有害,train,D:\Garbage Classification\Garbage_Classification_Organized\dataset\有害\有害157.jpg,D:\Garbage Classification\Garbage_Classification_Organized\garbage_dataset_20260624_110735\train\有害\有害157.jpg,有害157.jpg,有害157.jpg,1280,720,RGB,71199,,success,
2026-06-24 11:07:37,有害,train,D:\Garbage Classification\Garbage_Classification_Organized\dataset\有害\有害_0248.jpg,D:\Garbage Classification\Garbage_Classification_Organized\garbage_dataset_20260624_110735\train\有害\有害_0248.jpg,有害_0248.jpg,有害_0248.jpg,558,558,RGB,70403,,success,
2026-06-24 11:07:37,有害,train,D:\Garbage Classification\Garbage_Classification_Organized\dataset\有害\有害_0105.jpg,D:\Garbage Classification\Garbage_Classification_Organized\garbage_dataset_20260624_110735\train\有害\有害_0105.jpg,有害_0105.jpg,有害_0105.jpg,558,558,RGB,52479,,success,
2026-06-24 11:07:37,有害,train,D:\Garbage Classification\Garbage_Classification_Organized\dataset\有害\有害109.jpg,D:\Garbage Classification\Garbage_Classification_Organized\garbage_dataset_20260624_110735\train\有害\有害109.jpg,有害109.jpg,有害109.jpg,1280,720,RGB,83333,,success,
2026-06-24 11:07:37,有害,train,D:\Garbage Classification\Garbage_Classification_Organized\dataset\有害\有害_0142.jpg,D:\Garbage Classification\Garbage_Classification_Organized\garbage_dataset_20260624_110735\train\有害\有害_0142.jpg,有害_0142.jpg,有害_0142.jpg,558,558,RGB,53224,,success,
2026-06-24 11:07:37,有害,train,D:\Garbage Classification\Garbage_Classification_Organized\dataset\有害\有害_0012.jpg,D:\Garbage Classification\Garbage_Classification_Organized\garbage_dataset_20260624_110735\train\有害\有害_0012.jpg,有害_0012.jpg,有害_0012.jpg,558,558,RGB,52785,,success,
2026-06-24 11:07:37,有害,train,D:\Garbage Classification\Garbage_Classification_Organized\dataset\有害\有害103.jpg,D:\Garbage Classification\Garbage_Classification_Organized\garbage_dataset_20260624_110735\train\有害\有害103.jpg,有害103.jpg,有害103.jpg,1280,720,RGB,81326,,success,
2026-06-24 11:07:37,有害,train,D:\Garbage Classification\Garbage_Classification_Organized\dataset\有害\有害76.jpg,D:\Garbage Classification\Garbage_Classification_Organized\garbage_dataset_20260624_110735\train\有害\有害76.jpg,有害76.jpg,有害76.jpg,1280,720,RGB,85179,,success,
2026-06-24 11:07:37,有害,train,D:\Garbage Classification\Garbage_Classification_Organized\dataset\有害\有害233.jpg,D:\Garbage Classification\Garbage_Classification_Organized\garbage_dataset_20260624_110735\train\有害\有害233.jpg,有害233.jpg,有害233.jpg,1280,720,RGB,77615,,success,
2026-06-24 11:07:37,有害,train,D:\Garbage Classification\Garbage_Classification_Organized\dataset\有害\有害_0091.jpg,D:\Garbage Classification\Garbage_Classification_Organized\garbage_dataset_20260624_110735\train\有害\有害_0091.jpg,有害_0091.jpg,有害_0091.jpg,558,558,RGB,54323,,success,
2026-06-24 11:07:37,有害,train,D:\Garbage Classification\Garbage_Classification_Organized\dataset\有害\有害224.jpg,D:\Garbage Classification\Garbage_Classification_Organized\garbage_dataset_20260624_110735\train\有害\有害224.jpg,有害224.jpg,有害224.jpg,1280,720,RGB,77302,,success,
2026-06-24 11:07:37,有害,train,D:\Garbage Classification\Garbage_Classification_Organized\dataset\有害\有害238.jpg,D:\Garbage Classification\Garbage_Classification_Organized\garbage_dataset_20260624_110735\train\有害\有害238.jpg,有害238.jpg,有害238.jpg,1280,720,RGB,76497,,success,
2026-06-24 11:07:37,有害,train,D:\Garbage Classification\Garbage_Classification_Organized\dataset\有害\有害114.jpg,D:\Garbage Classification\Garbage_Classification_Organized\garbage_dataset_20260624_110735\train\有害\有害114.jpg,有害114.jpg,有害114.jpg,1280,720,RGB,76525,,success,
2026-06-24 11:07:37,有害,train,D:\Garbage Classification\Garbage_Classification_Organized\dataset\有害\有害_0005.jpg,D:\Garbage Classification\Garbage_Classification_Organized\garbage_dataset_20260624_110735\train\有害\有害_0005.jpg,有害_0005.jpg,有害_0005.jpg,558,558,RGB,52320,,success,
2026-06-24 11:07:37,有害,train,D:\Garbage Classification\Garbage_Classification_Organized\dataset\有害\有害22.jpg,D:\Garbage Classification\Garbage_Classification_Organized\garbage_dataset_20260624_110735\train\有害\有害22.jpg,有害22.jpg,有害22.jpg,156,212,RGB,14062,,success,
2026-06-24 11:07:37,有害,train,D:\Garbage Classification\Garbage_Classification_Organized\dataset\有害\有害68.jpg,D:\Garbage Classification\Garbage_Classification_Organized\garbage_dataset_20260624_110735\train\有害\有害68.jpg,有害68.jpg,有害68.jpg,2254,2366,RGB,1561743,,success,
2026-06-24 11:07:37,有害,train,D:\Garbage Classification\Garbage_Classification_Organized\dataset\有害\有害_0034.jpg,D:\Garbage Classification\Garbage_Classification_Organized\garbage_dataset_20260624_110735\train\有害\有害_0034.jpg,有害_0034.jpg,有害_0034.jpg,558,558,RGB,61206,,success,
2026-06-24 11:07:37,有害,train,D:\Garbage Classification\Garbage_Classification_Organized\dataset\有害\有害97.jpg,D:\Garbage Classification\Garbage_Classification_Organized\garbage_dataset_20260624_110735\train\有害\有害97.jpg,有害97.jpg,有害97.jpg,1280,720,RGB,84801,,success,
2026-06-24 11:07:37,有害,train,D:\Garbage Classification\Garbage_Classification_Organized\dataset\有害\有害_0118.jpg,D:\Garbage Classification\Garbage_Classification_Organized\garbage_dataset_20260624_110735\train\有害\有害_0118.jpg,有害_0118.jpg,有害_0118.jpg,558,558,RGB,55424,,success,
2026-06-24 11:07:37,有害,train,D:\Garbage Classification\Garbage_Classification_Organized\dataset\有害\有害_0180.jpg,D:\Garbage Classification\Garbage_Classification_Organized\garbage_dataset_20260624_110735\train\有害\有害_0180.jpg,有害_0180.jpg,有害_0180.jpg,558,558,RGB,60237,,success,
2026-06-24 11:07:37,有害,train,D:\Garbage Classification\Garbage_Classification_Organized\dataset\有害\有害_0164.jpg,D:\Garbage Classification\Garbage_Classification_Organized\garbage_dataset_20260624_110735\train\有害\有害_0164.jpg,有害_0164.jpg,有害_0164.jpg,558,558,RGB,69068,,success,
2026-06-24 11:07:37,有害,train,D:\Garbage Classification\Garbage_Classification_Organized\dataset\有害\有害_0076.jpg,D:\Garbage Classification\Garbage_Classification_Organized\garbage_dataset_20260624_110735\train\有害\有害_0076.jpg,有害_0076.jpg,有害_0076.jpg,558,558,RGB,57811,,success,
2026-06-24 11:07:37,有害,train,D:\Garbage Classification\Garbage_Classification_Organized\dataset\有害\有害1.jpg,D:\Garbage Classification\Garbage_Classification_Organized\garbage_dataset_20260624_110735\train\有害\有害1.jpg,有害1.jpg,有害1.jpg,118,192,RGB,10681,,success,
2026-06-24 11:07:37,有害,train,D:\Garbage Classification\Garbage_Classification_Organized\dataset\有害\有害_0025.jpg,D:\Garbage Classification\Garbage_Classification_Organized\garbage_dataset_20260624_110735\train\有害\有害_0025.jpg,有害_0025.jpg,有害_0025.jpg,558,558,RGB,59351,,success,
2026-06-24 11:07:37,有害,train,D:\Garbage Classification\Garbage_Classification_Organized\dataset\有害\有害_0174.jpg,D:\Garbage Classification\Garbage_Classification_Organized\garbage_dataset_20260624_110735\train\有害\有害_0174.jpg,有害_0174.jpg,有害_0174.jpg,558,558,RGB,63640,,success,
2026-06-24 11:07:37,有害,train,D:\Garbage Classification\Garbage_Classification_Organized\dataset\有害\有害_0307.jpg,D:\Garbage Classification\Garbage_Classification_Organized\garbage_dataset_20260624_110735\train\有害\有害_0307.jpg,有害_0307.jpg,有害_0307.jpg,558,558,RGB,51760,,success,
2026-06-24 11:07:37,有害,train,D:\Garbage Classification\Garbage_Classification_Organized\dataset\有害\有害280.jpg,D:\Garbage Classification\Garbage_Classification_Organized\garbage_dataset_20260624_110735\train\有害\有害280.jpg,有害280.jpg,有害280.jpg,1280,720,RGB,75078,,success,
2026-06-24 11:07:37,有害,train,D:\Garbage Classification\Garbage_Classification_Organized\dataset\有害\有害231.jpg,D:\Garbage Classification\Garbage_Classification_Organized\garbage_dataset_20260624_110735\train\有害\有害231.jpg,有害231.jpg,有害231.jpg,1280,720,RGB,78817,,success,
2026-06-24 11:07:37,有害,train,D:\Garbage Classification\Garbage_Classification_Organized\dataset\有害\有害75.jpg,D:\Garbage Classification\Garbage_Classification_Organized\garbage_dataset_20260624_110735\train\有害\有害75.jpg,有害75.jpg,有害75.jpg,1280,720,RGB,83577,,success,
2026-06-24 11:07:37,有害,train,D:\Garbage Classification\Garbage_Classification_Organized\dataset\有害\有害_0315.jpg,D:\Garbage Classification\Garbage_Classification_Organized\garbage_dataset_20260624_110735\train\有害\有害_0315.jpg,有害_0315.jpg,有害_0315.jpg,558,558,RGB,50367,,success,
2026-06-24 11:07:37,有害,train,D:\Garbage Classification\Garbage_Classification_Organized\dataset\有害\有害67.jpg,D:\Garbage Classification\Garbage_Classification_Organized\garbage_dataset_20260624_110735\train\有害\有害67.jpg,有害67.jpg,有害67.jpg,2871,1925,RGB,2692155,,success,
2026-06-24 11:07:37,有害,train,D:\Garbage Classification\Garbage_Classification_Organized\dataset\有害\有害222.jpg,D:\Garbage Classification\Garbage_Classification_Organized\garbage_dataset_20260624_110735\train\有害\有害222.jpg,有害222.jpg,有害222.jpg,1280,720,RGB,79467,,success,
2026-06-24 11:07:37,有害,train,D:\Garbage Classification\Garbage_Classification_Organized\dataset\有害\有害236.jpg,D:\Garbage Classification\Garbage_Classification_Organized\garbage_dataset_20260624_110735\train\有害\有害236.jpg,有害236.jpg,有害236.jpg,1280,720,RGB,77045,,success,
2026-06-24 11:07:37,有害,train,D:\Garbage Classification\Garbage_Classification_Organized\dataset\有害\有害213.jpg,D:\Garbage Classification\Garbage_Classification_Organized\garbage_dataset_20260624_110735\train\有害\有害213.jpg,有害213.jpg,有害213.jpg,1280,720,RGB,74311,,success,
2026-06-24 11:07:37,有害,train,D:\Garbage Classification\Garbage_Classification_Organized\dataset\有害\有害77.jpg,D:\Garbage Classification\Garbage_Classification_Organized\garbage_dataset_20260624_110735\train\有害\有害77.jpg,有害77.jpg,有害77.jpg,1280,720,RGB,82995,,success,
2026-06-24 11:07:37,有害,train,D:\Garbage Classification\Garbage_Classification_Organized\dataset\有害\有害113.jpg,D:\Garbage Classification\Garbage_Classification_Organized\garbage_dataset_20260624_110735\train\有害\有害113.jpg,有害113.jpg,有害113.jpg,1280,720,RGB,80947,,success,
2026-06-24 11:07:37,有害,train,D:\Garbage Classification\Garbage_Classification_Organized\dataset\有害\有害_0276.jpg,D:\Garbage Classification\Garbage_Classification_Organized\garbage_dataset_20260624_110735\train\有害\有害_0276.jpg,有害_0276.jpg,有害_0276.jpg,558,558,RGB,52317,,success,
2026-06-24 11:07:37,有害,train,D:\Garbage Classification\Garbage_Classification_Organized\dataset\有害\有害_0328.jpg,D:\Garbage Classification\Garbage_Classification_Organized\garbage_dataset_20260624_110735\train\有害\有害_0328.jpg,有害_0328.jpg,有害_0328.jpg,558,558,RGB,51860,,success,
2026-06-24 11:07:37,有害,train,D:\Garbage Classification\Garbage_Classification_Organized\dataset\有害\有害246.jpg,D:\Garbage Classification\Garbage_Classification_Organized\garbage_dataset_20260624_110735\train\有害\有害246.jpg,有害246.jpg,有害246.jpg,1280,720,RGB,71560,,success,
2026-06-24 11:07:37,有害,train,D:\Garbage Classification\Garbage_Classification_Organized\dataset\有害\有害196.jpg,D:\Garbage Classification\Garbage_Classification_Organized\garbage_dataset_20260624_110735\train\有害\有害196.jpg,有害196.jpg,有害196.jpg,1280,720,RGB,76457,,success,
2026-06-24 11:07:37,有害,train,D:\Garbage Classification\Garbage_Classification_Organized\dataset\有害\有害154.jpg,D:\Garbage Classification\Garbage_Classification_Organized\garbage_dataset_20260624_110735\train\有害\有害154.jpg,有害154.jpg,有害154.jpg,1280,720,RGB,82734,,success,
2026-06-24 11:07:37,有害,train,D:\Garbage Classification\Garbage_Classification_Organized\dataset\有害\有害11.jpg,D:\Garbage Classification\Garbage_Classification_Organized\garbage_dataset_20260624_110735\train\有害\有害11.jpg,有害11.jpg,有害11.jpg,254,152,RGB,16375,,success,
2026-06-24 11:07:37,有害,train,D:\Garbage Classification\Garbage_Classification_Organized\dataset\有害\有害7.jpg,D:\Garbage Classification\Garbage_Classification_Organized\garbage_dataset_20260624_110735\train\有害\有害7.jpg,有害7.jpg,有害7.jpg,150,150,RGB,10210,,success,
2026-06-24 11:07:37,有害,train,D:\Garbage Classification\Garbage_Classification_Organized\dataset\有害\有害_0098.jpg,D:\Garbage Classification\Garbage_Classification_Organized\garbage_dataset_20260624_110735\train\有害\有害_0098.jpg,有害_0098.jpg,有害_0098.jpg,558,558,RGB,52902,,success,
2026-06-24 11:07:37,有害,train,D:\Garbage Classification\Garbage_Classification_Organized\dataset\有害\有害47.jpg,D:\Garbage Classification\Garbage_Classification_Organized\garbage_dataset_20260624_110735\train\有害\有害47.jpg,有害47.jpg,有害47.jpg,120,120,RGB,4805,,success,
2026-06-24 11:07:37,有害,train,D:\Garbage Classification\Garbage_Classification_Organized\dataset\有害\有害32.jpg,D:\Garbage Classification\Garbage_Classification_Organized\garbage_dataset_20260624_110735\train\有害\有害32.jpg,有害32.jpg,有害32.jpg,210,244,RGB,15777,,success,
2026-06-24 11:07:37,有害,train,D:\Garbage Classification\Garbage_Classification_Organized\dataset\有害\有害_0131.jpg,D:\Garbage Classification\Garbage_Classification_Organized\garbage_dataset_20260624_110735\train\有害\有害_0131.jpg,有害_0131.jpg,有害_0131.jpg,558,558,RGB,51803,,success,
2026-06-24 11:07:37,有害,train,D:\Garbage Classification\Garbage_Classification_Organized\dataset\有害\有害197.jpg,D:\Garbage Classification\Garbage_Classification_Organized\garbage_dataset_20260624_110735\train\有害\有害197.jpg,有害197.jpg,有害197.jpg,1280,720,RGB,74793,,success,
2026-06-24 11:07:37,有害,train,D:\Garbage Classification\Garbage_Classification_Organized\dataset\有害\有害220.jpg,D:\Garbage Classification\Garbage_Classification_Organized\garbage_dataset_20260624_110735\train\有害\有害220.jpg,有害220.jpg,有害220.jpg,1280,720,RGB,80504,,success,
2026-06-24 11:07:37,有害,train,D:\Garbage Classification\Garbage_Classification_Organized\dataset\有害\有害_0253.jpg,D:\Garbage Classification\Garbage_Classification_Organized\garbage_dataset_20260624_110735\train\有害\有害_0253.jpg,有害_0253.jpg,有害_0253.jpg,558,558,RGB,56642,,success,
2026-06-24 11:07:37,有害,train,D:\Garbage Classification\Garbage_Classification_Organized\dataset\有害\有害_0317.jpg,D:\Garbage Classification\Garbage_Classification_Organized\garbage_dataset_20260624_110735\train\有害\有害_0317.jpg,有害_0317.jpg,有害_0317.jpg,558,558,RGB,49556,,success,
2026-06-24 11:07:37,有害,train,D:\Garbage Classification\Garbage_Classification_Organized\dataset\有害\有害_0133.jpg,D:\Garbage Classification\Garbage_Classification_Organized\garbage_dataset_20260624_110735\train\有害\有害_0133.jpg,有害_0133.jpg,有害_0133.jpg,558,558,RGB,53505,,success,
2026-06-24 11:07:37,有害,train,D:\Garbage Classification\Garbage_Classification_Organized\dataset\有害\有害_0165.jpg,D:\Garbage Classification\Garbage_Classification_Organized\garbage_dataset_20260624_110735\train\有害\有害_0165.jpg,有害_0165.jpg,有害_0165.jpg,558,558,RGB,67966,,success,
2026-06-24 11:07:37,有害,train,D:\Garbage Classification\Garbage_Classification_Organized\dataset\有害\有害149.jpg,D:\Garbage Classification\Garbage_Classification_Organized\garbage_dataset_20260624_110735\train\有害\有害149.jpg,有害149.jpg,有害149.jpg,1280,720,RGB,76751,,success,
2026-06-24 11:07:37,有害,train,D:\Garbage Classification\Garbage_Classification_Organized\dataset\有害\有害_0036.jpg,D:\Garbage Classification\Garbage_Classification_Organized\garbage_dataset_20260624_110735\train\有害\有害_0036.jpg,有害_0036.jpg,有害_0036.jpg,558,558,RGB,60937,,success,
2026-06-24 11:07:37,有害,train,D:\Garbage Classification\Garbage_Classification_Organized\dataset\有害\有害102.jpg,D:\Garbage Classification\Garbage_Classification_Organized\garbage_dataset_20260624_110735\train\有害\有害102.jpg,有害102.jpg,有害102.jpg,1280,720,RGB,85106,,success,
2026-06-24 11:07:37,有害,train,D:\Garbage Classification\Garbage_Classification_Organized\dataset\有害\有害_0316.jpg,D:\Garbage Classification\Garbage_Classification_Organized\garbage_dataset_20260624_110735\train\有害\有害_0316.jpg,有害_0316.jpg,有害_0316.jpg,558,558,RGB,50220,,success,
2026-06-24 11:07:37,有害,train,D:\Garbage Classification\Garbage_Classification_Organized\dataset\有害\有害10.jpg,D:\Garbage Classification\Garbage_Classification_Organized\garbage_dataset_20260624_110735\train\有害\有害10.jpg,有害10.jpg,有害10.jpg,248,151,RGB,18043,,success,
2026-06-24 11:07:37,有害,train,D:\Garbage Classification\Garbage_Classification_Organized\dataset\有害\有害240.jpg,D:\Garbage Classification\Garbage_Classification_Organized\garbage_dataset_20260624_110735\train\有害\有害240.jpg,有害240.jpg,有害240.jpg,1280,720,RGB,72551,,success,
2026-06-24 11:07:37,有害,train,D:\Garbage Classification\Garbage_Classification_Organized\dataset\有害\有害201.jpg,D:\Garbage Classification\Garbage_Classification_Organized\garbage_dataset_20260624_110735\train\有害\有害201.jpg,有害201.jpg,有害201.jpg,1280,720,RGB,74377,,success,
2026-06-24 11:07:37,有害,train,D:\Garbage Classification\Garbage_Classification_Organized\dataset\有害\有害_0215.jpg,D:\Garbage Classification\Garbage_Classification_Organized\garbage_dataset_20260624_110735\train\有害\有害_0215.jpg,有害_0215.jpg,有害_0215.jpg,558,558,RGB,67997,,success,
2026-06-24 11:07:37,有害,train,D:\Garbage Classification\Garbage_Classification_Organized\dataset\有害\有害_0130.jpg,D:\Garbage Classification\Garbage_Classification_Organized\garbage_dataset_20260624_110735\train\有害\有害_0130.jpg,有害_0130.jpg,有害_0130.jpg,558,558,RGB,52405,,success,
2026-06-24 11:07:37,有害,train,D:\Garbage Classification\Garbage_Classification_Organized\dataset\有害\有害_0281.jpg,D:\Garbage Classification\Garbage_Classification_Organized\garbage_dataset_20260624_110735\train\有害\有害_0281.jpg,有害_0281.jpg,有害_0281.jpg,558,558,RGB,52887,,success,
2026-06-24 11:07:37,有害,train,D:\Garbage Classification\Garbage_Classification_Organized\dataset\有害\有害34.jpg,D:\Garbage Classification\Garbage_Classification_Organized\garbage_dataset_20260624_110735\train\有害\有害34.jpg,有害34.jpg,有害34.jpg,187,168,RGB,8863,,success,
2026-06-24 11:07:37,有害,train,D:\Garbage Classification\Garbage_Classification_Organized\dataset\有害\有害_0285.jpg,D:\Garbage Classification\Garbage_Classification_Organized\garbage_dataset_20260624_110735\train\有害\有害_0285.jpg,有害_0285.jpg,有害_0285.jpg,558,558,RGB,53682,,success,
2026-06-24 11:07:37,有害,train,D:\Garbage Classification\Garbage_Classification_Organized\dataset\有害\有害_0177.jpg,D:\Garbage Classification\Garbage_Classification_Organized\garbage_dataset_20260624_110735\train\有害\有害_0177.jpg,有害_0177.jpg,有害_0177.jpg,558,558,RGB,69360,,success,
2026-06-24 11:07:37,有害,train,D:\Garbage Classification\Garbage_Classification_Organized\dataset\有害\有害165.jpg,D:\Garbage Classification\Garbage_Classification_Organized\garbage_dataset_20260624_110735\train\有害\有害165.jpg,有害165.jpg,有害165.jpg,1280,720,RGB,65355,,success,
2026-06-24 11:07:37,有害,train,D:\Garbage Classification\Garbage_Classification_Organized\dataset\有害\有害_0030.jpg,D:\Garbage Classification\Garbage_Classification_Organized\garbage_dataset_20260624_110735\train\有害\有害_0030.jpg,有害_0030.jpg,有害_0030.jpg,558,558,RGB,57684,,success,
2026-06-24 11:07:37,有害,train,D:\Garbage Classification\Garbage_Classification_Organized\dataset\有害\有害130.jpg,D:\Garbage Classification\Garbage_Classification_Organized\garbage_dataset_20260624_110735\train\有害\有害130.jpg,有害130.jpg,有害130.jpg,1280,720,RGB,75173,,success,
2026-06-24 11:07:37,有害,train,D:\Garbage Classification\Garbage_Classification_Organized\dataset\有害\有害61.jpg,D:\Garbage Classification\Garbage_Classification_Organized\garbage_dataset_20260624_110735\train\有害\有害61.jpg,有害61.jpg,有害61.jpg,1485,2280,RGB,1324803,,success,
2026-06-24 11:07:37,有害,train,D:\Garbage Classification\Garbage_Classification_Organized\dataset\有害\有害_0211.jpg,D:\Garbage Classification\Garbage_Classification_Organized\garbage_dataset_20260624_110735\train\有害\有害_0211.jpg,有害_0211.jpg,有害_0211.jpg,558,558,RGB,72370,,success,
2026-06-24 11:07:37,有害,train,D:\Garbage Classification\Garbage_Classification_Organized\dataset\有害\有害176.jpg,D:\Garbage Classification\Garbage_Classification_Organized\garbage_dataset_20260624_110735\train\有害\有害176.jpg,有害176.jpg,有害176.jpg,1280,720,RGB,91924,,success,
2026-06-24 11:07:37,有害,train,D:\Garbage Classification\Garbage_Classification_Organized\dataset\有害\有害_0235.jpg,D:\Garbage Classification\Garbage_Classification_Organized\garbage_dataset_20260624_110735\train\有害\有害_0235.jpg,有害_0235.jpg,有害_0235.jpg,558,558,RGB,68095,,success,
2026-06-24 11:07:37,有害,train,D:\Garbage Classification\Garbage_Classification_Organized\dataset\有害\有害73.jpg,D:\Garbage Classification\Garbage_Classification_Organized\garbage_dataset_20260624_110735\train\有害\有害73.jpg,有害73.jpg,有害73.jpg,1280,720,RGB,86222,,success,
2026-06-24 11:07:37,有害,train,D:\Garbage Classification\Garbage_Classification_Organized\dataset\有害\有害83.jpg,D:\Garbage Classification\Garbage_Classification_Organized\garbage_dataset_20260624_110735\train\有害\有害83.jpg,有害83.jpg,有害83.jpg,1280,720,RGB,82645,,success,
2026-06-24 11:07:37,有害,train,D:\Garbage Classification\Garbage_Classification_Organized\dataset\有害\有害121.jpg,D:\Garbage Classification\Garbage_Classification_Organized\garbage_dataset_20260624_110735\train\有害\有害121.jpg,有害121.jpg,有害121.jpg,1280,720,RGB,76926,,success,
2026-06-24 11:07:37,有害,train,D:\Garbage Classification\Garbage_Classification_Organized\dataset\有害\有害_0150.jpg,D:\Garbage Classification\Garbage_Classification_Organized\garbage_dataset_20260624_110735\train\有害\有害_0150.jpg,有害_0150.jpg,有害_0150.jpg,558,558,RGB,67555,,success,
2026-06-24 11:07:37,有害,train,D:\Garbage Classification\Garbage_Classification_Organized\dataset\有害\有害_0288.jpg,D:\Garbage Classification\Garbage_Classification_Organized\garbage_dataset_20260624_110735\train\有害\有害_0288.jpg,有害_0288.jpg,有害_0288.jpg,558,558,RGB,52404,,success,
2026-06-24 11:07:37,有害,train,D:\Garbage Classification\Garbage_Classification_Organized\dataset\有害\有害150.jpg,D:\Garbage Classification\Garbage_Classification_Organized\garbage_dataset_20260624_110735\train\有害\有害150.jpg,有害150.jpg,有害150.jpg,1280,720,RGB,77560,,success,
2026-06-24 11:07:37,有害,train,D:\Garbage Classification\Garbage_Classification_Organized\dataset\有害\有害_0217.jpg,D:\Garbage Classification\Garbage_Classification_Organized\garbage_dataset_20260624_110735\train\有害\有害_0217.jpg,有害_0217.jpg,有害_0217.jpg,558,558,RGB,70833,,success,
2026-06-24 11:07:37,有害,train,D:\Garbage Classification\Garbage_Classification_Organized\dataset\有害\有害_0089.jpg,D:\Garbage Classification\Garbage_Classification_Organized\garbage_dataset_20260624_110735\train\有害\有害_0089.jpg,有害_0089.jpg,有害_0089.jpg,558,558,RGB,54182,,success,
2026-06-24 11:07:37,有害,train,D:\Garbage Classification\Garbage_Classification_Organized\dataset\有害\有害_0021.jpg,D:\Garbage Classification\Garbage_Classification_Organized\garbage_dataset_20260624_110735\train\有害\有害_0021.jpg,有害_0021.jpg,有害_0021.jpg,558,558,RGB,49941,,success,
2026-06-24 11:07:37,有害,train,D:\Garbage Classification\Garbage_Classification_Organized\dataset\有害\有害153.jpg,D:\Garbage Classification\Garbage_Classification_Organized\garbage_dataset_20260624_110735\train\有害\有害153.jpg,有害153.jpg,有害153.jpg,1280,720,RGB,72206,,success,
2026-06-24 11:07:37,有害,train,D:\Garbage Classification\Garbage_Classification_Organized\dataset\有害\有害185.jpg,D:\Garbage Classification\Garbage_Classification_Organized\garbage_dataset_20260624_110735\train\有害\有害185.jpg,有害185.jpg,有害185.jpg,1280,720,RGB,81203,,success,
2026-06-24 11:07:37,有害,train,D:\Garbage Classification\Garbage_Classification_Organized\dataset\有害\有害_0092.jpg,D:\Garbage Classification\Garbage_Classification_Organized\garbage_dataset_20260624_110735\train\有害\有害_0092.jpg,有害_0092.jpg,有害_0092.jpg,558,558,RGB,54922,,success,
2026-06-24 11:07:37,有害,train,D:\Garbage Classification\Garbage_Classification_Organized\dataset\有害\有害_0337.jpg,D:\Garbage Classification\Garbage_Classification_Organized\garbage_dataset_20260624_110735\train\有害\有害_0337.jpg,有害_0337.jpg,有害_0337.jpg,558,558,RGB,51600,,success,
2026-06-24 11:07:37,有害,train,D:\Garbage Classification\Garbage_Classification_Organized\dataset\有害\有害110.jpg,D:\Garbage Classification\Garbage_Classification_Organized\garbage_dataset_20260624_110735\train\有害\有害110.jpg,有害110.jpg,有害110.jpg,1280,720,RGB,83831,,success,
2026-06-24 11:07:37,有害,train,D:\Garbage Classification\Garbage_Classification_Organized\dataset\有害\有害195.jpg,D:\Garbage Classification\Garbage_Classification_Organized\garbage_dataset_20260624_110735\train\有害\有害195.jpg,有害195.jpg,有害195.jpg,1280,720,RGB,74946,,success,
2026-06-24 11:07:37,有害,train,D:\Garbage Classification\Garbage_Classification_Organized\dataset\有害\有害_0349.jpg,D:\Garbage Classification\Garbage_Classification_Organized\garbage_dataset_20260624_110735\train\有害\有害_0349.jpg,有害_0349.jpg,有害_0349.jpg,558,558,RGB,50819,,success,
2026-06-24 11:07:37,有害,train,D:\Garbage Classification\Garbage_Classification_Organized\dataset\有害\有害_0284.jpg,D:\Garbage Classification\Garbage_Classification_Organized\garbage_dataset_20260624_110735\train\有害\有害_0284.jpg,有害_0284.jpg,有害_0284.jpg,558,558,RGB,52111,,success,
2026-06-24 11:07:37,有害,train,D:\Garbage Classification\Garbage_Classification_Organized\dataset\有害\有害_0136.jpg,D:\Garbage Classification\Garbage_Classification_Organized\garbage_dataset_20260624_110735\train\有害\有害_0136.jpg,有害_0136.jpg,有害_0136.jpg,558,558,RGB,52101,,success,
2026-06-24 11:07:37,有害,train,D:\Garbage Classification\Garbage_Classification_Organized\dataset\有害\有害64.jpg,D:\Garbage Classification\Garbage_Classification_Organized\garbage_dataset_20260624_110735\train\有害\有害64.jpg,有害64.jpg,有害64.jpg,1544,2349,RGB,1397274,,success,
2026-06-24 11:07:37,有害,train,D:\Garbage Classification\Garbage_Classification_Organized\dataset\有害\有害_0074.jpg,D:\Garbage Classification\Garbage_Classification_Organized\garbage_dataset_20260624_110735\train\有害\有害_0074.jpg,有害_0074.jpg,有害_0074.jpg,558,558,RGB,52948,,success,
2026-06-24 11:07:37,有害,train,D:\Garbage Classification\Garbage_Classification_Organized\dataset\有害\有害_0299.jpg,D:\Garbage Classification\Garbage_Classification_Organized\garbage_dataset_20260624_110735\train\有害\有害_0299.jpg,有害_0299.jpg,有害_0299.jpg,558,558,RGB,52540,,success,
2026-06-24 11:07:37,有害,train,D:\Garbage Classification\Garbage_Classification_Organized\dataset\有害\有害57.jpg,D:\Garbage Classification\Garbage_Classification_Organized\garbage_dataset_20260624_110735\train\有害\有害57.jpg,有害57.jpg,有害57.jpg,1826,1081,RGB,322223,,success,
2026-06-24 11:07:37,有害,train,D:\Garbage Classification\Garbage_Classification_Organized\dataset\有害\有害12.jpg,D:\Garbage Classification\Garbage_Classification_Organized\garbage_dataset_20260624_110735\train\有害\有害12.jpg,有害12.jpg,有害12.jpg,252,149,RGB,18141,,success,
2026-06-24 11:07:37,有害,train,D:\Garbage Classification\Garbage_Classification_Organized\dataset\有害\有害2.jpg,D:\Garbage Classification\Garbage_Classification_Organized\garbage_dataset_20260624_110735\train\有害\有害2.jpg,有害2.jpg,有害2.jpg,118,192,RGB,10681,,success,
2026-06-24 11:07:37,有害,train,D:\Garbage Classification\Garbage_Classification_Organized\dataset\有害\有害38.jpg,D:\Garbage Classification\Garbage_Classification_Organized\garbage_dataset_20260624_110735\train\有害\有害38.jpg,有害38.jpg,有害38.jpg,198,127,RGB,6944,,success,
2026-06-24 11:07:37,有害,train,D:\Garbage Classification\Garbage_Classification_Organized\dataset\有害\有害_0128.jpg,D:\Garbage Classification\Garbage_Classification_Organized\garbage_dataset_20260624_110735\train\有害\有害_0128.jpg,有害_0128.jpg,有害_0128.jpg,558,558,RGB,54211,,success,
2026-06-24 11:07:37,有害,train,D:\Garbage Classification\Garbage_Classification_Organized\dataset\有害\有害_0173.jpg,D:\Garbage Classification\Garbage_Classification_Organized\garbage_dataset_20260624_110735\train\有害\有害_0173.jpg,有害_0173.jpg,有害_0173.jpg,558,558,RGB,64347,,success,
2026-06-24 11:07:37,有害,train,D:\Garbage Classification\Garbage_Classification_Organized\dataset\有害\有害_0318.jpg,D:\Garbage Classification\Garbage_Classification_Organized\garbage_dataset_20260624_110735\train\有害\有害_0318.jpg,有害_0318.jpg,有害_0318.jpg,558,558,RGB,50897,,success,
2026-06-24 11:07:37,有害,train,D:\Garbage Classification\Garbage_Classification_Organized\dataset\有害\有害_0020.jpg,D:\Garbage Classification\Garbage_Classification_Organized\garbage_dataset_20260624_110735\train\有害\有害_0020.jpg,有害_0020.jpg,有害_0020.jpg,558,558,RGB,49994,,success,
2026-06-24 11:07:37,有害,train,D:\Garbage Classification\Garbage_Classification_Organized\dataset\有害\有害161.jpg,D:\Garbage Classification\Garbage_Classification_Organized\garbage_dataset_20260624_110735\train\有害\有害161.jpg,有害161.jpg,有害161.jpg,1280,720,RGB,77921,,success,
2026-06-24 11:07:37,有害,train,D:\Garbage Classification\Garbage_Classification_Organized\dataset\有害\有害_0053.jpg,D:\Garbage Classification\Garbage_Classification_Organized\garbage_dataset_20260624_110735\train\有害\有害_0053.jpg,有害_0053.jpg,有害_0053.jpg,558,558,RGB,57206,,success,
2026-06-24 11:07:37,有害,train,D:\Garbage Classification\Garbage_Classification_Organized\dataset\有害\有害85.jpg,D:\Garbage Classification\Garbage_Classification_Organized\garbage_dataset_20260624_110735\train\有害\有害85.jpg,有害85.jpg,有害85.jpg,1280,720,RGB,88022,,success,
2026-06-24 11:07:37,有害,train,D:\Garbage Classification\Garbage_Classification_Organized\dataset\有害\有害_0107.jpg,D:\Garbage Classification\Garbage_Classification_Organized\garbage_dataset_20260624_110735\train\有害\有害_0107.jpg,有害_0107.jpg,有害_0107.jpg,558,558,RGB,54136,,success,
2026-06-24 11:07:37,有害,train,D:\Garbage Classification\Garbage_Classification_Organized\dataset\有害\有害_0195.jpg,D:\Garbage Classification\Garbage_Classification_Organized\garbage_dataset_20260624_110735\train\有害\有害_0195.jpg,有害_0195.jpg,有害_0195.jpg,558,558,RGB,59765,,success,
2026-06-24 11:07:37,有害,train,D:\Garbage Classification\Garbage_Classification_Organized\dataset\有害\有害_0243.jpg,D:\Garbage Classification\Garbage_Classification_Organized\garbage_dataset_20260624_110735\train\有害\有害_0243.jpg,有害_0243.jpg,有害_0243.jpg,558,558,RGB,70222,,success,
2026-06-24 11:07:37,有害,train,D:\Garbage Classification\Garbage_Classification_Organized\dataset\有害\有害42.jpg,D:\Garbage Classification\Garbage_Classification_Organized\garbage_dataset_20260624_110735\train\有害\有害42.jpg,有害42.jpg,有害42.jpg,170,183,RGB,8490,,success,
2026-06-24 11:07:37,有害,train,D:\Garbage Classification\Garbage_Classification_Organized\dataset\有害\有害218.jpg,D:\Garbage Classification\Garbage_Classification_Organized\garbage_dataset_20260624_110735\train\有害\有害218.jpg,有害218.jpg,有害218.jpg,1280,720,RGB,69680,,success,
2026-06-24 11:07:37,有害,train,D:\Garbage Classification\Garbage_Classification_Organized\dataset\有害\有害_0033.jpg,D:\Garbage Classification\Garbage_Classification_Organized\garbage_dataset_20260624_110735\train\有害\有害_0033.jpg,有害_0033.jpg,有害_0033.jpg,558,558,RGB,60375,,success,
2026-06-24 11:07:37,有害,train,D:\Garbage Classification\Garbage_Classification_Organized\dataset\有害\有害263.jpg,D:\Garbage Classification\Garbage_Classification_Organized\garbage_dataset_20260624_110735\train\有害\有害263.jpg,有害263.jpg,有害263.jpg,1280,720,RGB,81259,,success,
2026-06-24 11:07:37,有害,train,D:\Garbage Classification\Garbage_Classification_Organized\dataset\有害\有害84.jpg,D:\Garbage Classification\Garbage_Classification_Organized\garbage_dataset_20260624_110735\train\有害\有害84.jpg,有害84.jpg,有害84.jpg,1280,720,RGB,83187,,success,
2026-06-24 11:07:37,有害,train,D:\Garbage Classification\Garbage_Classification_Organized\dataset\有害\有害62.jpg,D:\Garbage Classification\Garbage_Classification_Organized\garbage_dataset_20260624_110735\train\有害\有害62.jpg,有害62.jpg,有害62.jpg,1697,1530,RGB,730822,,success,
2026-06-24 11:07:37,有害,train,D:\Garbage Classification\Garbage_Classification_Organized\dataset\有害\有害226.jpg,D:\Garbage Classification\Garbage_Classification_Organized\garbage_dataset_20260624_110735\train\有害\有害226.jpg,有害226.jpg,有害226.jpg,1280,720,RGB,81237,,success,
2026-06-24 11:07:37,有害,train,D:\Garbage Classification\Garbage_Classification_Organized\dataset\有害\有害_0078.jpg,D:\Garbage Classification\Garbage_Classification_Organized\garbage_dataset_20260624_110735\train\有害\有害_0078.jpg,有害_0078.jpg,有害_0078.jpg,558,558,RGB,56936,,success,
2026-06-24 11:07:37,有害,train,D:\Garbage Classification\Garbage_Classification_Organized\dataset\有害\有害69.jpg,D:\Garbage Classification\Garbage_Classification_Organized\garbage_dataset_20260624_110735\train\有害\有害69.jpg,有害69.jpg,有害69.jpg,2165,1611,RGB,1495960,,success,
2026-06-24 11:07:37,有害,train,D:\Garbage Classification\Garbage_Classification_Organized\dataset\有害\有害_0070.jpg,D:\Garbage Classification\Garbage_Classification_Organized\garbage_dataset_20260624_110735\train\有害\有害_0070.jpg,有害_0070.jpg,有害_0070.jpg,558,558,RGB,55998,,success,
2026-06-24 11:07:37,有害,train,D:\Garbage Classification\Garbage_Classification_Organized\dataset\有害\有害214.jpg,D:\Garbage Classification\Garbage_Classification_Organized\garbage_dataset_20260624_110735\train\有害\有害214.jpg,有害214.jpg,有害214.jpg,1280,720,RGB,70290,,success,
2026-06-24 11:07:37,有害,train,D:\Garbage Classification\Garbage_Classification_Organized\dataset\有害\有害_0145.jpg,D:\Garbage Classification\Garbage_Classification_Organized\garbage_dataset_20260624_110735\train\有害\有害_0145.jpg,有害_0145.jpg,有害_0145.jpg,558,558,RGB,64751,,success,
2026-06-24 11:07:37,有害,train,D:\Garbage Classification\Garbage_Classification_Organized\dataset\有害\有害191.jpg,D:\Garbage Classification\Garbage_Classification_Organized\garbage_dataset_20260624_110735\train\有害\有害191.jpg,有害191.jpg,有害191.jpg,1280,720,RGB,87888,,success,
2026-06-24 11:07:37,有害,train,D:\Garbage Classification\Garbage_Classification_Organized\dataset\有害\有害173.jpg,D:\Garbage Classification\Garbage_Classification_Organized\garbage_dataset_20260624_110735\train\有害\有害173.jpg,有害173.jpg,有害173.jpg,1280,720,RGB,87247,,success,
2026-06-24 11:07:37,有害,train,D:\Garbage Classification\Garbage_Classification_Organized\dataset\有害\有害4.jpg,D:\Garbage Classification\Garbage_Classification_Organized\garbage_dataset_20260624_110735\train\有害\有害4.jpg,有害4.jpg,有害4.jpg,177,207,RGB,15617,,success,
2026-06-24 11:07:37,有害,train,D:\Garbage Classification\Garbage_Classification_Organized\dataset\有害\有害79.jpg,D:\Garbage Classification\Garbage_Classification_Organized\garbage_dataset_20260624_110735\train\有害\有害79.jpg,有害79.jpg,有害79.jpg,1280,720,RGB,82201,,success,
2026-06-24 11:07:37,有害,train,D:\Garbage Classification\Garbage_Classification_Organized\dataset\有害\有害275.jpg,D:\Garbage Classification\Garbage_Classification_Organized\garbage_dataset_20260624_110735\train\有害\有害275.jpg,有害275.jpg,有害275.jpg,1280,720,RGB,83459,,success,
2026-06-24 11:07:37,有害,train,D:\Garbage Classification\Garbage_Classification_Organized\dataset\有害\有害_0077.jpg,D:\Garbage Classification\Garbage_Classification_Organized\garbage_dataset_20260624_110735\train\有害\有害_0077.jpg,有害_0077.jpg,有害_0077.jpg,558,558,RGB,55948,,success,
2026-06-24 11:07:37,有害,train,D:\Garbage Classification\Garbage_Classification_Organized\dataset\有害\有害_0110.jpg,D:\Garbage Classification\Garbage_Classification_Organized\garbage_dataset_20260624_110735\train\有害\有害_0110.jpg,有害_0110.jpg,有害_0110.jpg,558,558,RGB,57675,,success,
2026-06-24 11:07:37,有害,train,D:\Garbage Classification\Garbage_Classification_Organized\dataset\有害\有害_0139.jpg,D:\Garbage Classification\Garbage_Classification_Organized\garbage_dataset_20260624_110735\train\有害\有害_0139.jpg,有害_0139.jpg,有害_0139.jpg,558,558,RGB,51994,,success,
2026-06-24 11:07:37,有害,train,D:\Garbage Classification\Garbage_Classification_Organized\dataset\有害\有害_0338.jpg,D:\Garbage Classification\Garbage_Classification_Organized\garbage_dataset_20260624_110735\train\有害\有害_0338.jpg,有害_0338.jpg,有害_0338.jpg,558,558,RGB,50587,,success,
2026-06-24 11:07:37,有害,train,D:\Garbage Classification\Garbage_Classification_Organized\dataset\有害\有害_0190.jpg,D:\Garbage Classification\Garbage_Classification_Organized\garbage_dataset_20260624_110735\train\有害\有害_0190.jpg,有害_0190.jpg,有害_0190.jpg,558,558,RGB,69114,,success,
2026-06-24 11:07:37,有害,train,D:\Garbage Classification\Garbage_Classification_Organized\dataset\有害\有害_0137.jpg,D:\Garbage Classification\Garbage_Classification_Organized\garbage_dataset_20260624_110735\train\有害\有害_0137.jpg,有害_0137.jpg,有害_0137.jpg,558,558,RGB,51766,,success,
2026-06-24 11:07:37,有害,train,D:\Garbage Classification\Garbage_Classification_Organized\dataset\有害\有害_0027.jpg,D:\Garbage Classification\Garbage_Classification_Organized\garbage_dataset_20260624_110735\train\有害\有害_0027.jpg,有害_0027.jpg,有害_0027.jpg,558,558,RGB,59389,,success,
2026-06-24 11:07:37,有害,train,D:\Garbage Classification\Garbage_Classification_Organized\dataset\有害\有害_0289.jpg,D:\Garbage Classification\Garbage_Classification_Organized\garbage_dataset_20260624_110735\train\有害\有害_0289.jpg,有害_0289.jpg,有害_0289.jpg,558,558,RGB,52949,,success,
2026-06-24 11:07:37,有害,train,D:\Garbage Classification\Garbage_Classification_Organized\dataset\有害\有害93.jpg,D:\Garbage Classification\Garbage_Classification_Organized\garbage_dataset_20260624_110735\train\有害\有害93.jpg,有害93.jpg,有害93.jpg,1280,720,RGB,84945,,success,
2026-06-24 11:07:37,有害,train,D:\Garbage Classification\Garbage_Classification_Organized\dataset\有害\有害206.jpg,D:\Garbage Classification\Garbage_Classification_Organized\garbage_dataset_20260624_110735\train\有害\有害206.jpg,有害206.jpg,有害206.jpg,1280,720,RGB,74017,,success,
2026-06-24 11:07:37,有害,train,D:\Garbage Classification\Garbage_Classification_Organized\dataset\有害\有害_0269.jpg,D:\Garbage Classification\Garbage_Classification_Organized\garbage_dataset_20260624_110735\train\有害\有害_0269.jpg,有害_0269.jpg,有害_0269.jpg,558,558,RGB,52816,,success,
2026-06-24 11:07:37,有害,train,D:\Garbage Classification\Garbage_Classification_Organized\dataset\有害\有害_0068.jpg,D:\Garbage Classification\Garbage_Classification_Organized\garbage_dataset_20260624_110735\train\有害\有害_0068.jpg,有害_0068.jpg,有害_0068.jpg,558,558,RGB,57418,,success,
2026-06-24 11:07:37,有害,train,D:\Garbage Classification\Garbage_Classification_Organized\dataset\有害\有害51.jpg,D:\Garbage Classification\Garbage_Classification_Organized\garbage_dataset_20260624_110735\train\有害\有害51.jpg,有害51.jpg,有害51.jpg,165,184,RGB,8064,,success,
2026-06-24 11:07:37,有害,train,D:\Garbage Classification\Garbage_Classification_Organized\dataset\有害\有害208.jpg,D:\Garbage Classification\Garbage_Classification_Organized\garbage_dataset_20260624_110735\train\有害\有害208.jpg,有害208.jpg,有害208.jpg,1280,720,RGB,74670,,success,
2026-06-24 11:07:37,有害,train,D:\Garbage Classification\Garbage_Classification_Organized\dataset\有害\有害_0080.jpg,D:\Garbage Classification\Garbage_Classification_Organized\garbage_dataset_20260624_110735\train\有害\有害_0080.jpg,有害_0080.jpg,有害_0080.jpg,558,558,RGB,56060,,success,
2026-06-24 11:07:37,有害,train,D:\Garbage Classification\Garbage_Classification_Organized\dataset\有害\有害36.jpg,D:\Garbage Classification\Garbage_Classification_Organized\garbage_dataset_20260624_110735\train\有害\有害36.jpg,有害36.jpg,有害36.jpg,110,129,RGB,5443,,success,
2026-06-24 11:07:37,有害,train,D:\Garbage Classification\Garbage_Classification_Organized\dataset\有害\有害119.jpg,D:\Garbage Classification\Garbage_Classification_Organized\garbage_dataset_20260624_110735\train\有害\有害119.jpg,有害119.jpg,有害119.jpg,1280,720,RGB,78525,,success,
2026-06-24 11:07:37,有害,train,D:\Garbage Classification\Garbage_Classification_Organized\dataset\有害\有害_0086.jpg,D:\Garbage Classification\Garbage_Classification_Organized\garbage_dataset_20260624_110735\train\有害\有害_0086.jpg,有害_0086.jpg,有害_0086.jpg,558,558,RGB,56725,,success,
2026-06-24 11:07:37,有害,train,D:\Garbage Classification\Garbage_Classification_Organized\dataset\有害\有害175.jpg,D:\Garbage Classification\Garbage_Classification_Organized\garbage_dataset_20260624_110735\train\有害\有害175.jpg,有害175.jpg,有害175.jpg,1280,720,RGB,93622,,success,
2026-06-24 11:07:37,有害,train,D:\Garbage Classification\Garbage_Classification_Organized\dataset\有害\有害_0144.jpg,D:\Garbage Classification\Garbage_Classification_Organized\garbage_dataset_20260624_110735\train\有害\有害_0144.jpg,有害_0144.jpg,有害_0144.jpg,558,558,RGB,58996,,success,
2026-06-24 11:07:37,有害,train,D:\Garbage Classification\Garbage_Classification_Organized\dataset\有害\有害_0341.jpg,D:\Garbage Classification\Garbage_Classification_Organized\garbage_dataset_20260624_110735\train\有害\有害_0341.jpg,有害_0341.jpg,有害_0341.jpg,558,558,RGB,52668,,success,
2026-06-24 11:07:37,有害,train,D:\Garbage Classification\Garbage_Classification_Organized\dataset\有害\有害_0272.jpg,D:\Garbage Classification\Garbage_Classification_Organized\garbage_dataset_20260624_110735\train\有害\有害_0272.jpg,有害_0272.jpg,有害_0272.jpg,558,558,RGB,53465,,success,
2026-06-24 11:07:37,有害,train,D:\Garbage Classification\Garbage_Classification_Organized\dataset\有害\有害_0306.jpg,D:\Garbage Classification\Garbage_Classification_Organized\garbage_dataset_20260624_110735\train\有害\有害_0306.jpg,有害_0306.jpg,有害_0306.jpg,558,558,RGB,51818,,success,
2026-06-24 11:07:37,有害,train,D:\Garbage Classification\Garbage_Classification_Organized\dataset\有害\有害16.jpg,D:\Garbage Classification\Garbage_Classification_Organized\garbage_dataset_20260624_110735\train\有害\有害16.jpg,有害16.jpg,有害16.jpg,149,159,RGB,8935,,success,
2026-06-24 11:07:37,有害,train,D:\Garbage Classification\Garbage_Classification_Organized\dataset\有害\有害254.jpg,D:\Garbage Classification\Garbage_Classification_Organized\garbage_dataset_20260624_110735\train\有害\有害254.jpg,有害254.jpg,有害254.jpg,1280,720,RGB,69696,,success,
2026-06-24 11:07:37,有害,train,D:\Garbage Classification\Garbage_Classification_Organized\dataset\有害\有害_0122.jpg,D:\Garbage Classification\Garbage_Classification_Organized\garbage_dataset_20260624_110735\train\有害\有害_0122.jpg,有害_0122.jpg,有害_0122.jpg,558,558,RGB,55667,,success,
2026-06-24 11:07:37,有害,train,D:\Garbage Classification\Garbage_Classification_Organized\dataset\有害\有害_0335.jpg,D:\Garbage Classification\Garbage_Classification_Organized\garbage_dataset_20260624_110735\train\有害\有害_0335.jpg,有害_0335.jpg,有害_0335.jpg,558,558,RGB,50262,,success,
2026-06-24 11:07:37,有害,train,D:\Garbage Classification\Garbage_Classification_Organized\dataset\有害\有害96.jpg,D:\Garbage Classification\Garbage_Classification_Organized\garbage_dataset_20260624_110735\train\有害\有害96.jpg,有害96.jpg,有害96.jpg,1280,720,RGB,84436,,success,
2026-06-24 11:07:37,有害,train,D:\Garbage Classification\Garbage_Classification_Organized\dataset\有害\有害_0333.jpg,D:\Garbage Classification\Garbage_Classification_Organized\garbage_dataset_20260624_110735\train\有害\有害_0333.jpg,有害_0333.jpg,有害_0333.jpg,558,558,RGB,50583,,success,
2026-06-24 11:07:37,有害,train,D:\Garbage Classification\Garbage_Classification_Organized\dataset\有害\有害145.jpg,D:\Garbage Classification\Garbage_Classification_Organized\garbage_dataset_20260624_110735\train\有害\有害145.jpg,有害145.jpg,有害145.jpg,1280,720,RGB,77957,,success,
2026-06-24 11:07:37,有害,train,D:\Garbage Classification\Garbage_Classification_Organized\dataset\有害\有害235.jpg,D:\Garbage Classification\Garbage_Classification_Organized\garbage_dataset_20260624_110735\train\有害\有害235.jpg,有害235.jpg,有害235.jpg,1280,720,RGB,73882,,success,
2026-06-24 11:07:37,有害,train,D:\Garbage Classification\Garbage_Classification_Organized\dataset\有害\有害_0117.jpg,D:\Garbage Classification\Garbage_Classification_Organized\garbage_dataset_20260624_110735\train\有害\有害_0117.jpg,有害_0117.jpg,有害_0117.jpg,558,558,RGB,55287,,success,
2026-06-24 11:07:37,有害,train,D:\Garbage Classification\Garbage_Classification_Organized\dataset\有害\有害170.jpg,D:\Garbage Classification\Garbage_Classification_Organized\garbage_dataset_20260624_110735\train\有害\有害170.jpg,有害170.jpg,有害170.jpg,1280,720,RGB,89160,,success,
2026-06-24 11:07:37,有害,train,D:\Garbage Classification\Garbage_Classification_Organized\dataset\有害\有害162.jpg,D:\Garbage Classification\Garbage_Classification_Organized\garbage_dataset_20260624_110735\train\有害\有害162.jpg,有害162.jpg,有害162.jpg,1280,720,RGB,78589,,success,
2026-06-24 11:07:37,有害,train,D:\Garbage Classification\Garbage_Classification_Organized\dataset\有害\有害202.jpg,D:\Garbage Classification\Garbage_Classification_Organized\garbage_dataset_20260624_110735\train\有害\有害202.jpg,有害202.jpg,有害202.jpg,1280,720,RGB,69378,,success,
2026-06-24 11:07:37,有害,train,D:\Garbage Classification\Garbage_Classification_Organized\dataset\有害\有害188.jpg,D:\Garbage Classification\Garbage_Classification_Organized\garbage_dataset_20260624_110735\train\有害\有害188.jpg,有害188.jpg,有害188.jpg,1280,720,RGB,89968,,success,
2026-06-24 11:07:37,有害,train,D:\Garbage Classification\Garbage_Classification_Organized\dataset\有害\有害70.jpg,D:\Garbage Classification\Garbage_Classification_Organized\garbage_dataset_20260624_110735\train\有害\有害70.jpg,有害70.jpg,有害70.jpg,2325,1790,RGB,1255328,,success,
2026-06-24 11:07:37,有害,train,D:\Garbage Classification\Garbage_Classification_Organized\dataset\有害\有害256.jpg,D:\Garbage Classification\Garbage_Classification_Organized\garbage_dataset_20260624_110735\train\有害\有害256.jpg,有害256.jpg,有害256.jpg,1280,720,RGB,71796,,success,
2026-06-24 11:07:37,有害,train,D:\Garbage Classification\Garbage_Classification_Organized\dataset\有害\有害198.jpg,D:\Garbage Classification\Garbage_Classification_Organized\garbage_dataset_20260624_110735\train\有害\有害198.jpg,有害198.jpg,有害198.jpg,1280,720,RGB,73905,,success,
2026-06-24 11:07:37,有害,train,D:\Garbage Classification\Garbage_Classification_Organized\dataset\有害\有害182.jpg,D:\Garbage Classification\Garbage_Classification_Organized\garbage_dataset_20260624_110735\train\有害\有害182.jpg,有害182.jpg,有害182.jpg,1280,720,RGB,77701,,success,
2026-06-24 11:07:37,有害,train,D:\Garbage Classification\Garbage_Classification_Organized\dataset\有害\有害_0041.jpg,D:\Garbage Classification\Garbage_Classification_Organized\garbage_dataset_20260624_110735\train\有害\有害_0041.jpg,有害_0041.jpg,有害_0041.jpg,558,558,RGB,54575,,success,
2026-06-24 11:07:37,有害,train,D:\Garbage Classification\Garbage_Classification_Organized\dataset\有害\有害_0146.jpg,D:\Garbage Classification\Garbage_Classification_Organized\garbage_dataset_20260624_110735\train\有害\有害_0146.jpg,有害_0146.jpg,有害_0146.jpg,558,558,RGB,64101,,success,
2026-06-24 11:07:37,有害,train,D:\Garbage Classification\Garbage_Classification_Organized\dataset\有害\有害_0259.jpg,D:\Garbage Classification\Garbage_Classification_Organized\garbage_dataset_20260624_110735\train\有害\有害_0259.jpg,有害_0259.jpg,有害_0259.jpg,558,558,RGB,58937,,success,
2026-06-24 11:07:37,有害,train,D:\Garbage Classification\Garbage_Classification_Organized\dataset\有害\有害_0225.jpg,D:\Garbage Classification\Garbage_Classification_Organized\garbage_dataset_20260624_110735\train\有害\有害_0225.jpg,有害_0225.jpg,有害_0225.jpg,558,558,RGB,70415,,success,
2026-06-24 11:07:37,有害,train,D:\Garbage Classification\Garbage_Classification_Organized\dataset\有害\有害81.jpg,D:\Garbage Classification\Garbage_Classification_Organized\garbage_dataset_20260624_110735\train\有害\有害81.jpg,有害81.jpg,有害81.jpg,1280,720,RGB,80185,,success,
2026-06-24 11:07:37,有害,train,D:\Garbage Classification\Garbage_Classification_Organized\dataset\有害\有害_0295.jpg,D:\Garbage Classification\Garbage_Classification_Organized\garbage_dataset_20260624_110735\train\有害\有害_0295.jpg,有害_0295.jpg,有害_0295.jpg,558,558,RGB,53795,,success,
2026-06-24 11:07:37,有害,train,D:\Garbage Classification\Garbage_Classification_Organized\dataset\有害\有害141.jpg,D:\Garbage Classification\Garbage_Classification_Organized\garbage_dataset_20260624_110735\train\有害\有害141.jpg,有害141.jpg,有害141.jpg,1280,720,RGB,85278,,success,
2026-06-24 11:07:37,有害,train,D:\Garbage Classification\Garbage_Classification_Organized\dataset\有害\有害9.jpg,D:\Garbage Classification\Garbage_Classification_Organized\garbage_dataset_20260624_110735\train\有害\有害9.jpg,有害9.jpg,有害9.jpg,184,201,RGB,15445,,success,
2026-06-24 11:07:37,有害,train,D:\Garbage Classification\Garbage_Classification_Organized\dataset\有害\有害158.jpg,D:\Garbage Classification\Garbage_Classification_Organized\garbage_dataset_20260624_110735\train\有害\有害158.jpg,有害158.jpg,有害158.jpg,1280,720,RGB,74112,,success,
2026-06-24 11:07:37,有害,train,D:\Garbage Classification\Garbage_Classification_Organized\dataset\有害\有害_0166.jpg,D:\Garbage Classification\Garbage_Classification_Organized\garbage_dataset_20260624_110735\train\有害\有害_0166.jpg,有害_0166.jpg,有害_0166.jpg,558,558,RGB,67325,,success,
2026-06-24 11:07:37,有害,train,D:\Garbage Classification\Garbage_Classification_Organized\dataset\有害\有害272.jpg,D:\Garbage Classification\Garbage_Classification_Organized\garbage_dataset_20260624_110735\train\有害\有害272.jpg,有害272.jpg,有害272.jpg,1280,720,RGB,75289,,success,
2026-06-24 11:07:37,有害,train,D:\Garbage Classification\Garbage_Classification_Organized\dataset\有害\有害_0273.jpg,D:\Garbage Classification\Garbage_Classification_Organized\garbage_dataset_20260624_110735\train\有害\有害_0273.jpg,有害_0273.jpg,有害_0273.jpg,558,558,RGB,53501,,success,
2026-06-24 11:07:37,有害,train,D:\Garbage Classification\Garbage_Classification_Organized\dataset\有害\有害_0048.jpg,D:\Garbage Classification\Garbage_Classification_Organized\garbage_dataset_20260624_110735\train\有害\有害_0048.jpg,有害_0048.jpg,有害_0048.jpg,558,558,RGB,57243,,success,
2026-06-24 11:07:37,有害,train,D:\Garbage Classification\Garbage_Classification_Organized\dataset\有害\有害_0093.jpg,D:\Garbage Classification\Garbage_Classification_Organized\garbage_dataset_20260624_110735\train\有害\有害_0093.jpg,有害_0093.jpg,有害_0093.jpg,558,558,RGB,54767,,success,
2026-06-24 11:07:37,有害,train,D:\Garbage Classification\Garbage_Classification_Organized\dataset\有害\有害_0262.jpg,D:\Garbage Classification\Garbage_Classification_Organized\garbage_dataset_20260624_110735\train\有害\有害_0262.jpg,有害_0262.jpg,有害_0262.jpg,558,558,RGB,54731,,success,
2026-06-24 11:07:37,有害,train,D:\Garbage Classification\Garbage_Classification_Organized\dataset\有害\有害_0286.jpg,D:\Garbage Classification\Garbage_Classification_Organized\garbage_dataset_20260624_110735\train\有害\有害_0286.jpg,有害_0286.jpg,有害_0286.jpg,558,558,RGB,53052,,success,
2026-06-24 11:07:37,有害,train,D:\Garbage Classification\Garbage_Classification_Organized\dataset\有害\有害28.jpg,D:\Garbage Classification\Garbage_Classification_Organized\garbage_dataset_20260624_110735\train\有害\有害28.jpg,有害28.jpg,有害28.jpg,154,140,RGB,9316,,success,
2026-06-24 11:07:37,有害,train,D:\Garbage Classification\Garbage_Classification_Organized\dataset\有害\有害_0125.jpg,D:\Garbage Classification\Garbage_Classification_Organized\garbage_dataset_20260624_110735\train\有害\有害_0125.jpg,有害_0125.jpg,有害_0125.jpg,558,558,RGB,53823,,success,
2026-06-24 11:07:37,有害,train,D:\Garbage Classification\Garbage_Classification_Organized\dataset\有害\有害_0186.jpg,D:\Garbage Classification\Garbage_Classification_Organized\garbage_dataset_20260624_110735\train\有害\有害_0186.jpg,有害_0186.jpg,有害_0186.jpg,558,558,RGB,73598,,success,
2026-06-24 11:07:37,有害,train,D:\Garbage Classification\Garbage_Classification_Organized\dataset\有害\有害164.jpg,D:\Garbage Classification\Garbage_Classification_Organized\garbage_dataset_20260624_110735\train\有害\有害164.jpg,有害164.jpg,有害164.jpg,1280,720,RGB,70883,,success,
2026-06-24 11:07:37,有害,train,D:\Garbage Classification\Garbage_Classification_Organized\dataset\有害\有害_0019.jpg,D:\Garbage Classification\Garbage_Classification_Organized\garbage_dataset_20260624_110735\train\有害\有害_0019.jpg,有害_0019.jpg,有害_0019.jpg,558,558,RGB,50306,,success,
2026-06-24 11:07:37,有害,train,D:\Garbage Classification\Garbage_Classification_Organized\dataset\有害\有害136.jpg,D:\Garbage Classification\Garbage_Classification_Organized\garbage_dataset_20260624_110735\train\有害\有害136.jpg,有害136.jpg,有害136.jpg,1280,720,RGB,86226,,success,
2026-06-24 11:07:37,有害,train,D:\Garbage Classification\Garbage_Classification_Organized\dataset\有害\有害_0202.jpg,D:\Garbage Classification\Garbage_Classification_Organized\garbage_dataset_20260624_110735\train\有害\有害_0202.jpg,有害_0202.jpg,有害_0202.jpg,558,558,RGB,69554,,success,
2026-06-24 11:07:37,有害,train,D:\Garbage Classification\Garbage_Classification_Organized\dataset\有害\有害168.jpg,D:\Garbage Classification\Garbage_Classification_Organized\garbage_dataset_20260624_110735\train\有害\有害168.jpg,有害168.jpg,有害168.jpg,1280,720,RGB,86194,,success,
2026-06-24 11:07:37,有害,train,D:\Garbage Classification\Garbage_Classification_Organized\dataset\有害\有害_0170.jpg,D:\Garbage Classification\Garbage_Classification_Organized\garbage_dataset_20260624_110735\train\有害\有害_0170.jpg,有害_0170.jpg,有害_0170.jpg,558,558,RGB,72169,,success,
2026-06-24 11:07:37,有害,train,D:\Garbage Classification\Garbage_Classification_Organized\dataset\有害\有害215.jpg,D:\Garbage Classification\Garbage_Classification_Organized\garbage_dataset_20260624_110735\train\有害\有害215.jpg,有害215.jpg,有害215.jpg,1280,720,RGB,73778,,success,
2026-06-24 11:07:37,有害,train,D:\Garbage Classification\Garbage_Classification_Organized\dataset\有害\有害_0344.jpg,D:\Garbage Classification\Garbage_Classification_Organized\garbage_dataset_20260624_110735\train\有害\有害_0344.jpg,有害_0344.jpg,有害_0344.jpg,558,558,RGB,51877,,success,
2026-06-24 11:07:37,有害,train,D:\Garbage Classification\Garbage_Classification_Organized\dataset\有害\有害277.jpg,D:\Garbage Classification\Garbage_Classification_Organized\garbage_dataset_20260624_110735\train\有害\有害277.jpg,有害277.jpg,有害277.jpg,1280,720,RGB,77884,,success,
2026-06-24 11:07:37,有害,train,D:\Garbage Classification\Garbage_Classification_Organized\dataset\有害\有害_0006.jpg,D:\Garbage Classification\Garbage_Classification_Organized\garbage_dataset_20260624_110735\train\有害\有害_0006.jpg,有害_0006.jpg,有害_0006.jpg,558,558,RGB,52184,,success,
2026-06-24 11:07:37,有害,train,D:\Garbage Classification\Garbage_Classification_Organized\dataset\有害\有害142.jpg,D:\Garbage Classification\Garbage_Classification_Organized\garbage_dataset_20260624_110735\train\有害\有害142.jpg,有害142.jpg,有害142.jpg,1280,720,RGB,77356,,success,
2026-06-24 11:07:37,有害,train,D:\Garbage Classification\Garbage_Classification_Organized\dataset\有害\有害250.jpg,D:\Garbage Classification\Garbage_Classification_Organized\garbage_dataset_20260624_110735\train\有害\有害250.jpg,有害250.jpg,有害250.jpg,1280,720,RGB,73189,,success,
2026-06-24 11:07:37,有害,train,D:\Garbage Classification\Garbage_Classification_Organized\dataset\有害\有害129.jpg,D:\Garbage Classification\Garbage_Classification_Organized\garbage_dataset_20260624_110735\train\有害\有害129.jpg,有害129.jpg,有害129.jpg,1280,720,RGB,70376,,success,
2026-06-24 11:07:37,有害,train,D:\Garbage Classification\Garbage_Classification_Organized\dataset\有害\有害253.jpg,D:\Garbage Classification\Garbage_Classification_Organized\garbage_dataset_20260624_110735\train\有害\有害253.jpg,有害253.jpg,有害253.jpg,1280,720,RGB,73253,,success,
2026-06-24 11:07:37,有害,train,D:\Garbage Classification\Garbage_Classification_Organized\dataset\有害\有害_0059.jpg,D:\Garbage Classification\Garbage_Classification_Organized\garbage_dataset_20260624_110735\train\有害\有害_0059.jpg,有害_0059.jpg,有害_0059.jpg,558,558,RGB,52735,,success,
2026-06-24 11:07:37,有害,train,D:\Garbage Classification\Garbage_Classification_Organized\dataset\有害\有害_0201.jpg,D:\Garbage Classification\Garbage_Classification_Organized\garbage_dataset_20260624_110735\train\有害\有害_0201.jpg,有害_0201.jpg,有害_0201.jpg,558,558,RGB,69616,,success,
2026-06-24 11:07:37,有害,train,D:\Garbage Classification\Garbage_Classification_Organized\dataset\有害\有害122.jpg,D:\Garbage Classification\Garbage_Classification_Organized\garbage_dataset_20260624_110735\train\有害\有害122.jpg,有害122.jpg,有害122.jpg,1280,720,RGB,74206,,success,
2026-06-24 11:07:37,有害,train,D:\Garbage Classification\Garbage_Classification_Organized\dataset\有害\有害_0029.jpg,D:\Garbage Classification\Garbage_Classification_Organized\garbage_dataset_20260624_110735\train\有害\有害_0029.jpg,有害_0029.jpg,有害_0029.jpg,558,558,RGB,56957,,success,
2026-06-24 11:07:37,有害,train,D:\Garbage Classification\Garbage_Classification_Organized\dataset\有害\有害_0323.jpg,D:\Garbage Classification\Garbage_Classification_Organized\garbage_dataset_20260624_110735\train\有害\有害_0323.jpg,有害_0323.jpg,有害_0323.jpg,558,558,RGB,50559,,success,
2026-06-24 11:07:37,有害,train,D:\Garbage Classification\Garbage_Classification_Organized\dataset\有害\有害_0297.jpg,D:\Garbage Classification\Garbage_Classification_Organized\garbage_dataset_20260624_110735\train\有害\有害_0297.jpg,有害_0297.jpg,有害_0297.jpg,558,558,RGB,53071,,success,
2026-06-24 11:07:37,有害,train,D:\Garbage Classification\Garbage_Classification_Organized\dataset\有害\有害278.jpg,D:\Garbage Classification\Garbage_Classification_Organized\garbage_dataset_20260624_110735\train\有害\有害278.jpg,有害278.jpg,有害278.jpg,1280,720,RGB,75583,,success,
2026-06-24 11:07:37,有害,train,D:\Garbage Classification\Garbage_Classification_Organized\dataset\有害\有害229.jpg,D:\Garbage Classification\Garbage_Classification_Organized\garbage_dataset_20260624_110735\train\有害\有害229.jpg,有害229.jpg,有害229.jpg,1280,720,RGB,77959,,success,
2026-06-24 11:07:37,有害,train,D:\Garbage Classification\Garbage_Classification_Organized\dataset\有害\有害270.jpg,D:\Garbage Classification\Garbage_Classification_Organized\garbage_dataset_20260624_110735\train\有害\有害270.jpg,有害270.jpg,有害270.jpg,1280,720,RGB,85745,,success,
2026-06-24 11:07:37,有害,train,D:\Garbage Classification\Garbage_Classification_Organized\dataset\有害\有害267.jpg,D:\Garbage Classification\Garbage_Classification_Organized\garbage_dataset_20260624_110735\train\有害\有害267.jpg,有害267.jpg,有害267.jpg,1280,720,RGB,79451,,success,
2026-06-24 11:07:37,有害,train,D:\Garbage Classification\Garbage_Classification_Organized\dataset\有害\有害172.jpg,D:\Garbage Classification\Garbage_Classification_Organized\garbage_dataset_20260624_110735\train\有害\有害172.jpg,有害172.jpg,有害172.jpg,1280,720,RGB,89153,,success,
2026-06-24 11:07:37,有害,train,D:\Garbage Classification\Garbage_Classification_Organized\dataset\有害\有害_0035.jpg,D:\Garbage Classification\Garbage_Classification_Organized\garbage_dataset_20260624_110735\train\有害\有害_0035.jpg,有害_0035.jpg,有害_0035.jpg,558,558,RGB,60798,,success,
2026-06-24 11:07:37,有害,train,D:\Garbage Classification\Garbage_Classification_Organized\dataset\有害\有害88.jpg,D:\Garbage Classification\Garbage_Classification_Organized\garbage_dataset_20260624_110735\train\有害\有害88.jpg,有害88.jpg,有害88.jpg,1280,720,RGB,86850,,success,
2026-06-24 11:07:37,有害,train,D:\Garbage Classification\Garbage_Classification_Organized\dataset\有害\有害_0214.jpg,D:\Garbage Classification\Garbage_Classification_Organized\garbage_dataset_20260624_110735\train\有害\有害_0214.jpg,有害_0214.jpg,有害_0214.jpg,558,558,RGB,66368,,success,
2026-06-24 11:07:37,有害,train,D:\Garbage Classification\Garbage_Classification_Organized\dataset\有害\有害_0226.jpg,D:\Garbage Classification\Garbage_Classification_Organized\garbage_dataset_20260624_110735\train\有害\有害_0226.jpg,有害_0226.jpg,有害_0226.jpg,558,558,RGB,69641,,success,
2026-06-24 11:07:37,有害,train,D:\Garbage Classification\Garbage_Classification_Organized\dataset\有害\有害49.jpg,D:\Garbage Classification\Garbage_Classification_Organized\garbage_dataset_20260624_110735\train\有害\有害49.jpg,有害49.jpg,有害49.jpg,165,188,RGB,7538,,success,
2026-06-24 11:07:37,有害,train,D:\Garbage Classification\Garbage_Classification_Organized\dataset\有害\有害212.jpg,D:\Garbage Classification\Garbage_Classification_Organized\garbage_dataset_20260624_110735\train\有害\有害212.jpg,有害212.jpg,有害212.jpg,1280,720,RGB,73585,,success,
2026-06-24 11:07:37,有害,train,D:\Garbage Classification\Garbage_Classification_Organized\dataset\有害\有害117.jpg,D:\Garbage Classification\Garbage_Classification_Organized\garbage_dataset_20260624_110735\train\有害\有害117.jpg,有害117.jpg,有害117.jpg,1280,720,RGB,77585,,success,
2026-06-24 11:07:37,有害,train,D:\Garbage Classification\Garbage_Classification_Organized\dataset\有害\有害_0171.jpg,D:\Garbage Classification\Garbage_Classification_Organized\garbage_dataset_20260624_110735\train\有害\有害_0171.jpg,有害_0171.jpg,有害_0171.jpg,558,558,RGB,71916,,success,
2026-06-24 11:07:37,有害,train,D:\Garbage Classification\Garbage_Classification_Organized\dataset\有害\有害_0116.jpg,D:\Garbage Classification\Garbage_Classification_Organized\garbage_dataset_20260624_110735\train\有害\有害_0116.jpg,有害_0116.jpg,有害_0116.jpg,558,558,RGB,53827,,success,
2026-06-24 11:07:37,有害,train,D:\Garbage Classification\Garbage_Classification_Organized\dataset\有害\有害8.jpg,D:\Garbage Classification\Garbage_Classification_Organized\garbage_dataset_20260624_110735\train\有害\有害8.jpg,有害8.jpg,有害8.jpg,154,204,RGB,14538,,success,
2026-06-24 11:07:37,有害,train,D:\Garbage Classification\Garbage_Classification_Organized\dataset\有害\有害138.jpg,D:\Garbage Classification\Garbage_Classification_Organized\garbage_dataset_20260624_110735\train\有害\有害138.jpg,有害138.jpg,有害138.jpg,1280,720,RGB,82293,,success,
2026-06-24 11:07:37,有害,train,D:\Garbage Classification\Garbage_Classification_Organized\dataset\有害\有害257.jpg,D:\Garbage Classification\Garbage_Classification_Organized\garbage_dataset_20260624_110735\train\有害\有害257.jpg,有害257.jpg,有害257.jpg,1280,720,RGB,71638,,success,
2026-06-24 11:07:37,有害,train,D:\Garbage Classification\Garbage_Classification_Organized\dataset\有害\有害_0222.jpg,D:\Garbage Classification\Garbage_Classification_Organized\garbage_dataset_20260624_110735\train\有害\有害_0222.jpg,有害_0222.jpg,有害_0222.jpg,558,558,RGB,68789,,success,
2026-06-24 11:07:37,有害,train,D:\Garbage Classification\Garbage_Classification_Organized\dataset\有害\有害_0184.jpg,D:\Garbage Classification\Garbage_Classification_Organized\garbage_dataset_20260624_110735\train\有害\有害_0184.jpg,有害_0184.jpg,有害_0184.jpg,558,558,RGB,66823,,success,
2026-06-24 11:07:37,有害,train,D:\Garbage Classification\Garbage_Classification_Organized\dataset\有害\有害_0343.jpg,D:\Garbage Classification\Garbage_Classification_Organized\garbage_dataset_20260624_110735\train\有害\有害_0343.jpg,有害_0343.jpg,有害_0343.jpg,558,558,RGB,52282,,success,
2026-06-24 11:07:37,有害,train,D:\Garbage Classification\Garbage_Classification_Organized\dataset\有害\有害_0140.jpg,D:\Garbage Classification\Garbage_Classification_Organized\garbage_dataset_20260624_110735\train\有害\有害_0140.jpg,有害_0140.jpg,有害_0140.jpg,558,558,RGB,52691,,success,
2026-06-24 11:07:37,有害,train,D:\Garbage Classification\Garbage_Classification_Organized\dataset\有害\有害_0275.jpg,D:\Garbage Classification\Garbage_Classification_Organized\garbage_dataset_20260624_110735\train\有害\有害_0275.jpg,有害_0275.jpg,有害_0275.jpg,558,558,RGB,53409,,success,
2026-06-24 11:07:37,有害,train,D:\Garbage Classification\Garbage_Classification_Organized\dataset\有害\有害66.jpg,D:\Garbage Classification\Garbage_Classification_Organized\garbage_dataset_20260624_110735\train\有害\有害66.jpg,有害66.jpg,有害66.jpg,2654,3415,RGB,2849383,,success,
2026-06-24 11:07:37,有害,train,D:\Garbage Classification\Garbage_Classification_Organized\dataset\有害\有害_0032.jpg,D:\Garbage Classification\Garbage_Classification_Organized\garbage_dataset_20260624_110735\train\有害\有害_0032.jpg,有害_0032.jpg,有害_0032.jpg,558,558,RGB,57659,,success,
2026-06-24 11:07:37,有害,train,D:\Garbage Classification\Garbage_Classification_Organized\dataset\有害\有害247.jpg,D:\Garbage Classification\Garbage_Classification_Organized\garbage_dataset_20260624_110735\train\有害\有害247.jpg,有害247.jpg,有害247.jpg,1280,720,RGB,72751,,success,
2026-06-24 11:07:37,有害,train,D:\Garbage Classification\Garbage_Classification_Organized\dataset\有害\有害186.jpg,D:\Garbage Classification\Garbage_Classification_Organized\garbage_dataset_20260624_110735\train\有害\有害186.jpg,有害186.jpg,有害186.jpg,1280,720,RGB,85605,,success,
2026-06-24 11:07:37,有害,train,D:\Garbage Classification\Garbage_Classification_Organized\dataset\有害\有害_0062.jpg,D:\Garbage Classification\Garbage_Classification_Organized\garbage_dataset_20260624_110735\train\有害\有害_0062.jpg,有害_0062.jpg,有害_0062.jpg,558,558,RGB,57364,,success,
2026-06-24 11:07:37,有害,train,D:\Garbage Classification\Garbage_Classification_Organized\dataset\有害\有害_0013.jpg,D:\Garbage Classification\Garbage_Classification_Organized\garbage_dataset_20260624_110735\train\有害\有害_0013.jpg,有害_0013.jpg,有害_0013.jpg,558,558,RGB,51306,,success,
2026-06-24 11:07:37,有害,train,D:\Garbage Classification\Garbage_Classification_Organized\dataset\有害\有害54.jpg,D:\Garbage Classification\Garbage_Classification_Organized\garbage_dataset_20260624_110735\train\有害\有害54.jpg,有害54.jpg,有害54.jpg,1661,1290,RGB,375205,,success,
2026-06-24 11:07:37,有害,train,D:\Garbage Classification\Garbage_Classification_Organized\dataset\有害\有害_0261.jpg,D:\Garbage Classification\Garbage_Classification_Organized\garbage_dataset_20260624_110735\train\有害\有害_0261.jpg,有害_0261.jpg,有害_0261.jpg,558,558,RGB,54864,,success,
2026-06-24 11:07:37,有害,train,D:\Garbage Classification\Garbage_Classification_Organized\dataset\有害\有害_0004.jpg,D:\Garbage Classification\Garbage_Classification_Organized\garbage_dataset_20260624_110735\train\有害\有害_0004.jpg,有害_0004.jpg,有害_0004.jpg,558,558,RGB,51515,,success,
2026-06-24 11:07:37,有害,train,D:\Garbage Classification\Garbage_Classification_Organized\dataset\有害\有害_0018.jpg,D:\Garbage Classification\Garbage_Classification_Organized\garbage_dataset_20260624_110735\train\有害\有害_0018.jpg,有害_0018.jpg,有害_0018.jpg,558,558,RGB,50081,,success,
2026-06-24 11:07:37,有害,train,D:\Garbage Classification\Garbage_Classification_Organized\dataset\有害\有害_0154.jpg,D:\Garbage Classification\Garbage_Classification_Organized\garbage_dataset_20260624_110735\train\有害\有害_0154.jpg,有害_0154.jpg,有害_0154.jpg,558,558,RGB,67910,,success,
2026-06-24 11:07:37,有害,train,D:\Garbage Classification\Garbage_Classification_Organized\dataset\有害\有害276.jpg,D:\Garbage Classification\Garbage_Classification_Organized\garbage_dataset_20260624_110735\train\有害\有害276.jpg,有害276.jpg,有害276.jpg,1280,720,RGB,78551,,success,
2026-06-24 11:07:37,有害,train,D:\Garbage Classification\Garbage_Classification_Organized\dataset\有害\有害_0129.jpg,D:\Garbage Classification\Garbage_Classification_Organized\garbage_dataset_20260624_110735\train\有害\有害_0129.jpg,有害_0129.jpg,有害_0129.jpg,558,558,RGB,52921,,success,
2026-06-24 11:07:37,有害,train,D:\Garbage Classification\Garbage_Classification_Organized\dataset\有害\有害_0026.jpg,D:\Garbage Classification\Garbage_Classification_Organized\garbage_dataset_20260624_110735\train\有害\有害_0026.jpg,有害_0026.jpg,有害_0026.jpg,558,558,RGB,59572,,success,
2026-06-24 11:07:37,有害,train,D:\Garbage Classification\Garbage_Classification_Organized\dataset\有害\有害_0037.jpg,D:\Garbage Classification\Garbage_Classification_Organized\garbage_dataset_20260624_110735\train\有害\有害_0037.jpg,有害_0037.jpg,有害_0037.jpg,558,558,RGB,62028,,success,
2026-06-24 11:07:37,有害,train,D:\Garbage Classification\Garbage_Classification_Organized\dataset\有害\有害_0305.jpg,D:\Garbage Classification\Garbage_Classification_Organized\garbage_dataset_20260624_110735\train\有害\有害_0305.jpg,有害_0305.jpg,有害_0305.jpg,558,558,RGB,52384,,success,
2026-06-24 11:07:37,有害,train,D:\Garbage Classification\Garbage_Classification_Organized\dataset\有害\有害_0181.jpg,D:\Garbage Classification\Garbage_Classification_Organized\garbage_dataset_20260624_110735\train\有害\有害_0181.jpg,有害_0181.jpg,有害_0181.jpg,558,558,RGB,68701,,success,
2026-06-24 11:07:37,有害,train,D:\Garbage Classification\Garbage_Classification_Organized\dataset\有害\有害_0198.jpg,D:\Garbage Classification\Garbage_Classification_Organized\garbage_dataset_20260624_110735\train\有害\有害_0198.jpg,有害_0198.jpg,有害_0198.jpg,558,558,RGB,69381,,success,
2026-06-24 11:07:37,有害,train,D:\Garbage Classification\Garbage_Classification_Organized\dataset\有害\有害_0347.jpg,D:\Garbage Classification\Garbage_Classification_Organized\garbage_dataset_20260624_110735\train\有害\有害_0347.jpg,有害_0347.jpg,有害_0347.jpg,558,558,RGB,51279,,success,
2026-06-24 11:07:37,有害,train,D:\Garbage Classification\Garbage_Classification_Organized\dataset\有害\有害269.jpg,D:\Garbage Classification\Garbage_Classification_Organized\garbage_dataset_20260624_110735\train\有害\有害269.jpg,有害269.jpg,有害269.jpg,1280,720,RGB,81761,,success,
2026-06-24 11:07:37,有害,train,D:\Garbage Classification\Garbage_Classification_Organized\dataset\有害\有害125.jpg,D:\Garbage Classification\Garbage_Classification_Organized\garbage_dataset_20260624_110735\train\有害\有害125.jpg,有害125.jpg,有害125.jpg,1280,720,RGB,75034,,success,
2026-06-24 11:07:37,有害,train,D:\Garbage Classification\Garbage_Classification_Organized\dataset\有害\有害116.jpg,D:\Garbage Classification\Garbage_Classification_Organized\garbage_dataset_20260624_110735\train\有害\有害116.jpg,有害116.jpg,有害116.jpg,1280,720,RGB,78003,,success,
2026-06-24 11:07:37,有害,train,D:\Garbage Classification\Garbage_Classification_Organized\dataset\有害\有害55.jpg,D:\Garbage Classification\Garbage_Classification_Organized\garbage_dataset_20260624_110735\train\有害\有害55.jpg,有害55.jpg,有害55.jpg,992,1834,RGB,570493,,success,
2026-06-24 11:07:38,有害,train,D:\Garbage Classification\Garbage_Classification_Organized\dataset\有害\有害6.jpg,D:\Garbage Classification\Garbage_Classification_Organized\garbage_dataset_20260624_110735\train\有害\有害6.jpg,有害6.jpg,有害6.jpg,172,206,RGB,16013,,success,
2026-06-24 11:07:38,有害,train,D:\Garbage Classification\Garbage_Classification_Organized\dataset\有害\有害_0208.jpg,D:\Garbage Classification\Garbage_Classification_Organized\garbage_dataset_20260624_110735\train\有害\有害_0208.jpg,有害_0208.jpg,有害_0208.jpg,558,558,RGB,67327,,success,
2026-06-24 11:07:38,有害,train,D:\Garbage Classification\Garbage_Classification_Organized\dataset\有害\有害132.jpg,D:\Garbage Classification\Garbage_Classification_Organized\garbage_dataset_20260624_110735\train\有害\有害132.jpg,有害132.jpg,有害132.jpg,1280,720,RGB,87392,,success,
2026-06-24 11:07:38,有害,train,D:\Garbage Classification\Garbage_Classification_Organized\dataset\有害\有害80.jpg,D:\Garbage Classification\Garbage_Classification_Organized\garbage_dataset_20260624_110735\train\有害\有害80.jpg,有害80.jpg,有害80.jpg,1280,720,RGB,89019,,success,
2026-06-24 11:07:38,有害,train,D:\Garbage Classification\Garbage_Classification_Organized\dataset\有害\有害261.jpg,D:\Garbage Classification\Garbage_Classification_Organized\garbage_dataset_20260624_110735\train\有害\有害261.jpg,有害261.jpg,有害261.jpg,1280,720,RGB,76077,,success,
2026-06-24 11:07:38,有害,train,D:\Garbage Classification\Garbage_Classification_Organized\dataset\有害\有害124.jpg,D:\Garbage Classification\Garbage_Classification_Organized\garbage_dataset_20260624_110735\train\有害\有害124.jpg,有害124.jpg,有害124.jpg,1280,720,RGB,78090,,success,
2026-06-24 11:07:38,有害,train,D:\Garbage Classification\Garbage_Classification_Organized\dataset\有害\有害_0023.jpg,D:\Garbage Classification\Garbage_Classification_Organized\garbage_dataset_20260624_110735\train\有害\有害_0023.jpg,有害_0023.jpg,有害_0023.jpg,558,558,RGB,49480,,success,
2026-06-24 11:07:38,有害,val,D:\Garbage Classification\Garbage_Classification_Organized\dataset\有害\有害_0294.jpg,D:\Garbage Classification\Garbage_Classification_Organized\garbage_dataset_20260624_110735\val\有害\有害_0294.jpg,有害_0294.jpg,有害_0294.jpg,558,558,RGB,52927,,success,
2026-06-24 11:07:38,有害,val,D:\Garbage Classification\Garbage_Classification_Organized\dataset\有害\有害239.jpg,D:\Garbage Classification\Garbage_Classification_Organized\garbage_dataset_20260624_110735\val\有害\有害239.jpg,有害239.jpg,有害239.jpg,1280,720,RGB,74260,,success,
2026-06-24 11:07:38,有害,val,D:\Garbage Classification\Garbage_Classification_Organized\dataset\有害\有害_0049.jpg,D:\Garbage Classification\Garbage_Classification_Organized\garbage_dataset_20260624_110735\val\有害\有害_0049.jpg,有害_0049.jpg,有害_0049.jpg,558,558,RGB,55556,,success,
2026-06-24 11:07:38,有害,val,D:\Garbage Classification\Garbage_Classification_Organized\dataset\有害\有害50.jpg,D:\Garbage Classification\Garbage_Classification_Organized\garbage_dataset_20260624_110735\val\有害\有害50.jpg,有害50.jpg,有害50.jpg,192,172,RGB,8543,,success,
2026-06-24 11:07:38,有害,val,D:\Garbage Classification\Garbage_Classification_Organized\dataset\有害\有害63.jpg,D:\Garbage Classification\Garbage_Classification_Organized\garbage_dataset_20260624_110735\val\有害\有害63.jpg,有害63.jpg,有害63.jpg,1435,2165,RGB,945310,,success,
2026-06-24 11:07:38,有害,val,D:\Garbage Classification\Garbage_Classification_Organized\dataset\有害\有害13.jpg,D:\Garbage Classification\Garbage_Classification_Organized\garbage_dataset_20260624_110735\val\有害\有害13.jpg,有害13.jpg,有害13.jpg,168,185,RGB,14278,,success,
2026-06-24 11:07:38,有害,val,D:\Garbage Classification\Garbage_Classification_Organized\dataset\有害\有害_0303.jpg,D:\Garbage Classification\Garbage_Classification_Organized\garbage_dataset_20260624_110735\val\有害\有害_0303.jpg,有害_0303.jpg,有害_0303.jpg,558,558,RGB,53253,,success,
2026-06-24 11:07:38,有害,val,D:\Garbage Classification\Garbage_Classification_Organized\dataset\有害\有害169.jpg,D:\Garbage Classification\Garbage_Classification_Organized\garbage_dataset_20260624_110735\val\有害\有害169.jpg,有害169.jpg,有害169.jpg,1280,720,RGB,79071,,success,
2026-06-24 11:07:38,有害,val,D:\Garbage Classification\Garbage_Classification_Organized\dataset\有害\有害_0327.jpg,D:\Garbage Classification\Garbage_Classification_Organized\garbage_dataset_20260624_110735\val\有害\有害_0327.jpg,有害_0327.jpg,有害_0327.jpg,558,558,RGB,52384,,success,
2026-06-24 11:07:38,有害,val,D:\Garbage Classification\Garbage_Classification_Organized\dataset\有害\有害_0183.jpg,D:\Garbage Classification\Garbage_Classification_Organized\garbage_dataset_20260624_110735\val\有害\有害_0183.jpg,有害_0183.jpg,有害_0183.jpg,558,558,RGB,66669,,success,
2026-06-24 11:07:38,有害,val,D:\Garbage Classification\Garbage_Classification_Organized\dataset\有害\有害248.jpg,D:\Garbage Classification\Garbage_Classification_Organized\garbage_dataset_20260624_110735\val\有害\有害248.jpg,有害248.jpg,有害248.jpg,1280,720,RGB,73448,,success,
2026-06-24 11:07:38,有害,val,D:\Garbage Classification\Garbage_Classification_Organized\dataset\有害\有害_0332.jpg,D:\Garbage Classification\Garbage_Classification_Organized\garbage_dataset_20260624_110735\val\有害\有害_0332.jpg,有害_0332.jpg,有害_0332.jpg,558,558,RGB,51533,,success,
2026-06-24 11:07:38,有害,val,D:\Garbage Classification\Garbage_Classification_Organized\dataset\有害\有害_0052.jpg,D:\Garbage Classification\Garbage_Classification_Organized\garbage_dataset_20260624_110735\val\有害\有害_0052.jpg,有害_0052.jpg,有害_0052.jpg,558,558,RGB,55939,,success,
2026-06-24 11:07:38,有害,val,D:\Garbage Classification\Garbage_Classification_Organized\dataset\有害\有害_0057.jpg,D:\Garbage Classification\Garbage_Classification_Organized\garbage_dataset_20260624_110735\val\有害\有害_0057.jpg,有害_0057.jpg,有害_0057.jpg,558,558,RGB,57007,,success,
2026-06-24 11:07:38,有害,val,D:\Garbage Classification\Garbage_Classification_Organized\dataset\有害\有害_0010.jpg,D:\Garbage Classification\Garbage_Classification_Organized\garbage_dataset_20260624_110735\val\有害\有害_0010.jpg,有害_0010.jpg,有害_0010.jpg,558,558,RGB,50151,,success,
2026-06-24 11:07:38,有害,val,D:\Garbage Classification\Garbage_Classification_Organized\dataset\有害\有害_0082.jpg,D:\Garbage Classification\Garbage_Classification_Organized\garbage_dataset_20260624_110735\val\有害\有害_0082.jpg,有害_0082.jpg,有害_0082.jpg,558,558,RGB,55836,,success,
2026-06-24 11:07:38,有害,val,D:\Garbage Classification\Garbage_Classification_Organized\dataset\有害\有害53.jpg,D:\Garbage Classification\Garbage_Classification_Organized\garbage_dataset_20260624_110735\val\有害\有害53.jpg,有害53.jpg,有害53.jpg,1141,1868,RGB,418668,,success,
2026-06-24 11:07:38,有害,val,D:\Garbage Classification\Garbage_Classification_Organized\dataset\有害\有害_0291.jpg,D:\Garbage Classification\Garbage_Classification_Organized\garbage_dataset_20260624_110735\val\有害\有害_0291.jpg,有害_0291.jpg,有害_0291.jpg,558,558,RGB,52729,,success,
2026-06-24 11:07:38,有害,val,D:\Garbage Classification\Garbage_Classification_Organized\dataset\有害\有害_0227.jpg,D:\Garbage Classification\Garbage_Classification_Organized\garbage_dataset_20260624_110735\val\有害\有害_0227.jpg,有害_0227.jpg,有害_0227.jpg,558,558,RGB,70861,,success,
2026-06-24 11:07:38,有害,val,D:\Garbage Classification\Garbage_Classification_Organized\dataset\有害\有害_0009.jpg,D:\Garbage Classification\Garbage_Classification_Organized\garbage_dataset_20260624_110735\val\有害\有害_0009.jpg,有害_0009.jpg,有害_0009.jpg,558,558,RGB,49873,,success,
2026-06-24 11:07:38,有害,val,D:\Garbage Classification\Garbage_Classification_Organized\dataset\有害\有害_0120.jpg,D:\Garbage Classification\Garbage_Classification_Organized\garbage_dataset_20260624_110735\val\有害\有害_0120.jpg,有害_0120.jpg,有害_0120.jpg,558,558,RGB,54104,,success,
2026-06-24 11:07:38,有害,val,D:\Garbage Classification\Garbage_Classification_Organized\dataset\有害\有害60.jpg,D:\Garbage Classification\Garbage_Classification_Organized\garbage_dataset_20260624_110735\val\有害\有害60.jpg,有害60.jpg,有害60.jpg,1886,2402,RGB,1700940,,success,
2026-06-24 11:07:38,有害,val,D:\Garbage Classification\Garbage_Classification_Organized\dataset\有害\有害74.jpg,D:\Garbage Classification\Garbage_Classification_Organized\garbage_dataset_20260624_110735\val\有害\有害74.jpg,有害74.jpg,有害74.jpg,1280,720,RGB,83715,,success,
2026-06-24 11:07:38,有害,val,D:\Garbage Classification\Garbage_Classification_Organized\dataset\有害\有害_0046.jpg,D:\Garbage Classification\Garbage_Classification_Organized\garbage_dataset_20260624_110735\val\有害\有害_0046.jpg,有害_0046.jpg,有害_0046.jpg,558,558,RGB,54654,,success,
2026-06-24 11:07:38,有害,val,D:\Garbage Classification\Garbage_Classification_Organized\dataset\有害\有害_0132.jpg,D:\Garbage Classification\Garbage_Classification_Organized\garbage_dataset_20260624_110735\val\有害\有害_0132.jpg,有害_0132.jpg,有害_0132.jpg,558,558,RGB,52944,,success,
2026-06-24 11:07:38,有害,val,D:\Garbage Classification\Garbage_Classification_Organized\dataset\有害\有害180.jpg,D:\Garbage Classification\Garbage_Classification_Organized\garbage_dataset_20260624_110735\val\有害\有害180.jpg,有害180.jpg,有害180.jpg,1280,720,RGB,93796,,success,
2026-06-24 11:07:38,有害,val,D:\Garbage Classification\Garbage_Classification_Organized\dataset\有害\有害133.jpg,D:\Garbage Classification\Garbage_Classification_Organized\garbage_dataset_20260624_110735\val\有害\有害133.jpg,有害133.jpg,有害133.jpg,1280,720,RGB,77173,,success,
2026-06-24 11:07:38,有害,val,D:\Garbage Classification\Garbage_Classification_Organized\dataset\有害\有害_0290.jpg,D:\Garbage Classification\Garbage_Classification_Organized\garbage_dataset_20260624_110735\val\有害\有害_0290.jpg,有害_0290.jpg,有害_0290.jpg,558,558,RGB,54518,,success,
2026-06-24 11:07:38,有害,val,D:\Garbage Classification\Garbage_Classification_Organized\dataset\有害\有害_0123.jpg,D:\Garbage Classification\Garbage_Classification_Organized\garbage_dataset_20260624_110735\val\有害\有害_0123.jpg,有害_0123.jpg,有害_0123.jpg,558,558,RGB,55546,,success,
2026-06-24 11:07:38,有害,val,D:\Garbage Classification\Garbage_Classification_Organized\dataset\有害\有害_0124.jpg,D:\Garbage Classification\Garbage_Classification_Organized\garbage_dataset_20260624_110735\val\有害\有害_0124.jpg,有害_0124.jpg,有害_0124.jpg,558,558,RGB,53458,,success,
2026-06-24 11:07:38,有害,val,D:\Garbage Classification\Garbage_Classification_Organized\dataset\有害\有害17.jpg,D:\Garbage Classification\Garbage_Classification_Organized\garbage_dataset_20260624_110735\val\有害\有害17.jpg,有害17.jpg,有害17.jpg,99,128,RGB,6611,,success,
2026-06-24 11:07:38,有害,val,D:\Garbage Classification\Garbage_Classification_Organized\dataset\有害\有害_0296.jpg,D:\Garbage Classification\Garbage_Classification_Organized\garbage_dataset_20260624_110735\val\有害\有害_0296.jpg,有害_0296.jpg,有害_0296.jpg,558,558,RGB,53621,,success,
2026-06-24 11:07:38,有害,val,D:\Garbage Classification\Garbage_Classification_Organized\dataset\有害\有害179.jpg,D:\Garbage Classification\Garbage_Classification_Organized\garbage_dataset_20260624_110735\val\有害\有害179.jpg,有害179.jpg,有害179.jpg,1280,720,RGB,91697,,success,
2026-06-24 11:07:38,有害,val,D:\Garbage Classification\Garbage_Classification_Organized\dataset\有害\有害190.jpg,D:\Garbage Classification\Garbage_Classification_Organized\garbage_dataset_20260624_110735\val\有害\有害190.jpg,有害190.jpg,有害190.jpg,1280,720,RGB,92624,,success,
2026-06-24 11:07:38,有害,val,D:\Garbage Classification\Garbage_Classification_Organized\dataset\有害\有害217.jpg,D:\Garbage Classification\Garbage_Classification_Organized\garbage_dataset_20260624_110735\val\有害\有害217.jpg,有害217.jpg,有害217.jpg,1280,720,RGB,74691,,success,
2026-06-24 11:07:38,有害,val,D:\Garbage Classification\Garbage_Classification_Organized\dataset\有害\有害166.jpg,D:\Garbage Classification\Garbage_Classification_Organized\garbage_dataset_20260624_110735\val\有害\有害166.jpg,有害166.jpg,有害166.jpg,1280,720,RGB,78883,,success,
2026-06-24 11:07:38,有害,val,D:\Garbage Classification\Garbage_Classification_Organized\dataset\有害\有害146.jpg,D:\Garbage Classification\Garbage_Classification_Organized\garbage_dataset_20260624_110735\val\有害\有害146.jpg,有害146.jpg,有害146.jpg,1280,720,RGB,77560,,success,
2026-06-24 11:07:38,有害,val,D:\Garbage Classification\Garbage_Classification_Organized\dataset\有害\有害207.jpg,D:\Garbage Classification\Garbage_Classification_Organized\garbage_dataset_20260624_110735\val\有害\有害207.jpg,有害207.jpg,有害207.jpg,1280,720,RGB,71645,,success,
2026-06-24 11:07:38,有害,val,D:\Garbage Classification\Garbage_Classification_Organized\dataset\有害\有害167.jpg,D:\Garbage Classification\Garbage_Classification_Organized\garbage_dataset_20260624_110735\val\有害\有害167.jpg,有害167.jpg,有害167.jpg,1280,720,RGB,84442,,success,
2026-06-24 11:07:38,有害,val,D:\Garbage Classification\Garbage_Classification_Organized\dataset\有害\有害_0158.jpg,D:\Garbage Classification\Garbage_Classification_Organized\garbage_dataset_20260624_110735\val\有害\有害_0158.jpg,有害_0158.jpg,有害_0158.jpg,558,558,RGB,66289,,success,
2026-06-24 11:07:38,有害,val,D:\Garbage Classification\Garbage_Classification_Organized\dataset\有害\有害_0058.jpg,D:\Garbage Classification\Garbage_Classification_Organized\garbage_dataset_20260624_110735\val\有害\有害_0058.jpg,有害_0058.jpg,有害_0058.jpg,558,558,RGB,52995,,success,
2026-06-24 11:07:38,有害,val,D:\Garbage Classification\Garbage_Classification_Organized\dataset\有害\有害_0161.jpg,D:\Garbage Classification\Garbage_Classification_Organized\garbage_dataset_20260624_110735\val\有害\有害_0161.jpg,有害_0161.jpg,有害_0161.jpg,558,558,RGB,71529,,success,
2026-06-24 11:07:38,有害,val,D:\Garbage Classification\Garbage_Classification_Organized\dataset\有害\有害_0106.jpg,D:\Garbage Classification\Garbage_Classification_Organized\garbage_dataset_20260624_110735\val\有害\有害_0106.jpg,有害_0106.jpg,有害_0106.jpg,558,558,RGB,53941,,success,
2026-06-24 11:07:38,有害,val,D:\Garbage Classification\Garbage_Classification_Organized\dataset\有害\有害260.jpg,D:\Garbage Classification\Garbage_Classification_Organized\garbage_dataset_20260624_110735\val\有害\有害260.jpg,有害260.jpg,有害260.jpg,1280,720,RGB,70229,,success,
2026-06-24 11:07:38,有害,val,D:\Garbage Classification\Garbage_Classification_Organized\dataset\有害\有害26.jpg,D:\Garbage Classification\Garbage_Classification_Organized\garbage_dataset_20260624_110735\val\有害\有害26.jpg,有害26.jpg,有害26.jpg,158,135,RGB,9139,,success,
2026-06-24 11:07:38,有害,val,D:\Garbage Classification\Garbage_Classification_Organized\dataset\有害\有害_0134.jpg,D:\Garbage Classification\Garbage_Classification_Organized\garbage_dataset_20260624_110735\val\有害\有害_0134.jpg,有害_0134.jpg,有害_0134.jpg,558,558,RGB,53612,,success,
2026-06-24 11:07:38,有害,val,D:\Garbage Classification\Garbage_Classification_Organized\dataset\有害\有害189.jpg,D:\Garbage Classification\Garbage_Classification_Organized\garbage_dataset_20260624_110735\val\有害\有害189.jpg,有害189.jpg,有害189.jpg,1280,720,RGB,91644,,success,
2026-06-24 11:07:38,有害,val,D:\Garbage Classification\Garbage_Classification_Organized\dataset\有害\有害_0196.jpg,D:\Garbage Classification\Garbage_Classification_Organized\garbage_dataset_20260624_110735\val\有害\有害_0196.jpg,有害_0196.jpg,有害_0196.jpg,558,558,RGB,65685,,success,
2026-06-24 11:07:38,有害,val,D:\Garbage Classification\Garbage_Classification_Organized\dataset\有害\有害91.jpg,D:\Garbage Classification\Garbage_Classification_Organized\garbage_dataset_20260624_110735\val\有害\有害91.jpg,有害91.jpg,有害91.jpg,1280,720,RGB,83903,,success,
2026-06-24 11:07:38,有害,val,D:\Garbage Classification\Garbage_Classification_Organized\dataset\有害\有害_0238.jpg,D:\Garbage Classification\Garbage_Classification_Organized\garbage_dataset_20260624_110735\val\有害\有害_0238.jpg,有害_0238.jpg,有害_0238.jpg,558,558,RGB,55984,,success,
2026-06-24 11:07:38,有害,val,D:\Garbage Classification\Garbage_Classification_Organized\dataset\有害\有害_0051.jpg,D:\Garbage Classification\Garbage_Classification_Organized\garbage_dataset_20260624_110735\val\有害\有害_0051.jpg,有害_0051.jpg,有害_0051.jpg,558,558,RGB,54153,,success,
2026-06-24 11:07:38,有害,val,D:\Garbage Classification\Garbage_Classification_Organized\dataset\有害\有害_0293.jpg,D:\Garbage Classification\Garbage_Classification_Organized\garbage_dataset_20260624_110735\val\有害\有害_0293.jpg,有害_0293.jpg,有害_0293.jpg,558,558,RGB,53196,,success,
2026-06-24 11:07:38,有害,val,D:\Garbage Classification\Garbage_Classification_Organized\dataset\有害\有害_0255.jpg,D:\Garbage Classification\Garbage_Classification_Organized\garbage_dataset_20260624_110735\val\有害\有害_0255.jpg,有害_0255.jpg,有害_0255.jpg,558,558,RGB,58234,,success,
2026-06-24 11:07:38,有害,val,D:\Garbage Classification\Garbage_Classification_Organized\dataset\有害\有害_0330.jpg,D:\Garbage Classification\Garbage_Classification_Organized\garbage_dataset_20260624_110735\val\有害\有害_0330.jpg,有害_0330.jpg,有害_0330.jpg,558,558,RGB,51142,,success,
2026-06-24 11:07:38,有害,val,D:\Garbage Classification\Garbage_Classification_Organized\dataset\有害\有害_0135.jpg,D:\Garbage Classification\Garbage_Classification_Organized\garbage_dataset_20260624_110735\val\有害\有害_0135.jpg,有害_0135.jpg,有害_0135.jpg,558,558,RGB,52417,,success,
2026-06-24 11:07:38,有害,val,D:\Garbage Classification\Garbage_Classification_Organized\dataset\有害\有害252.jpg,D:\Garbage Classification\Garbage_Classification_Organized\garbage_dataset_20260624_110735\val\有害\有害252.jpg,有害252.jpg,有害252.jpg,1280,720,RGB,73992,,success,
2026-06-24 11:07:38,有害,val,D:\Garbage Classification\Garbage_Classification_Organized\dataset\有害\有害_0310.jpg,D:\Garbage Classification\Garbage_Classification_Organized\garbage_dataset_20260624_110735\val\有害\有害_0310.jpg,有害_0310.jpg,有害_0310.jpg,558,558,RGB,53124,,success,
2026-06-24 11:07:38,有害,val,D:\Garbage Classification\Garbage_Classification_Organized\dataset\有害\有害255.jpg,D:\Garbage Classification\Garbage_Classification_Organized\garbage_dataset_20260624_110735\val\有害\有害255.jpg,有害255.jpg,有害255.jpg,1280,720,RGB,71412,,success,
2026-06-24 11:07:38,有害,val,D:\Garbage Classification\Garbage_Classification_Organized\dataset\有害\有害_0115.jpg,D:\Garbage Classification\Garbage_Classification_Organized\garbage_dataset_20260624_110735\val\有害\有害_0115.jpg,有害_0115.jpg,有害_0115.jpg,558,558,RGB,54733,,success,
2026-06-24 11:07:38,有害,val,D:\Garbage Classification\Garbage_Classification_Organized\dataset\有害\有害241.jpg,D:\Garbage Classification\Garbage_Classification_Organized\garbage_dataset_20260624_110735\val\有害\有害241.jpg,有害241.jpg,有害241.jpg,1280,720,RGB,76581,,success,
2026-06-24 11:07:38,有害,val,D:\Garbage Classification\Garbage_Classification_Organized\dataset\有害\有害_0193.jpg,D:\Garbage Classification\Garbage_Classification_Organized\garbage_dataset_20260624_110735\val\有害\有害_0193.jpg,有害_0193.jpg,有害_0193.jpg,558,558,RGB,69040,,success,
2026-06-24 11:07:38,有害,val,D:\Garbage Classification\Garbage_Classification_Organized\dataset\有害\有害29.jpg,D:\Garbage Classification\Garbage_Classification_Organized\garbage_dataset_20260624_110735\val\有害\有害29.jpg,有害29.jpg,有害29.jpg,254,236,RGB,17541,,success,
2026-06-24 11:07:38,有害,val,D:\Garbage Classification\Garbage_Classification_Organized\dataset\有害\有害135.jpg,D:\Garbage Classification\Garbage_Classification_Organized\garbage_dataset_20260624_110735\val\有害\有害135.jpg,有害135.jpg,有害135.jpg,1280,720,RGB,78013,,success,
2026-06-24 11:07:38,有害,val,D:\Garbage Classification\Garbage_Classification_Organized\dataset\有害\有害89.jpg,D:\Garbage Classification\Garbage_Classification_Organized\garbage_dataset_20260624_110735\val\有害\有害89.jpg,有害89.jpg,有害89.jpg,1280,720,RGB,84699,,success,
2026-06-24 11:07:38,有害,val,D:\Garbage Classification\Garbage_Classification_Organized\dataset\有害\有害31.jpg,D:\Garbage Classification\Garbage_Classification_Organized\garbage_dataset_20260624_110735\val\有害\有害31.jpg,有害31.jpg,有害31.jpg,240,246,RGB,18199,,success,
2026-06-24 11:07:38,有害,val,D:\Garbage Classification\Garbage_Classification_Organized\dataset\有害\有害_0022.jpg,D:\Garbage Classification\Garbage_Classification_Organized\garbage_dataset_20260624_110735\val\有害\有害_0022.jpg,有害_0022.jpg,有害_0022.jpg,558,558,RGB,49480,,success,
2026-06-24 11:07:38,有害,val,D:\Garbage Classification\Garbage_Classification_Organized\dataset\有害\有害_0223.jpg,D:\Garbage Classification\Garbage_Classification_Organized\garbage_dataset_20260624_110735\val\有害\有害_0223.jpg,有害_0223.jpg,有害_0223.jpg,558,558,RGB,72470,,success,
2026-06-24 11:07:38,有害,val,D:\Garbage Classification\Garbage_Classification_Organized\dataset\有害\有害210.jpg,D:\Garbage Classification\Garbage_Classification_Organized\garbage_dataset_20260624_110735\val\有害\有害210.jpg,有害210.jpg,有害210.jpg,1280,720,RGB,72765,,success,
2026-06-24 11:07:38,有害,val,D:\Garbage Classification\Garbage_Classification_Organized\dataset\有害\有害148.jpg,D:\Garbage Classification\Garbage_Classification_Organized\garbage_dataset_20260624_110735\val\有害\有害148.jpg,有害148.jpg,有害148.jpg,1280,720,RGB,72840,,success,
2026-06-24 11:07:38,有害,val,D:\Garbage Classification\Garbage_Classification_Organized\dataset\有害\有害_0176.jpg,D:\Garbage Classification\Garbage_Classification_Organized\garbage_dataset_20260624_110735\val\有害\有害_0176.jpg,有害_0176.jpg,有害_0176.jpg,558,558,RGB,69572,,success,
2026-06-24 11:07:38,有害,val,D:\Garbage Classification\Garbage_Classification_Organized\dataset\有害\有害_0260.jpg,D:\Garbage Classification\Garbage_Classification_Organized\garbage_dataset_20260624_110735\val\有害\有害_0260.jpg,有害_0260.jpg,有害_0260.jpg,558,558,RGB,55092,,success,
2026-06-24 11:07:38,有害,val,D:\Garbage Classification\Garbage_Classification_Organized\dataset\有害\有害14.jpg,D:\Garbage Classification\Garbage_Classification_Organized\garbage_dataset_20260624_110735\val\有害\有害14.jpg,有害14.jpg,有害14.jpg,246,161,RGB,11231,,success,
2026-06-24 11:07:38,有害,val,D:\Garbage Classification\Garbage_Classification_Organized\dataset\有害\有害_0348.jpg,D:\Garbage Classification\Garbage_Classification_Organized\garbage_dataset_20260624_110735\val\有害\有害_0348.jpg,有害_0348.jpg,有害_0348.jpg,558,558,RGB,50926,,success,
2026-06-24 11:07:38,有害,val,D:\Garbage Classification\Garbage_Classification_Organized\dataset\有害\有害_0312.jpg,D:\Garbage Classification\Garbage_Classification_Organized\garbage_dataset_20260624_110735\val\有害\有害_0312.jpg,有害_0312.jpg,有害_0312.jpg,558,558,RGB,52060,,success,
2026-06-24 11:07:38,有害,val,D:\Garbage Classification\Garbage_Classification_Organized\dataset\有害\有害_0168.jpg,D:\Garbage Classification\Garbage_Classification_Organized\garbage_dataset_20260624_110735\val\有害\有害_0168.jpg,有害_0168.jpg,有害_0168.jpg,558,558,RGB,72475,,success,
2026-06-24 11:07:38,有害,val,D:\Garbage Classification\Garbage_Classification_Organized\dataset\有害\有害_0257.jpg,D:\Garbage Classification\Garbage_Classification_Organized\garbage_dataset_20260624_110735\val\有害\有害_0257.jpg,有害_0257.jpg,有害_0257.jpg,558,558,RGB,55663,,success,
2026-06-24 11:07:38,有害,val,D:\Garbage Classification\Garbage_Classification_Organized\dataset\有害\有害_0040.jpg,D:\Garbage Classification\Garbage_Classification_Organized\garbage_dataset_20260624_110735\val\有害\有害_0040.jpg,有害_0040.jpg,有害_0040.jpg,558,558,RGB,60927,,success,
2026-06-24 11:07:38,有害,val,D:\Garbage Classification\Garbage_Classification_Organized\dataset\有害\有害_0346.jpg,D:\Garbage Classification\Garbage_Classification_Organized\garbage_dataset_20260624_110735\val\有害\有害_0346.jpg,有害_0346.jpg,有害_0346.jpg,558,558,RGB,51138,,success,
2026-06-24 11:07:38,有害,val,D:\Garbage Classification\Garbage_Classification_Organized\dataset\有害\有害178.jpg,D:\Garbage Classification\Garbage_Classification_Organized\garbage_dataset_20260624_110735\val\有害\有害178.jpg,有害178.jpg,有害178.jpg,1280,720,RGB,81136,,success,
2026-06-24 11:07:38,有害,val,D:\Garbage Classification\Garbage_Classification_Organized\dataset\有害\有害249.jpg,D:\Garbage Classification\Garbage_Classification_Organized\garbage_dataset_20260624_110735\val\有害\有害249.jpg,有害249.jpg,有害249.jpg,1280,720,RGB,71346,,success,
2026-06-24 11:07:38,有害,val,D:\Garbage Classification\Garbage_Classification_Organized\dataset\有害\有害108.jpg,D:\Garbage Classification\Garbage_Classification_Organized\garbage_dataset_20260624_110735\val\有害\有害108.jpg,有害108.jpg,有害108.jpg,1280,720,RGB,84841,,success,
2026-06-24 11:07:38,有害,val,D:\Garbage Classification\Garbage_Classification_Organized\dataset\有害\有害_0244.jpg,D:\Garbage Classification\Garbage_Classification_Organized\garbage_dataset_20260624_110735\val\有害\有害_0244.jpg,有害_0244.jpg,有害_0244.jpg,558,558,RGB,70360,,success,
2026-06-24 11:07:38,有害,val,D:\Garbage Classification\Garbage_Classification_Organized\dataset\有害\有害151.jpg,D:\Garbage Classification\Garbage_Classification_Organized\garbage_dataset_20260624_110735\val\有害\有害151.jpg,有害151.jpg,有害151.jpg,1280,720,RGB,78934,,success,
2026-06-24 11:07:38,有害,val,D:\Garbage Classification\Garbage_Classification_Organized\dataset\有害\有害232.jpg,D:\Garbage Classification\Garbage_Classification_Organized\garbage_dataset_20260624_110735\val\有害\有害232.jpg,有害232.jpg,有害232.jpg,1280,720,RGB,77379,,success,
2026-06-24 11:07:38,有害,val,D:\Garbage Classification\Garbage_Classification_Organized\dataset\有害\有害39.jpg,D:\Garbage Classification\Garbage_Classification_Organized\garbage_dataset_20260624_110735\val\有害\有害39.jpg,有害39.jpg,有害39.jpg,180,112,RGB,6388,,success,
2026-06-24 11:07:38,有害,test,D:\Garbage Classification\Garbage_Classification_Organized\dataset\有害\有害_0054.jpg,D:\Garbage Classification\Garbage_Classification_Organized\garbage_dataset_20260624_110735\test\有害\有害_0054.jpg,有害_0054.jpg,有害_0054.jpg,558,558,RGB,57030,,success,
2026-06-24 11:07:38,有害,test,D:\Garbage Classification\Garbage_Classification_Organized\dataset\有害\有害_0097.jpg,D:\Garbage Classification\Garbage_Classification_Organized\garbage_dataset_20260624_110735\test\有害\有害_0097.jpg,有害_0097.jpg,有害_0097.jpg,558,558,RGB,52901,,success,
2026-06-24 11:07:38,有害,test,D:\Garbage Classification\Garbage_Classification_Organized\dataset\有害\有害33.jpg,D:\Garbage Classification\Garbage_Classification_Organized\garbage_dataset_20260624_110735\test\有害\有害33.jpg,有害33.jpg,有害33.jpg,189,163,RGB,7816,,success,
2026-06-24 11:07:38,有害,test,D:\Garbage Classification\Garbage_Classification_Organized\dataset\有害\有害_0014.jpg,D:\Garbage Classification\Garbage_Classification_Organized\garbage_dataset_20260624_110735\test\有害\有害_0014.jpg,有害_0014.jpg,有害_0014.jpg,558,558,RGB,51932,,success,
2026-06-24 11:07:38,有害,test,D:\Garbage Classification\Garbage_Classification_Organized\dataset\有害\有害44.jpg,D:\Garbage Classification\Garbage_Classification_Organized\garbage_dataset_20260624_110735\test\有害\有害44.jpg,有害44.jpg,有害44.jpg,103,134,RGB,4912,,success,
2026-06-24 11:07:38,有害,test,D:\Garbage Classification\Garbage_Classification_Organized\dataset\有害\有害_0015.jpg,D:\Garbage Classification\Garbage_Classification_Organized\garbage_dataset_20260624_110735\test\有害\有害_0015.jpg,有害_0015.jpg,有害_0015.jpg,558,558,RGB,50519,,success,
2026-06-24 11:07:38,有害,test,D:\Garbage Classification\Garbage_Classification_Organized\dataset\有害\有害243.jpg,D:\Garbage Classification\Garbage_Classification_Organized\garbage_dataset_20260624_110735\test\有害\有害243.jpg,有害243.jpg,有害243.jpg,1280,720,RGB,72616,,success,
2026-06-24 11:07:38,有害,test,D:\Garbage Classification\Garbage_Classification_Organized\dataset\有害\有害_0264.jpg,D:\Garbage Classification\Garbage_Classification_Organized\garbage_dataset_20260624_110735\test\有害\有害_0264.jpg,有害_0264.jpg,有害_0264.jpg,558,558,RGB,53931,,success,
2026-06-24 11:07:38,有害,test,D:\Garbage Classification\Garbage_Classification_Organized\dataset\有害\有害134.jpg,D:\Garbage Classification\Garbage_Classification_Organized\garbage_dataset_20260624_110735\test\有害\有害134.jpg,有害134.jpg,有害134.jpg,1280,720,RGB,79937,,success,
2026-06-24 11:07:38,有害,test,D:\Garbage Classification\Garbage_Classification_Organized\dataset\有害\有害_0228.jpg,D:\Garbage Classification\Garbage_Classification_Organized\garbage_dataset_20260624_110735\test\有害\有害_0228.jpg,有害_0228.jpg,有害_0228.jpg,558,558,RGB,70421,,success,
2026-06-24 11:07:38,有害,test,D:\Garbage Classification\Garbage_Classification_Organized\dataset\有害\有害59.jpg,D:\Garbage Classification\Garbage_Classification_Organized\garbage_dataset_20260624_110735\test\有害\有害59.jpg,有害59.jpg,有害59.jpg,2186,2760,RGB,2160291,,success,
2026-06-24 11:07:38,有害,test,D:\Garbage Classification\Garbage_Classification_Organized\dataset\有害\有害107.jpg,D:\Garbage Classification\Garbage_Classification_Organized\garbage_dataset_20260624_110735\test\有害\有害107.jpg,有害107.jpg,有害107.jpg,1280,720,RGB,85578,,success,
2026-06-24 11:07:38,有害,test,D:\Garbage Classification\Garbage_Classification_Organized\dataset\有害\有害48.jpg,D:\Garbage Classification\Garbage_Classification_Organized\garbage_dataset_20260624_110735\test\有害\有害48.jpg,有害48.jpg,有害48.jpg,162,184,RGB,7607,,success,
2026-06-24 11:07:38,有害,test,D:\Garbage Classification\Garbage_Classification_Organized\dataset\有害\有害118.jpg,D:\Garbage Classification\Garbage_Classification_Organized\garbage_dataset_20260624_110735\test\有害\有害118.jpg,有害118.jpg,有害118.jpg,1280,720,RGB,81908,,success,
2026-06-24 11:07:38,有害,test,D:\Garbage Classification\Garbage_Classification_Organized\dataset\有害\有害_0113.jpg,D:\Garbage Classification\Garbage_Classification_Organized\garbage_dataset_20260624_110735\test\有害\有害_0113.jpg,有害_0113.jpg,有害_0113.jpg,558,558,RGB,51787,,success,
2026-06-24 11:07:38,有害,test,D:\Garbage Classification\Garbage_Classification_Organized\dataset\有害\有害_0189.jpg,D:\Garbage Classification\Garbage_Classification_Organized\garbage_dataset_20260624_110735\test\有害\有害_0189.jpg,有害_0189.jpg,有害_0189.jpg,558,558,RGB,68892,,success,
2026-06-24 11:07:38,有害,test,D:\Garbage Classification\Garbage_Classification_Organized\dataset\有害\有害3.jpg,D:\Garbage Classification\Garbage_Classification_Organized\garbage_dataset_20260624_110735\test\有害\有害3.jpg,有害3.jpg,有害3.jpg,177,207,RGB,15617,,success,
2026-06-24 11:07:38,有害,test,D:\Garbage Classification\Garbage_Classification_Organized\dataset\有害\有害131.jpg,D:\Garbage Classification\Garbage_Classification_Organized\garbage_dataset_20260624_110735\test\有害\有害131.jpg,有害131.jpg,有害131.jpg,1280,720,RGB,80531,,success,
2026-06-24 11:07:38,有害,test,D:\Garbage Classification\Garbage_Classification_Organized\dataset\有害\有害262.jpg,D:\Garbage Classification\Garbage_Classification_Organized\garbage_dataset_20260624_110735\test\有害\有害262.jpg,有害262.jpg,有害262.jpg,1280,720,RGB,74416,,success,
2026-06-24 11:07:38,有害,test,D:\Garbage Classification\Garbage_Classification_Organized\dataset\有害\有害_0151.jpg,D:\Garbage Classification\Garbage_Classification_Organized\garbage_dataset_20260624_110735\test\有害\有害_0151.jpg,有害_0151.jpg,有害_0151.jpg,558,558,RGB,67229,,success,
2026-06-24 11:07:38,有害,test,D:\Garbage Classification\Garbage_Classification_Organized\dataset\有害\有害_0073.jpg,D:\Garbage Classification\Garbage_Classification_Organized\garbage_dataset_20260624_110735\test\有害\有害_0073.jpg,有害_0073.jpg,有害_0073.jpg,558,558,RGB,52548,,success,
2026-06-24 11:07:38,有害,test,D:\Garbage Classification\Garbage_Classification_Organized\dataset\有害\有害_0169.jpg,D:\Garbage Classification\Garbage_Classification_Organized\garbage_dataset_20260624_110735\test\有害\有害_0169.jpg,有害_0169.jpg,有害_0169.jpg,558,558,RGB,65045,,success,
2026-06-24 11:07:38,有害,test,D:\Garbage Classification\Garbage_Classification_Organized\dataset\有害\有害_0007.jpg,D:\Garbage Classification\Garbage_Classification_Organized\garbage_dataset_20260624_110735\test\有害\有害_0007.jpg,有害_0007.jpg,有害_0007.jpg,558,558,RGB,51927,,success,
2026-06-24 11:07:38,有害,test,D:\Garbage Classification\Garbage_Classification_Organized\dataset\有害\有害78.jpg,D:\Garbage Classification\Garbage_Classification_Organized\garbage_dataset_20260624_110735\test\有害\有害78.jpg,有害78.jpg,有害78.jpg,1280,720,RGB,84161,,success,
2026-06-24 11:07:38,有害,test,D:\Garbage Classification\Garbage_Classification_Organized\dataset\有害\有害204.jpg,D:\Garbage Classification\Garbage_Classification_Organized\garbage_dataset_20260624_110735\test\有害\有害204.jpg,有害204.jpg,有害204.jpg,1280,720,RGB,68689,,success,
2026-06-24 11:07:38,有害,test,D:\Garbage Classification\Garbage_Classification_Organized\dataset\有害\有害_0094.jpg,D:\Garbage Classification\Garbage_Classification_Organized\garbage_dataset_20260624_110735\test\有害\有害_0094.jpg,有害_0094.jpg,有害_0094.jpg,558,558,RGB,52617,,success,
2026-06-24 11:07:38,有害,test,D:\Garbage Classification\Garbage_Classification_Organized\dataset\有害\有害92.jpg,D:\Garbage Classification\Garbage_Classification_Organized\garbage_dataset_20260624_110735\test\有害\有害92.jpg,有害92.jpg,有害92.jpg,1280,720,RGB,82945,,success,
2026-06-24 11:07:38,有害,test,D:\Garbage Classification\Garbage_Classification_Organized\dataset\有害\有害274.jpg,D:\Garbage Classification\Garbage_Classification_Organized\garbage_dataset_20260624_110735\test\有害\有害274.jpg,有害274.jpg,有害274.jpg,1280,720,RGB,87506,,success,
2026-06-24 11:07:38,有害,test,D:\Garbage Classification\Garbage_Classification_Organized\dataset\有害\有害159.jpg,D:\Garbage Classification\Garbage_Classification_Organized\garbage_dataset_20260624_110735\test\有害\有害159.jpg,有害159.jpg,有害159.jpg,1280,720,RGB,75248,,success,
2026-06-24 11:07:38,有害,test,D:\Garbage Classification\Garbage_Classification_Organized\dataset\有害\有害18.jpg,D:\Garbage Classification\Garbage_Classification_Organized\garbage_dataset_20260624_110735\test\有害\有害18.jpg,有害18.jpg,有害18.jpg,103,138,RGB,6246,,success,
2026-06-24 11:07:38,有害,test,D:\Garbage Classification\Garbage_Classification_Organized\dataset\有害\有害_0311.jpg,D:\Garbage Classification\Garbage_Classification_Organized\garbage_dataset_20260624_110735\test\有害\有害_0311.jpg,有害_0311.jpg,有害_0311.jpg,558,558,RGB,53019,,success,
2026-06-24 11:07:38,有害,test,D:\Garbage Classification\Garbage_Classification_Organized\dataset\有害\有害_0283.jpg,D:\Garbage Classification\Garbage_Classification_Organized\garbage_dataset_20260624_110735\test\有害\有害_0283.jpg,有害_0283.jpg,有害_0283.jpg,558,558,RGB,52199,,success,
2026-06-24 11:07:38,有害,test,D:\Garbage Classification\Garbage_Classification_Organized\dataset\有害\有害_0298.jpg,D:\Garbage Classification\Garbage_Classification_Organized\garbage_dataset_20260624_110735\test\有害\有害_0298.jpg,有害_0298.jpg,有害_0298.jpg,558,558,RGB,52167,,success,
2026-06-24 11:07:38,有害,test,D:\Garbage Classification\Garbage_Classification_Organized\dataset\有害\有害209.jpg,D:\Garbage Classification\Garbage_Classification_Organized\garbage_dataset_20260624_110735\test\有害\有害209.jpg,有害209.jpg,有害209.jpg,1280,720,RGB,72651,,success,
2026-06-24 11:07:38,有害,test,D:\Garbage Classification\Garbage_Classification_Organized\dataset\有害\有害_0064.jpg,D:\Garbage Classification\Garbage_Classification_Organized\garbage_dataset_20260624_110735\test\有害\有害_0064.jpg,有害_0064.jpg,有害_0064.jpg,558,558,RGB,56331,,success,
2026-06-24 11:07:38,有害,test,D:\Garbage Classification\Garbage_Classification_Organized\dataset\有害\有害_0017.jpg,D:\Garbage Classification\Garbage_Classification_Organized\garbage_dataset_20260624_110735\test\有害\有害_0017.jpg,有害_0017.jpg,有害_0017.jpg,558,558,RGB,50334,,success,
2026-06-24 11:07:38,有害,test,D:\Garbage Classification\Garbage_Classification_Organized\dataset\有害\有害82.jpg,D:\Garbage Classification\Garbage_Classification_Organized\garbage_dataset_20260624_110735\test\有害\有害82.jpg,有害82.jpg,有害82.jpg,1280,720,RGB,81827,,success,
2026-06-24 11:07:38,有害,test,D:\Garbage Classification\Garbage_Classification_Organized\dataset\有害\有害225.jpg,D:\Garbage Classification\Garbage_Classification_Organized\garbage_dataset_20260624_110735\test\有害\有害225.jpg,有害225.jpg,有害225.jpg,1280,720,RGB,77152,,success,
2026-06-24 11:07:38,有害,test,D:\Garbage Classification\Garbage_Classification_Organized\dataset\有害\有害41.jpg,D:\Garbage Classification\Garbage_Classification_Organized\garbage_dataset_20260624_110735\test\有害\有害41.jpg,有害41.jpg,有害41.jpg,164,187,RGB,8523,,success,
2026-06-24 11:07:38,有害,test,D:\Garbage Classification\Garbage_Classification_Organized\dataset\有害\有害_0031.jpg,D:\Garbage Classification\Garbage_Classification_Organized\garbage_dataset_20260624_110735\test\有害\有害_0031.jpg,有害_0031.jpg,有害_0031.jpg,558,558,RGB,57175,,success,
2026-06-24 11:07:38,有害,test,D:\Garbage Classification\Garbage_Classification_Organized\dataset\有害\有害35.jpg,D:\Garbage Classification\Garbage_Classification_Organized\garbage_dataset_20260624_110735\test\有害\有害35.jpg,有害35.jpg,有害35.jpg,110,129,RGB,5443,,success,
2026-06-24 11:07:38,有害,test,D:\Garbage Classification\Garbage_Classification_Organized\dataset\有害\有害105.jpg,D:\Garbage Classification\Garbage_Classification_Organized\garbage_dataset_20260624_110735\test\有害\有害105.jpg,有害105.jpg,有害105.jpg,1280,720,RGB,86013,,success,
2026-06-24 11:07:38,有害,test,D:\Garbage Classification\Garbage_Classification_Organized\dataset\有害\有害15.jpg,D:\Garbage Classification\Garbage_Classification_Organized\garbage_dataset_20260624_110735\test\有害\有害15.jpg,有害15.jpg,有害15.jpg,246,161,RGB,11231,,success,
2026-06-24 11:07:38,有害,test,D:\Garbage Classification\Garbage_Classification_Organized\dataset\有害\有害_0141.jpg,D:\Garbage Classification\Garbage_Classification_Organized\garbage_dataset_20260624_110735\test\有害\有害_0141.jpg,有害_0141.jpg,有害_0141.jpg,558,558,RGB,52758,,success,
2026-06-24 11:07:38,有害,test,D:\Garbage Classification\Garbage_Classification_Organized\dataset\有害\有害5.jpg,D:\Garbage Classification\Garbage_Classification_Organized\garbage_dataset_20260624_110735\test\有害\有害5.jpg,有害5.jpg,有害5.jpg,208,127,RGB,12246,,success,
2026-06-24 11:07:38,有害,test,D:\Garbage Classification\Garbage_Classification_Organized\dataset\有害\有害140.jpg,D:\Garbage Classification\Garbage_Classification_Organized\garbage_dataset_20260624_110735\test\有害\有害140.jpg,有害140.jpg,有害140.jpg,1280,720,RGB,80467,,success,
2026-06-24 11:07:38,有害,test,D:\Garbage Classification\Garbage_Classification_Organized\dataset\有害\有害_0039.jpg,D:\Garbage Classification\Garbage_Classification_Organized\garbage_dataset_20260624_110735\test\有害\有害_0039.jpg,有害_0039.jpg,有害_0039.jpg,558,558,RGB,61291,,success,
2026-06-24 11:07:38,有害,test,D:\Garbage Classification\Garbage_Classification_Organized\dataset\有害\有害_0267.jpg,D:\Garbage Classification\Garbage_Classification_Organized\garbage_dataset_20260624_110735\test\有害\有害_0267.jpg,有害_0267.jpg,有害_0267.jpg,558,558,RGB,53528,,success,
2026-06-24 11:07:38,有害,test,D:\Garbage Classification\Garbage_Classification_Organized\dataset\有害\有害_0011.jpg,D:\Garbage Classification\Garbage_Classification_Organized\garbage_dataset_20260624_110735\test\有害\有害_0011.jpg,有害_0011.jpg,有害_0011.jpg,558,558,RGB,52899,,success,
2026-06-24 11:07:38,有害,test,D:\Garbage Classification\Garbage_Classification_Organized\dataset\有害\有害200.jpg,D:\Garbage Classification\Garbage_Classification_Organized\garbage_dataset_20260624_110735\test\有害\有害200.jpg,有害200.jpg,有害200.jpg,1280,720,RGB,75716,,success,
2026-06-24 11:07:38,有害,test,D:\Garbage Classification\Garbage_Classification_Organized\dataset\有害\有害_0187.jpg,D:\Garbage Classification\Garbage_Classification_Organized\garbage_dataset_20260624_110735\test\有害\有害_0187.jpg,有害_0187.jpg,有害_0187.jpg,558,558,RGB,73414,,success,
2026-06-24 11:07:38,有害,test,D:\Garbage Classification\Garbage_Classification_Organized\dataset\有害\有害_0087.jpg,D:\Garbage Classification\Garbage_Classification_Organized\garbage_dataset_20260624_110735\test\有害\有害_0087.jpg,有害_0087.jpg,有害_0087.jpg,558,558,RGB,57617,,success,
2026-06-24 11:07:38,有害,test,D:\Garbage Classification\Garbage_Classification_Organized\dataset\有害\有害203.jpg,D:\Garbage Classification\Garbage_Classification_Organized\garbage_dataset_20260624_110735\test\有害\有害203.jpg,有害203.jpg,有害203.jpg,1280,720,RGB,75388,,success,
2026-06-24 11:07:38,有害,test,D:\Garbage Classification\Garbage_Classification_Organized\dataset\有害\有害_0301.jpg,D:\Garbage Classification\Garbage_Classification_Organized\garbage_dataset_20260624_110735\test\有害\有害_0301.jpg,有害_0301.jpg,有害_0301.jpg,558,558,RGB,52410,,success,
2026-06-24 11:07:38,有害,test,D:\Garbage Classification\Garbage_Classification_Organized\dataset\有害\有害_0340.jpg,D:\Garbage Classification\Garbage_Classification_Organized\garbage_dataset_20260624_110735\test\有害\有害_0340.jpg,有害_0340.jpg,有害_0340.jpg,558,558,RGB,50957,,success,
2026-06-24 11:07:38,有害,test,D:\Garbage Classification\Garbage_Classification_Organized\dataset\有害\有害99.jpg,D:\Garbage Classification\Garbage_Classification_Organized\garbage_dataset_20260624_110735\test\有害\有害99.jpg,有害99.jpg,有害99.jpg,1280,720,RGB,84987,,success,
2026-06-24 11:07:38,有害,test,D:\Garbage Classification\Garbage_Classification_Organized\dataset\有害\有害_0167.jpg,D:\Garbage Classification\Garbage_Classification_Organized\garbage_dataset_20260624_110735\test\有害\有害_0167.jpg,有害_0167.jpg,有害_0167.jpg,558,558,RGB,72204,,success,
2026-06-24 11:07:38,有害,test,D:\Garbage Classification\Garbage_Classification_Organized\dataset\有害\有害_0204.jpg,D:\Garbage Classification\Garbage_Classification_Organized\garbage_dataset_20260624_110735\test\有害\有害_0204.jpg,有害_0204.jpg,有害_0204.jpg,558,558,RGB,70296,,success,
2026-06-24 11:07:38,有害,test,D:\Garbage Classification\Garbage_Classification_Organized\dataset\有害\有害_0265.jpg,D:\Garbage Classification\Garbage_Classification_Organized\garbage_dataset_20260624_110735\test\有害\有害_0265.jpg,有害_0265.jpg,有害_0265.jpg,558,558,RGB,53935,,success,
2026-06-24 11:07:38,有害,test,D:\Garbage Classification\Garbage_Classification_Organized\dataset\有害\有害_0179.jpg,D:\Garbage Classification\Garbage_Classification_Organized\garbage_dataset_20260624_110735\test\有害\有害_0179.jpg,有害_0179.jpg,有害_0179.jpg,558,558,RGB,69504,,success,
2026-06-24 11:07:38,有害,test,D:\Garbage Classification\Garbage_Classification_Organized\dataset\有害\有害_0205.jpg,D:\Garbage Classification\Garbage_Classification_Organized\garbage_dataset_20260624_110735\test\有害\有害_0205.jpg,有害_0205.jpg,有害_0205.jpg,558,558,RGB,71396,,success,
2026-06-24 11:07:38,有害,test,D:\Garbage Classification\Garbage_Classification_Organized\dataset\有害\有害98.jpg,D:\Garbage Classification\Garbage_Classification_Organized\garbage_dataset_20260624_110735\test\有害\有害98.jpg,有害98.jpg,有害98.jpg,1280,720,RGB,86698,,success,
2026-06-24 11:07:38,有害,test,D:\Garbage Classification\Garbage_Classification_Organized\dataset\有害\有害174.jpg,D:\Garbage Classification\Garbage_Classification_Organized\garbage_dataset_20260624_110735\test\有害\有害174.jpg,有害174.jpg,有害174.jpg,1280,720,RGB,86577,,success,
2026-06-24 11:07:38,有害,test,D:\Garbage Classification\Garbage_Classification_Organized\dataset\有害\有害144.jpg,D:\Garbage Classification\Garbage_Classification_Organized\garbage_dataset_20260624_110735\test\有害\有害144.jpg,有害144.jpg,有害144.jpg,1280,720,RGB,74938,,success,
2026-06-24 11:07:38,有害,test,D:\Garbage Classification\Garbage_Classification_Organized\dataset\有害\有害_0334.jpg,D:\Garbage Classification\Garbage_Classification_Organized\garbage_dataset_20260624_110735\test\有害\有害_0334.jpg,有害_0334.jpg,有害_0334.jpg,558,558,RGB,50966,,success,
2026-06-24 11:07:38,有害,test,D:\Garbage Classification\Garbage_Classification_Organized\dataset\有害\有害242.jpg,D:\Garbage Classification\Garbage_Classification_Organized\garbage_dataset_20260624_110735\test\有害\有害242.jpg,有害242.jpg,有害242.jpg,1280,720,RGB,74404,,success,
2026-06-24 11:07:38,有害,test,D:\Garbage Classification\Garbage_Classification_Organized\dataset\有害\有害147.jpg,D:\Garbage Classification\Garbage_Classification_Organized\garbage_dataset_20260624_110735\test\有害\有害147.jpg,有害147.jpg,有害147.jpg,1280,720,RGB,75119,,success,
2026-06-24 11:07:38,有害,test,D:\Garbage Classification\Garbage_Classification_Organized\dataset\有害\有害177.jpg,D:\Garbage Classification\Garbage_Classification_Organized\garbage_dataset_20260624_110735\test\有害\有害177.jpg,有害177.jpg,有害177.jpg,1280,720,RGB,87096,,success,
2026-06-24 11:07:38,有害,test,D:\Garbage Classification\Garbage_Classification_Organized\dataset\有害\有害_0060.jpg,D:\Garbage Classification\Garbage_Classification_Organized\garbage_dataset_20260624_110735\test\有害\有害_0060.jpg,有害_0060.jpg,有害_0060.jpg,558,558,RGB,52872,,success,
2026-06-24 11:07:38,有害,test,D:\Garbage Classification\Garbage_Classification_Organized\dataset\有害\有害_0043.jpg,D:\Garbage Classification\Garbage_Classification_Organized\garbage_dataset_20260624_110735\test\有害\有害_0043.jpg,有害_0043.jpg,有害_0043.jpg,558,558,RGB,56197,,success,
2026-06-24 11:07:38,有害,test,D:\Garbage Classification\Garbage_Classification_Organized\dataset\有害\有害_0112.jpg,D:\Garbage Classification\Garbage_Classification_Organized\garbage_dataset_20260624_110735\test\有害\有害_0112.jpg,有害_0112.jpg,有害_0112.jpg,558,558,RGB,51673,,success,
2026-06-24 11:07:38,有害,test,D:\Garbage Classification\Garbage_Classification_Organized\dataset\有害\有害244.jpg,D:\Garbage Classification\Garbage_Classification_Organized\garbage_dataset_20260624_110735\test\有害\有害244.jpg,有害244.jpg,有害244.jpg,1280,720,RGB,72022,,success,
2026-06-24 11:07:38,有害,test,D:\Garbage Classification\Garbage_Classification_Organized\dataset\有害\有害_0083.jpg,D:\Garbage Classification\Garbage_Classification_Organized\garbage_dataset_20260624_110735\test\有害\有害_0083.jpg,有害_0083.jpg,有害_0083.jpg,558,558,RGB,55631,,success,
2026-06-24 11:07:38,有害,test,D:\Garbage Classification\Garbage_Classification_Organized\dataset\有害\有害_0220.jpg,D:\Garbage Classification\Garbage_Classification_Organized\garbage_dataset_20260624_110735\test\有害\有害_0220.jpg,有害_0220.jpg,有害_0220.jpg,558,558,RGB,69856,,success,
2026-06-24 11:07:38,有害,test,D:\Garbage Classification\Garbage_Classification_Organized\dataset\有害\有害_0172.jpg,D:\Garbage Classification\Garbage_Classification_Organized\garbage_dataset_20260624_110735\test\有害\有害_0172.jpg,有害_0172.jpg,有害_0172.jpg,558,558,RGB,64419,,success,
2026-06-24 11:07:38,有害,test,D:\Garbage Classification\Garbage_Classification_Organized\dataset\有害\有害_0119.jpg,D:\Garbage Classification\Garbage_Classification_Organized\garbage_dataset_20260624_110735\test\有害\有害_0119.jpg,有害_0119.jpg,有害_0119.jpg,558,558,RGB,53520,,success,
2026-06-24 11:07:38,有害,test,D:\Garbage Classification\Garbage_Classification_Organized\dataset\有害\有害45.jpg,D:\Garbage Classification\Garbage_Classification_Organized\garbage_dataset_20260624_110735\test\有害\有害45.jpg,有害45.jpg,有害45.jpg,116,123,RGB,4944,,success,
2026-06-24 11:07:38,有害,test,D:\Garbage Classification\Garbage_Classification_Organized\dataset\有害\有害_0325.jpg,D:\Garbage Classification\Garbage_Classification_Organized\garbage_dataset_20260624_110735\test\有害\有害_0325.jpg,有害_0325.jpg,有害_0325.jpg,558,558,RGB,50686,,success,
2026-06-24 11:07:38,有害,test,D:\Garbage Classification\Garbage_Classification_Organized\dataset\有害\有害183.jpg,D:\Garbage Classification\Garbage_Classification_Organized\garbage_dataset_20260624_110735\test\有害\有害183.jpg,有害183.jpg,有害183.jpg,1280,720,RGB,76833,,success,
2026-06-24 11:07:38,有害,test,D:\Garbage Classification\Garbage_Classification_Organized\dataset\有害\有害127.jpg,D:\Garbage Classification\Garbage_Classification_Organized\garbage_dataset_20260624_110735\test\有害\有害127.jpg,有害127.jpg,有害127.jpg,1280,720,RGB,72876,,success,
2026-06-24 11:07:38,有害,test,D:\Garbage Classification\Garbage_Classification_Organized\dataset\有害\有害23.jpg,D:\Garbage Classification\Garbage_Classification_Organized\garbage_dataset_20260624_110735\test\有害\有害23.jpg,有害23.jpg,有害23.jpg,207,168,RGB,14117,,success,
2026-06-24 11:07:38,有害,test,D:\Garbage Classification\Garbage_Classification_Organized\dataset\有害\有害163.jpg,D:\Garbage Classification\Garbage_Classification_Organized\garbage_dataset_20260624_110735\test\有害\有害163.jpg,有害163.jpg,有害163.jpg,1280,720,RGB,70984,,success,
2026-06-24 11:07:38,有害,test,D:\Garbage Classification\Garbage_Classification_Organized\dataset\有害\有害_0148.jpg,D:\Garbage Classification\Garbage_Classification_Organized\garbage_dataset_20260624_110735\test\有害\有害_0148.jpg,有害_0148.jpg,有害_0148.jpg,558,558,RGB,67692,,success,
2026-06-24 11:07:38,有害,test,D:\Garbage Classification\Garbage_Classification_Organized\dataset\有害\有害230.jpg,D:\Garbage Classification\Garbage_Classification_Organized\garbage_dataset_20260624_110735\test\有害\有害230.jpg,有害230.jpg,有害230.jpg,1280,720,RGB,76569,,success,
2026-06-24 11:07:38,有害,test,D:\Garbage Classification\Garbage_Classification_Organized\dataset\有害\有害266.jpg,D:\Garbage Classification\Garbage_Classification_Organized\garbage_dataset_20260624_110735\test\有害\有害266.jpg,有害266.jpg,有害266.jpg,1280,720,RGB,79758,,success,
2026-06-24 11:07:38,有害,test,D:\Garbage Classification\Garbage_Classification_Organized\dataset\有害\有害104.jpg,D:\Garbage Classification\Garbage_Classification_Organized\garbage_dataset_20260624_110735\test\有害\有害104.jpg,有害104.jpg,有害104.jpg,1280,720,RGB,86613,,success,
